resource_key,pipeline_status,recommended_pool,review_reason_codes,render_status,render_image_path,tagger_status,tagger_policy_tag_scores_json,review_queue_kind
bangdream_001_2018_dog,classified,soft_review,"[""qualification_review"", ""variant_keyword:dog""]",rendered,src/data/deskpet/bangdream-rendered-resource-audit/rendered/bangdream_001_2018_dog.png,completed,"{""1girl"": 0.998254, ""2girls"": 0.000173, ""animal"": 0.000122, ""animal_focus"": 1e-06, ""bare_shoulders"": 0.003983, ""bikini"": 0.000205, ""bird"": 3.4e-05, ""cleavage"": 0.006286, ""corset"": 1e-05, ""crop_top"": 0.365477, ""dog"": 0.001859, ""faceless"": 1e-05, ""food_focus"": 0.0, ""garter_straps"": 0.000103, ""helmet"": 1.1e-05, ""lingerie"": 2e-06, ""looking_at_viewer"": 0.888105, ""mask"": 0.000112, ""midriff"": 0.761012, ""multiple_girls"": 0.000232, ""navel"": 0.909714, ""no_humans"": 6e-06, ""onsen"": 0.0, ""panties"": 0.000174, ""penguin"": 0.0, ""school_swimsuit"": 1.3e-05, ""solo"": 0.978552, ""swimsuit"": 0.000283, ""thighhighs"": 0.003035, ""underwear"": 0.000334}",visual_review
bangdream_001_2021af,classified,soft_review,"[""helmet"", ""qualification_review""]",rendered,src/data/deskpet/bangdream-rendered-resource-audit/rendered/bangdream_001_2021af.png,completed,"{""1girl"": 0.996674, ""2girls"": 0.000275, ""animal"": 0.000125, ""animal_focus"": 2e-06, ""bare_shoulders"": 0.000819, ""bikini"": 3.1e-05, ""bird"": 4.6e-05, ""cleavage"": 0.000534, ""corset"": 4.6e-05, ""crop_top"": 2.4e-05, ""dog"": 1.8e-05, ""faceless"": 4e-06, ""food_focus"": 0.0, ""garter_straps"": 9e-06, ""helmet"": 0.985223, ""lingerie"": 1e-06, ""looking_at_viewer"": 0.69501, ""mask"": 0.000292, ""midriff"": 0.000134, ""multiple_girls"": 0.000614, ""navel"": 0.000454, ""no_humans"": 1.2e-05, ""onsen"": 1e-06, ""panties"": 8.5e-05, ""penguin"": 2e-06, ""school_swimsuit"": 1e-06, ""solo"": 0.823588, ""swimsuit"": 8.1e-05, ""thighhighs"": 0.000721, ""underwear"": 0.000134}",visual_review
bangdream_001_birthday_2021,classified,soft_review,"[""garter_straps"", ""soft_review_tag""]",rendered,src/data/deskpet/bangdream-rendered-resource-audit/rendered/bangdream_001_birthday_2021.png,completed,"{""1girl"": 0.99747, ""2girls"": 0.000251, ""animal"": 2.2e-05, ""animal_focus"": 0.0, ""bare_shoulders"": 0.868895, ""bikini"": 5.2e-05, ""bird"": 2.1e-05, ""cleavage"": 0.005183, ""corset"": 0.002676, ""crop_top"": 5.6e-05, ""dog"": 1.5e-05, ""faceless"": 1.2e-05, ""food_focus"": 0.0, ""garter_straps"": 0.893932, ""helmet"": 6e-06, ""lingerie"": 1.3e-05, ""looking_at_viewer"": 0.863183, ""mask"": 1.6e-05, ""midriff"": 0.000133, ""multiple_girls"": 0.000273, ""navel"": 0.001455, ""no_humans"": 1.4e-05, ""onsen"": 0.0, ""panties"": 0.000118, ""penguin"": 1e-06, ""school_swimsuit"": 1.1e-05, ""solo"": 0.944426, ""swimsuit"": 0.000138, ""thighhighs"": 0.919719, ""underwear"": 0.000207}",visual_review
bangdream_001_chapter0_live,classified,soft_review,"[""navel"", ""soft_review_tag""]",rendered,src/data/deskpet/bangdream-rendered-resource-audit/rendered/bangdream_001_chapter0_live.png,completed,"{""1girl"": 0.998673, ""2girls"": 0.000241, ""animal"": 5e-05, ""animal_focus"": 0.0, ""bare_shoulders"": 0.078177, ""bikini"": 0.00021, ""bird"": 3.8e-05, ""cleavage"": 0.003171, ""corset"": 8e-06, ""crop_top"": 0.018691, ""dog"": 2.1e-05, ""faceless"": 1.7e-05, ""food_focus"": 0.0, ""garter_straps"": 7.9e-05, ""helmet"": 1.3e-05, ""lingerie"": 6e-06, ""looking_at_viewer"": 0.927473, ""mask"": 6.8e-05, ""midriff"": 0.170372, ""multiple_girls"": 0.00023, ""navel"": 0.542619, ""no_humans"": 5e-06, ""onsen"": 0.0, ""panties"": 0.000765, ""penguin"": 0.0, ""school_swimsuit"": 3e-06, ""solo"": 0.980341, ""swimsuit"": 0.000421, ""thighhighs"": 0.00162, ""underwear"": 0.002655}",visual_review
bangdream_001_delta,classified,soft_review,"[""midriff"", ""navel"", ""soft_review_tag""]",rendered,src/data/deskpet/bangdream-rendered-resource-audit/rendered/bangdream_001_delta.png,completed,"{""1girl"": 0.997645, ""2girls"": 0.000239, ""animal"": 1e-05, ""animal_focus"": 1e-06, ""bare_shoulders"": 0.221657, ""bikini"": 5.3e-05, ""bird"": 1.5e-05, ""cleavage"": 0.001152, ""corset"": 0.002449, ""crop_top"": 0.446892, ""dog"": 1.1e-05, ""faceless"": 6e-06, ""food_focus"": 0.0, ""garter_straps"": 0.000269, ""helmet"": 6e-05, ""lingerie"": 3e-06, ""looking_at_viewer"": 0.914827, ""mask"": 5.5e-05, ""midriff"": 0.773668, ""multiple_girls"": 0.000233, ""navel"": 0.966053, ""no_humans"": 1.7e-05, ""onsen"": 0.0, ""panties"": 0.000324, ""penguin"": 0.0, ""school_swimsuit"": 1e-05, ""solo"": 0.980063, ""swimsuit"": 0.000178, ""thighhighs"": 0.972019, ""underwear"": 0.000465}",visual_review
bangdream_001_dream_festival,classified,soft_review,"[""navel"", ""soft_review_tag""]",rendered,src/data/deskpet/bangdream-rendered-resource-audit/rendered/bangdream_001_dream_festival.png,completed,"{""1girl"": 0.998343, ""2girls"": 0.000139, ""animal"": 1.6e-05, ""animal_focus"": 0.0, ""bare_shoulders"": 0.523919, ""bikini"": 0.000344, ""bird"": 9e-06, ""cleavage"": 0.016018, ""corset"": 2.7e-05, ""crop_top"": 0.00436, ""dog"": 6e-06, ""faceless"": 7e-06, ""food_focus"": 0.0, ""garter_straps"": 0.015666, ""helmet"": 9.6e-05, ""lingerie"": 1e-05, ""looking_at_viewer"": 0.925867, ""mask"": 0.000255, ""midriff"": 0.286916, ""multiple_girls"": 0.000293, ""navel"": 0.736245, ""no_humans"": 5e-06, ""onsen"": 0.0, ""panties"": 0.001844, ""penguin"": 0.0, ""school_swimsuit"": 8e-06, ""solo"": 0.984598, ""swimsuit"": 0.000918, ""thighhighs"": 0.962678, ""underwear"": 0.003554}",visual_review
bangdream_001_dream_festival_2,classified,soft_review,"[""garter_straps"", ""soft_review_tag""]",rendered,src/data/deskpet/bangdream-rendered-resource-audit/rendered/bangdream_001_dream_festival_2.png,completed,"{""1girl"": 0.997752, ""2girls"": 0.000278, ""animal"": 3.2e-05, ""animal_focus"": 1e-06, ""bare_shoulders"": 0.133756, ""bikini"": 4.5e-05, ""bird"": 3e-05, ""cleavage"": 0.003875, ""corset"": 0.439712, ""crop_top"": 0.000541, ""dog"": 2.4e-05, ""faceless"": 6e-06, ""food_focus"": 1e-06, ""garter_straps"": 0.612106, ""helmet"": 5.5e-05, ""lingerie"": 1.3e-05, ""looking_at_viewer"": 0.863947, ""mask"": 7e-05, ""midriff"": 0.000573, ""multiple_girls"": 0.000285, ""navel"": 0.000878, ""no_humans"": 9e-06, ""onsen"": 0.0, ""panties"": 0.000229, ""penguin"": 1e-06, ""school_swimsuit"": 7e-06, ""solo"": 0.907895, ""swimsuit"": 0.000121, ""thighhighs"": 0.514777, ""underwear"": 0.000821}",visual_review
bangdream_001_live_default,classified,soft_review,"[""navel"", ""soft_review_tag""]",rendered,src/data/deskpet/bangdream-rendered-resource-audit/rendered/bangdream_001_live_default.png,completed,"{""1girl"": 0.998282, ""2girls"": 0.000111, ""animal"": 2.1e-05, ""animal_focus"": 0.0, ""bare_shoulders"": 0.466448, ""bikini"": 0.000224, ""bird"": 4.1e-05, ""cleavage"": 0.001008, ""corset"": 5.3e-05, ""crop_top"": 0.000698, ""dog"": 9e-06, ""faceless"": 1.2e-05, ""food_focus"": 0.0, ""garter_straps"": 0.000272, ""helmet"": 2.6e-05, ""lingerie"": 8e-06, ""looking_at_viewer"": 0.911339, ""mask"": 0.000111, ""midriff"": 0.034418, ""multiple_girls"": 0.000185, ""navel"": 0.944821, ""no_humans"": 1e-05, ""onsen"": 0.0, ""panties"": 0.001066, ""penguin"": 0.0, ""school_swimsuit"": 2.2e-05, ""solo"": 0.974404, ""swimsuit"": 0.000462, ""thighhighs"": 0.002505, ""underwear"": 0.001758}",visual_review
bangdream_001_live_event_04_r,classified,soft_review,"[""navel"", ""soft_review_tag""]",rendered,src/data/deskpet/bangdream-rendered-resource-audit/rendered/bangdream_001_live_event_04_r.png,completed,"{""1girl"": 0.997025, ""2girls"": 0.000229, ""animal"": 2.2e-05, ""animal_focus"": 0.0, ""bare_shoulders"": 0.441594, ""bikini"": 0.000486, ""bird"": 2.7e-05, ""cleavage"": 0.004898, ""corset"": 1.7e-05, ""crop_top"": 0.046559, ""dog"": 2.4e-05, ""faceless"": 4e-06, ""food_focus"": 1e-06, ""garter_straps"": 7e-05, ""helmet"": 1.1e-05, ""lingerie"": 2.7e-05, ""looking_at_viewer"": 0.869968, ""mask"": 0.000372, ""midriff"": 0.485328, ""multiple_girls"": 0.000332, ""navel"": 0.861181, ""no_humans"": 1.7e-05, ""onsen"": 0.0, ""panties"": 0.00107, ""penguin"": 0.0, ""school_swimsuit"": 5e-06, ""solo"": 0.946689, ""swimsuit"": 0.000728, ""thighhighs"": 0.001567, ""underwear"": 0.00896}",visual_review
bangdream_001_live_event_124_sr,classified,soft_review,"[""cleavage"", ""midriff"", ""navel"", ""soft_review_tag""]",rendered,src/data/deskpet/bangdream-rendered-resource-audit/rendered/bangdream_001_live_event_124_sr.png,completed,"{""1girl"": 0.998246, ""2girls"": 0.000253, ""animal"": 5.1e-05, ""animal_focus"": 0.0, ""bare_shoulders"": 0.620354, ""bikini"": 0.010628, ""bird"": 1.7e-05, ""cleavage"": 0.532621, ""corset"": 0.001103, ""crop_top"": 0.049804, ""dog"": 1.2e-05, ""faceless"": 5e-06, ""food_focus"": 0.0, ""garter_straps"": 0.004831, ""helmet"": 6e-06, ""lingerie"": 3.9e-05, ""looking_at_viewer"": 0.878039, ""mask"": 7e-05, ""midriff"": 0.539961, ""multiple_girls"": 0.00026, ""navel"": 0.921067, ""no_humans"": 6e-06, ""onsen"": 0.0, ""panties"": 0.001033, ""penguin"": 1e-06, ""school_swimsuit"": 1.6e-05, ""solo"": 0.969521, ""swimsuit"": 0.021066, ""thighhighs"": 0.002441, ""underwear"": 0.001794}",visual_review
bangdream_001_live_event_168_ssr,classified,soft_review,"[""cleavage"", ""garter_straps"", ""soft_review_tag""]",rendered,src/data/deskpet/bangdream-rendered-resource-audit/rendered/bangdream_001_live_event_168_ssr.png,completed,"{""1girl"": 0.997629, ""2girls"": 0.000245, ""animal"": 3.5e-05, ""animal_focus"": 0.0, ""bare_shoulders"": 0.17314, ""bikini"": 0.000149, ""bird"": 2.6e-05, ""cleavage"": 0.869901, ""corset"": 0.000428, ""crop_top"": 0.000279, ""dog"": 1.5e-05, ""faceless"": 1.3e-05, ""food_focus"": 0.0, ""garter_straps"": 0.872168, ""helmet"": 1.4e-05, ""lingerie"": 7e-06, ""looking_at_viewer"": 0.840534, ""mask"": 6.8e-05, ""midriff"": 0.000722, ""multiple_girls"": 0.000417, ""navel"": 0.001342, ""no_humans"": 4e-06, ""onsen"": 0.0, ""panties"": 0.000431, ""penguin"": 0.0, ""school_swimsuit"": 6e-06, ""solo"": 0.976376, ""swimsuit"": 0.000284, ""thighhighs"": 0.803131, ""underwear"": 0.001073}",visual_review
bangdream_001_live_event_217_ur,classified,soft_review,"[""garter_straps"", ""soft_review_tag""]",rendered,src/data/deskpet/bangdream-rendered-resource-audit/rendered/bangdream_001_live_event_217_ur.png,completed,"{""1girl"": 0.997864, ""2girls"": 0.000335, ""animal"": 2.6e-05, ""animal_focus"": 0.0, ""bare_shoulders"": 0.002074, ""bikini"": 1.7e-05, ""bird"": 9.2e-05, ""cleavage"": 0.000413, ""corset"": 0.000602, ""crop_top"": 0.000194, ""dog"": 3e-06, ""faceless"": 3e-06, ""food_focus"": 0.0, ""garter_straps"": 0.639633, ""helmet"": 5.4e-05, ""lingerie"": 1.4e-05, ""looking_at_viewer"": 0.922778, ""mask"": 5.5e-05, ""midriff"": 0.000203, ""multiple_girls"": 0.000391, ""navel"": 0.00057, ""no_humans"": 1e-05, ""onsen"": 0.0, ""panties"": 0.000222, ""penguin"": 0.0, ""school_swimsuit"": 1.2e-05, ""solo"": 0.976138, ""swimsuit"": 4.4e-05, ""thighhighs"": 0.971826, ""underwear"": 0.000522}",visual_review
bangdream_001_live_event_233_r,classified,soft_review,"[""crop_top"", ""midriff"", ""navel"", ""soft_review_tag""]",rendered,src/data/deskpet/bangdream-rendered-resource-audit/rendered/bangdream_001_live_event_233_r.png,completed,"{""1girl"": 0.998505, ""2girls"": 8.8e-05, ""animal"": 2.6e-05, ""animal_focus"": 0.0, ""bare_shoulders"": 0.328046, ""bikini"": 0.000147, ""bird"": 3.9e-05, ""cleavage"": 0.007478, ""corset"": 0.000312, ""crop_top"": 0.668521, ""dog"": 2.8e-05, ""faceless"": 5e-06, ""food_focus"": 0.0, ""garter_straps"": 0.000932, ""helmet"": 1.9e-05, ""lingerie"": 9e-06, ""looking_at_viewer"": 0.861204, ""mask"": 5.5e-05, ""midriff"": 0.906835, ""multiple_girls"": 0.000137, ""navel"": 0.84369, ""no_humans"": 7e-06, ""onsen"": 0.0, ""panties"": 0.000424, ""penguin"": 1e-06, ""school_swimsuit"": 1.1e-05, ""solo"": 0.978862, ""swimsuit"": 0.000317, ""thighhighs"": 0.005219, ""underwear"": 0.000824}",visual_review
bangdream_001_live_event_254_ssr,classified,soft_review,"[""cleavage"", ""garter_straps"", ""soft_review_tag""]",rendered,src/data/deskpet/bangdream-rendered-resource-audit/rendered/bangdream_001_live_event_254_ssr.png,completed,"{""1girl"": 0.998768, ""2girls"": 0.000152, ""animal"": 1.3e-05, ""animal_focus"": 0.0, ""bare_shoulders"": 0.524475, ""bikini"": 0.00011, ""bird"": 1.2e-05, ""cleavage"": 0.896601, ""corset"": 0.000102, ""crop_top"": 2.6e-05, ""dog"": 9e-06, ""faceless"": 6e-06, ""food_focus"": 0.0, ""garter_straps"": 0.882613, ""helmet"": 8e-06, ""lingerie"": 2.3e-05, ""looking_at_viewer"": 0.968521, ""mask"": 0.000141, ""midriff"": 0.000137, ""multiple_girls"": 0.000195, ""navel"": 0.000982, ""no_humans"": 5e-06, ""onsen"": 0.0, ""panties"": 0.00046, ""penguin"": 0.0, ""school_swimsuit"": 2e-06, ""solo"": 0.985396, ""swimsuit"": 0.000237, ""thighhighs"": 0.003597, ""underwear"": 0.001101}",visual_review
bangdream_001_live_event_270_ur,classified,soft_review,"[""garter_straps"", ""soft_review_tag""]",rendered,src/data/deskpet/bangdream-rendered-resource-audit/rendered/bangdream_001_live_event_270_ur.png,completed,"{""1girl"": 0.996986, ""2girls"": 0.000307, ""animal"": 6.3e-05, ""animal_focus"": 1e-06, ""bare_shoulders"": 0.645474, ""bikini"": 0.000135, ""bird"": 3.9e-05, ""cleavage"": 0.002179, ""corset"": 0.096722, ""crop_top"": 0.000268, ""dog"": 3.3e-05, ""faceless"": 9e-06, ""food_focus"": 0.0, ""garter_straps"": 0.885126, ""helmet"": 4.5e-05, ""lingerie"": 2.8e-05, ""looking_at_viewer"": 0.934735, ""mask"": 0.000126, ""midriff"": 0.000244, ""multiple_girls"": 0.000392, ""navel"": 0.000991, ""no_humans"": 7e-06, ""onsen"": 0.0, ""panties"": 0.000207, ""penguin"": 2e-06, ""school_swimsuit"": 2.4e-05, ""solo"": 0.948584, ""swimsuit"": 0.000318, ""thighhighs"": 0.415404, ""underwear"": 0.000788}",visual_review
bangdream_001_live_event_61_sr,classified,soft_review,"[""midriff"", ""navel"", ""soft_review_tag""]",rendered,src/data/deskpet/bangdream-rendered-resource-audit/rendered/bangdream_001_live_event_61_sr.png,completed,"{""1girl"": 0.996737, ""2girls"": 0.000345, ""animal"": 0.000132, ""animal_focus"": 1e-06, ""bare_shoulders"": 0.032671, ""bikini"": 0.000358, ""bird"": 0.000106, ""cleavage"": 0.019439, ""corset"": 8.2e-05, ""crop_top"": 0.218302, ""dog"": 3.1e-05, ""faceless"": 1.1e-05, ""food_focus"": 0.0, ""garter_straps"": 0.000422, ""helmet"": 1.8e-05, ""lingerie"": 1.7e-05, ""looking_at_viewer"": 0.891359, ""mask"": 0.000126, ""midriff"": 0.712818, ""multiple_girls"": 0.000387, ""navel"": 0.915411, ""no_humans"": 1.3e-05, ""onsen"": 0.0, ""panties"": 0.000299, ""penguin"": 2e-06, ""school_swimsuit"": 2.3e-05, ""solo"": 0.910622, ""swimsuit"": 0.000665, ""thighhighs"": 0.005053, ""underwear"": 0.001366}",visual_review
bangdream_001_live_event_92_sr,classified,soft_review,"[""navel"", ""soft_review_tag""]",rendered,src/data/deskpet/bangdream-rendered-resource-audit/rendered/bangdream_001_live_event_92_sr.png,completed,"{""1girl"": 0.997964, ""2girls"": 0.000209, ""animal"": 7.3e-05, ""animal_focus"": 1e-06, ""bare_shoulders"": 0.334924, ""bikini"": 0.000278, ""bird"": 6e-05, ""cleavage"": 0.039845, ""corset"": 0.000176, ""crop_top"": 0.000719, ""dog"": 1.4e-05, ""faceless"": 1.8e-05, ""food_focus"": 1e-06, ""garter_straps"": 0.000713, ""helmet"": 3e-05, ""lingerie"": 1.6e-05, ""looking_at_viewer"": 0.843085, ""mask"": 0.000124, ""midriff"": 0.185585, ""multiple_girls"": 0.000192, ""navel"": 0.818531, ""no_humans"": 2e-05, ""onsen"": 0.0, ""panties"": 0.000331, ""penguin"": 0.0, ""school_swimsuit"": 5e-06, ""solo"": 0.966108, ""swimsuit"": 0.000503, ""thighhighs"": 0.862227, ""underwear"": 0.002306}",visual_review
bangdream_001_live_sr_01,classified,soft_review,"[""crop_top"", ""midriff"", ""navel"", ""soft_review_tag""]",rendered,src/data/deskpet/bangdream-rendered-resource-audit/rendered/bangdream_001_live_sr_01.png,completed,"{""1girl"": 0.998622, ""2girls"": 0.000144, ""animal"": 2.9e-05, ""animal_focus"": 0.0, ""bare_shoulders"": 0.550134, ""bikini"": 0.000521, ""bird"": 1.4e-05, ""cleavage"": 0.425245, ""corset"": 1.1e-05, ""crop_top"": 0.870565, ""dog"": 3e-06, ""faceless"": 3e-06, ""food_focus"": 0.0, ""garter_straps"": 0.000257, ""helmet"": 2e-05, ""lingerie"": 6e-06, ""looking_at_viewer"": 0.942114, ""mask"": 0.000235, ""midriff"": 0.947848, ""multiple_girls"": 0.000233, ""navel"": 0.979258, ""no_humans"": 9e-06, ""onsen"": 0.0, ""panties"": 0.000591, ""penguin"": 0.0, ""school_swimsuit"": 6e-06, ""solo"": 0.97872, ""swimsuit"": 0.000945, ""thighhighs"": 0.948557, ""underwear"": 0.00267}",visual_review
bangdream_001_miku_romecin,classified,soft_review,"[""garter_straps"", ""soft_review_tag""]",rendered,src/data/deskpet/bangdream-rendered-resource-audit/rendered/bangdream_001_miku_romecin.png,completed,"{""1girl"": 0.997181, ""2girls"": 0.000396, ""animal"": 1.3e-05, ""animal_focus"": 0.0, ""bare_shoulders"": 0.517669, ""bikini"": 0.000136, ""bird"": 4.2e-05, ""cleavage"": 0.065202, ""corset"": 0.136348, ""crop_top"": 0.000332, ""dog"": 3e-06, ""faceless"": 1.2e-05, ""food_focus"": 0.0, ""garter_straps"": 0.911429, ""helmet"": 4.4e-05, ""lingerie"": 0.000992, ""looking_at_viewer"": 0.802848, ""mask"": 0.000188, ""midriff"": 0.0013, ""multiple_girls"": 0.000397, ""navel"": 0.003367, ""no_humans"": 8e-06, ""onsen"": 0.0, ""panties"": 0.000543, ""penguin"": 0.0, ""school_swimsuit"": 3e-06, ""solo"": 0.946953, ""swimsuit"": 0.000237, ""thighhighs"": 0.945133, ""underwear"": 0.062553}",visual_review
bangdream_001_popipa_fes,classified,soft_review,"[""navel"", ""soft_review_tag""]",rendered,src/data/deskpet/bangdream-rendered-resource-audit/rendered/bangdream_001_popipa_fes.png,completed,"{""1girl"": 0.998446, ""2girls"": 0.000177, ""animal"": 7.3e-05, ""animal_focus"": 1e-06, ""bare_shoulders"": 0.001991, ""bikini"": 0.000337, ""bird"": 4.8e-05, ""cleavage"": 0.002703, ""corset"": 7e-06, ""crop_top"": 0.012344, ""dog"": 1e-05, ""faceless"": 8e-06, ""food_focus"": 0.0, ""garter_straps"": 0.000617, ""helmet"": 5.6e-05, ""lingerie"": 1.6e-05, ""looking_at_viewer"": 0.922268, ""mask"": 7.1e-05, ""midriff"": 0.27853, ""multiple_girls"": 0.000233, ""navel"": 0.856385, ""no_humans"": 1e-05, ""onsen"": 0.0, ""panties"": 0.000513, ""penguin"": 1e-06, ""school_swimsuit"": 5e-06, ""solo"": 0.987944, ""swimsuit"": 0.000545, ""thighhighs"": 0.984689, ""underwear"": 0.001494}",visual_review
bangdream_002_2018_dog,classified,soft_review,"[""qualification_review"", ""variant_keyword:dog""]",rendered,src/data/deskpet/bangdream-rendered-resource-audit/rendered/bangdream_002_2018_dog.png,completed,"{""1girl"": 0.998243, ""2girls"": 9.1e-05, ""animal"": 5.3e-05, ""animal_focus"": 1e-06, ""bare_shoulders"": 0.00038, ""bikini"": 4.5e-05, ""bird"": 6.7e-05, ""cleavage"": 0.001199, ""corset"": 1.2e-05, ""crop_top"": 3.7e-05, ""dog"": 0.000267, ""faceless"": 3e-06, ""food_focus"": 0.0, ""garter_straps"": 9e-06, ""helmet"": 2.5e-05, ""lingerie"": 3e-06, ""looking_at_viewer"": 0.93114, ""mask"": 2.6e-05, ""midriff"": 2.3e-05, ""multiple_girls"": 0.000182, ""navel"": 0.000391, ""no_humans"": 5e-06, ""onsen"": 0.0, ""panties"": 0.000124, ""penguin"": 1e-06, ""school_swimsuit"": 1e-06, ""solo"": 0.989749, ""swimsuit"": 6.1e-05, ""thighhighs"": 0.001077, ""underwear"": 0.000256}",visual_review
bangdream_002_delta,classified,soft_review,"[""crop_top"", ""midriff"", ""navel"", ""soft_review_tag""]",rendered,src/data/deskpet/bangdream-rendered-resource-audit/rendered/bangdream_002_delta.png,completed,"{""1girl"": 0.997852, ""2girls"": 0.000148, ""animal"": 2e-05, ""animal_focus"": 4e-06, ""bare_shoulders"": 0.689033, ""bikini"": 0.000168, ""bird"": 3.4e-05, ""cleavage"": 0.001989, ""corset"": 0.003458, ""crop_top"": 0.661891, ""dog"": 1.1e-05, ""faceless"": 1e-05, ""food_focus"": 0.0, ""garter_straps"": 0.000246, ""helmet"": 2e-05, ""lingerie"": 1.2e-05, ""looking_at_viewer"": 0.89738, ""mask"": 6.4e-05, ""midriff"": 0.713809, ""multiple_girls"": 0.000227, ""navel"": 0.944148, ""no_humans"": 2e-05, ""onsen"": 0.0, ""panties"": 0.002093, ""penguin"": 0.0, ""school_swimsuit"": 2e-06, ""solo"": 0.968148, ""swimsuit"": 0.000313, ""thighhighs"": 0.974652, ""underwear"": 0.002211}",visual_review
bangdream_002_dream_festival,classified,soft_review,"[""garter_straps"", ""navel"", ""soft_review_tag""]",rendered,src/data/deskpet/bangdream-rendered-resource-audit/rendered/bangdream_002_dream_festival.png,completed,"{""1girl"": 0.99814, ""2girls"": 0.000129, ""animal"": 3.1e-05, ""animal_focus"": 3e-06, ""bare_shoulders"": 0.260134, ""bikini"": 0.000274, ""bird"": 3.9e-05, ""cleavage"": 0.003278, ""corset"": 2.2e-05, ""crop_top"": 0.01605, ""dog"": 5e-06, ""faceless"": 5e-06, ""food_focus"": 0.0, ""garter_straps"": 0.59051, ""helmet"": 6.5e-05, ""lingerie"": 2.2e-05, ""looking_at_viewer"": 0.877751, ""mask"": 8.7e-05, ""midriff"": 0.338545, ""multiple_girls"": 0.000164, ""navel"": 0.745199, ""no_humans"": 1.3e-05, ""onsen"": 0.0, ""panties"": 0.001517, ""penguin"": 0.0, ""school_swimsuit"": 6e-06, ""solo"": 0.982028, ""swimsuit"": 0.000499, ""thighhighs"": 0.595652, ""underwear"": 0.003971}",visual_review
bangdream_002_dream_festival_2,classified,soft_review,"[""garter_straps"", ""soft_review_tag""]",rendered,src/data/deskpet/bangdream-rendered-resource-audit/rendered/bangdream_002_dream_festival_2.png,completed,"{""1girl"": 0.996377, ""2girls"": 0.000324, ""animal"": 6.3e-05, ""animal_focus"": 2e-06, ""bare_shoulders"": 0.014851, ""bikini"": 8.5e-05, ""bird"": 5.9e-05, ""cleavage"": 0.000821, ""corset"": 0.639537, ""crop_top"": 0.000243, ""dog"": 3e-06, ""faceless"": 3e-06, ""food_focus"": 0.0, ""garter_straps"": 0.8602, ""helmet"": 2.1e-05, ""lingerie"": 4.3e-05, ""looking_at_viewer"": 0.769027, ""mask"": 7.4e-05, ""midriff"": 0.000327, ""multiple_girls"": 0.000404, ""navel"": 0.001273, ""no_humans"": 9e-06, ""onsen"": 1e-06, ""panties"": 0.000326, ""penguin"": 1e-06, ""school_swimsuit"": 2e-06, ""solo"": 0.947007, ""swimsuit"": 0.000187, ""thighhighs"": 0.595087, ""underwear"": 0.001308}",visual_review
bangdream_002_dream_festival_4_ur,classified,soft_review,"[""midriff"", ""navel"", ""soft_review_tag""]",rendered,src/data/deskpet/bangdream-rendered-resource-audit/rendered/bangdream_002_dream_festival_4_ur.png,completed,"{""1girl"": 0.997259, ""2girls"": 0.000102, ""animal"": 6.7e-05, ""animal_focus"": 2e-06, ""bare_shoulders"": 0.006448, ""bikini"": 0.000111, ""bird"": 1e-05, ""cleavage"": 0.002265, ""corset"": 0.000187, ""crop_top"": 0.480365, ""dog"": 1e-06, ""faceless"": 3e-06, ""food_focus"": 0.0, ""garter_straps"": 0.341677, ""helmet"": 1.9e-05, ""lingerie"": 0.000103, ""looking_at_viewer"": 0.961932, ""mask"": 2.5e-05, ""midriff"": 0.655201, ""multiple_girls"": 0.000148, ""navel"": 0.907686, ""no_humans"": 6e-06, ""onsen"": 0.0, ""panties"": 0.003159, ""penguin"": 0.0, ""school_swimsuit"": 0.0, ""solo"": 0.98827, ""swimsuit"": 8.6e-05, ""thighhighs"": 0.981045, ""underwear"": 0.048474}",visual_review
bangdream_002_live_event_160_r,classified,soft_review,"[""midriff"", ""navel"", ""soft_review_tag""]",rendered,src/data/deskpet/bangdream-rendered-resource-audit/rendered/bangdream_002_live_event_160_r.png,completed,"{""1girl"": 0.998853, ""2girls"": 7.7e-05, ""animal"": 1.5e-05, ""animal_focus"": 0.0, ""bare_shoulders"": 0.026492, ""bikini"": 0.342003, ""bird"": 5.7e-05, ""cleavage"": 0.008557, ""corset"": 6.6e-05, ""crop_top"": 0.338995, ""dog"": 1e-06, ""faceless"": 1e-06, ""food_focus"": 0.0, ""garter_straps"": 0.000238, ""helmet"": 1.1e-05, ""lingerie"": 8e-06, ""looking_at_viewer"": 0.94749, ""mask"": 9.5e-05, ""midriff"": 0.608187, ""multiple_girls"": 0.000108, ""navel"": 0.953275, ""no_humans"": 2e-06, ""onsen"": 0.0, ""panties"": 0.000466, ""penguin"": 0.0, ""school_swimsuit"": 3e-06, ""solo"": 0.984246, ""swimsuit"": 0.299787, ""thighhighs"": 0.001608, ""underwear"": 0.002977}",visual_review
bangdream_002_live_event_168_sr,classified,soft_review,"[""midriff"", ""soft_review_tag""]",rendered,src/data/deskpet/bangdream-rendered-resource-audit/rendered/bangdream_002_live_event_168_sr.png,completed,"{""1girl"": 0.996773, ""2girls"": 0.000174, ""animal"": 8.8e-05, ""animal_focus"": 4e-06, ""bare_shoulders"": 0.005347, ""bikini"": 0.000179, ""bird"": 4.1e-05, ""cleavage"": 0.001972, ""corset"": 0.00033, ""crop_top"": 0.111144, ""dog"": 5e-06, ""faceless"": 4e-06, ""food_focus"": 0.0, ""garter_straps"": 0.023674, ""helmet"": 1.2e-05, ""lingerie"": 6e-06, ""looking_at_viewer"": 0.931342, ""mask"": 3e-05, ""midriff"": 0.67468, ""multiple_girls"": 0.000308, ""navel"": 0.20957, ""no_humans"": 6e-06, ""onsen"": 1e-06, ""panties"": 0.000506, ""penguin"": 1e-06, ""school_swimsuit"": 3e-06, ""solo"": 0.948248, ""swimsuit"": 0.000201, ""thighhighs"": 0.938563, ""underwear"": 0.001205}",visual_review
bangdream_002_live_event_22_sr,classified,soft_review,"[""midriff"", ""navel"", ""soft_review_tag""]",rendered,src/data/deskpet/bangdream-rendered-resource-audit/rendered/bangdream_002_live_event_22_sr.png,completed,"{""1girl"": 0.998683, ""2girls"": 0.000111, ""animal"": 6.4e-05, ""animal_focus"": 1e-06, ""bare_shoulders"": 0.052305, ""bikini"": 0.000265, ""bird"": 2.5e-05, ""cleavage"": 0.000784, ""corset"": 7e-06, ""crop_top"": 0.427215, ""dog"": 3e-06, ""faceless"": 1e-06, ""food_focus"": 0.0, ""garter_straps"": 1e-05, ""helmet"": 2.6e-05, ""lingerie"": 2e-06, ""looking_at_viewer"": 0.820296, ""mask"": 3.4e-05, ""midriff"": 0.921066, ""multiple_girls"": 0.000173, ""navel"": 0.938817, ""no_humans"": 2e-06, ""onsen"": 0.0, ""panties"": 0.000271, ""penguin"": 0.0, ""school_swimsuit"": 3e-06, ""solo"": 0.942047, ""swimsuit"": 0.000376, ""thighhighs"": 0.000699, ""underwear"": 0.00112}",visual_review
bangdream_002_live_event_233_ssr,classified,soft_review,"[""crop_top"", ""midriff"", ""navel"", ""soft_review_tag""]",rendered,src/data/deskpet/bangdream-rendered-resource-audit/rendered/bangdream_002_live_event_233_ssr.png,completed,"{""1girl"": 0.998023, ""2girls"": 0.000142, ""animal"": 5.9e-05, ""animal_focus"": 1e-06, ""bare_shoulders"": 0.189721, ""bikini"": 0.000107, ""bird"": 4.3e-05, ""cleavage"": 0.001538, ""corset"": 5e-05, ""crop_top"": 0.848786, ""dog"": 2e-06, ""faceless"": 1e-06, ""food_focus"": 0.0, ""garter_straps"": 0.00157, ""helmet"": 3.8e-05, ""lingerie"": 1.3e-05, ""looking_at_viewer"": 0.850102, ""mask"": 5.7e-05, ""midriff"": 0.889451, ""multiple_girls"": 0.000189, ""navel"": 0.790891, ""no_humans"": 5e-06, ""onsen"": 0.0, ""panties"": 0.000166, ""penguin"": 2e-06, ""school_swimsuit"": 2e-06, ""solo"": 0.969251, ""swimsuit"": 0.000194, ""thighhighs"": 0.969248, ""underwear"": 0.000872}",visual_review
bangdream_002_live_event_271_ur,classified,soft_review,"[""garter_straps"", ""soft_review_tag""]",rendered,src/data/deskpet/bangdream-rendered-resource-audit/rendered/bangdream_002_live_event_271_ur.png,completed,"{""1girl"": 0.997854, ""2girls"": 0.000147, ""animal"": 3.6e-05, ""animal_focus"": 0.0, ""bare_shoulders"": 0.00557, ""bikini"": 4.1e-05, ""bird"": 1.1e-05, ""cleavage"": 0.000149, ""corset"": 0.00012, ""crop_top"": 0.000976, ""dog"": 0.0, ""faceless"": 2e-06, ""food_focus"": 0.0, ""garter_straps"": 0.902455, ""helmet"": 1.9e-05, ""lingerie"": 6e-06, ""looking_at_viewer"": 0.869599, ""mask"": 2.7e-05, ""midriff"": 0.000535, ""multiple_girls"": 0.000215, ""navel"": 0.000368, ""no_humans"": 4e-06, ""onsen"": 0.0, ""panties"": 0.000148, ""penguin"": 0.0, ""school_swimsuit"": 1e-06, ""solo"": 0.978331, ""swimsuit"": 0.000107, ""thighhighs"": 0.944607, ""underwear"": 0.000324}",visual_review
bangdream_002_live_event_317_r,classified,soft_review,"[""garter_straps"", ""soft_review_tag""]",rendered,src/data/deskpet/bangdream-rendered-resource-audit/rendered/bangdream_002_live_event_317_r.png,completed,"{""1girl"": 0.998163, ""2girls"": 0.000239, ""animal"": 3.6e-05, ""animal_focus"": 1e-06, ""bare_shoulders"": 0.003398, ""bikini"": 5.2e-05, ""bird"": 2.5e-05, ""cleavage"": 0.000597, ""corset"": 1.2e-05, ""crop_top"": 2.7e-05, ""dog"": 5e-06, ""faceless"": 4e-06, ""food_focus"": 0.0, ""garter_straps"": 0.879544, ""helmet"": 2.6e-05, ""lingerie"": 1.3e-05, ""looking_at_viewer"": 0.803817, ""mask"": 8.8e-05, ""midriff"": 0.000299, ""multiple_girls"": 0.000306, ""navel"": 0.000517, ""no_humans"": 1.4e-05, ""onsen"": 1e-06, ""panties"": 0.000198, ""penguin"": 6e-06, ""school_swimsuit"": 7e-06, ""solo"": 0.942563, ""swimsuit"": 0.000158, ""thighhighs"": 0.942953, ""underwear"": 0.000286}",visual_review
bangdream_002_live_event_61_r,classified,soft_review,"[""midriff"", ""navel"", ""soft_review_tag""]",rendered,src/data/deskpet/bangdream-rendered-resource-audit/rendered/bangdream_002_live_event_61_r.png,completed,"{""1girl"": 0.998529, ""2girls"": 0.000154, ""animal"": 3.6e-05, ""animal_focus"": 0.0, ""bare_shoulders"": 0.351835, ""bikini"": 0.000791, ""bird"": 1.6e-05, ""cleavage"": 0.001914, ""corset"": 6.1e-05, ""crop_top"": 0.206726, ""dog"": 9e-06, ""faceless"": 3e-06, ""food_focus"": 0.0, ""garter_straps"": 0.001215, ""helmet"": 1e-05, ""lingerie"": 2e-06, ""looking_at_viewer"": 0.912579, ""mask"": 2.5e-05, ""midriff"": 0.530831, ""multiple_girls"": 0.000205, ""navel"": 0.917989, ""no_humans"": 2e-06, ""onsen"": 0.0, ""panties"": 0.000562, ""penguin"": 1e-06, ""school_swimsuit"": 8e-06, ""solo"": 0.9708, ""swimsuit"": 0.000978, ""thighhighs"": 0.003908, ""underwear"": 0.001031}",visual_review
bangdream_002_live_r_2018,classified,soft_review,"[""crop_top"", ""soft_review_tag""]",rendered,src/data/deskpet/bangdream-rendered-resource-audit/rendered/bangdream_002_live_r_2018.png,completed,"{""1girl"": 0.998414, ""2girls"": 9.1e-05, ""animal"": 1.6e-05, ""animal_focus"": 0.0, ""bare_shoulders"": 0.051671, ""bikini"": 0.000673, ""bird"": 2.2e-05, ""cleavage"": 0.002637, ""corset"": 1.5e-05, ""crop_top"": 0.741507, ""dog"": 2e-06, ""faceless"": 1e-06, ""food_focus"": 0.0, ""garter_straps"": 0.000331, ""helmet"": 5e-06, ""lingerie"": 5e-06, ""looking_at_viewer"": 0.873197, ""mask"": 7.1e-05, ""midriff"": 0.375984, ""multiple_girls"": 0.000141, ""navel"": 0.024992, ""no_humans"": 5e-06, ""onsen"": 0.0, ""panties"": 0.000373, ""penguin"": 0.0, ""school_swimsuit"": 9e-06, ""solo"": 0.979756, ""swimsuit"": 0.003186, ""thighhighs"": 0.001997, ""underwear"": 0.000993}",visual_review
bangdream_002_live_sr_01,classified,soft_review,"[""midriff"", ""navel"", ""soft_review_tag""]",rendered,src/data/deskpet/bangdream-rendered-resource-audit/rendered/bangdream_002_live_sr_01.png,completed,"{""1girl"": 0.997328, ""2girls"": 0.000173, ""animal"": 1.9e-05, ""animal_focus"": 2e-06, ""bare_shoulders"": 0.30489, ""bikini"": 0.000268, ""bird"": 3e-05, ""cleavage"": 0.040213, ""corset"": 4e-06, ""crop_top"": 0.469144, ""dog"": 1e-06, ""faceless"": 6e-06, ""food_focus"": 0.0, ""garter_straps"": 8.5e-05, ""helmet"": 2.4e-05, ""lingerie"": 5e-06, ""looking_at_viewer"": 0.846178, ""mask"": 6.3e-05, ""midriff"": 0.804821, ""multiple_girls"": 0.000236, ""navel"": 0.917613, ""no_humans"": 1.2e-05, ""onsen"": 0.0, ""panties"": 0.000393, ""penguin"": 0.0, ""school_swimsuit"": 4e-06, ""solo"": 0.940016, ""swimsuit"": 0.000607, ""thighhighs"": 0.841365, ""underwear"": 0.001025}",visual_review
bangdream_002_miku_romecin,classified,soft_review,"[""garter_straps"", ""soft_review_tag""]",rendered,src/data/deskpet/bangdream-rendered-resource-audit/rendered/bangdream_002_miku_romecin.png,completed,"{""1girl"": 0.998664, ""2girls"": 0.000196, ""animal"": 3.3e-05, ""animal_focus"": 1e-06, ""bare_shoulders"": 0.085778, ""bikini"": 0.000243, ""bird"": 0.000191, ""cleavage"": 0.00767, ""corset"": 0.59786, ""crop_top"": 0.00033, ""dog"": 3e-06, ""faceless"": 3e-06, ""food_focus"": 0.0, ""garter_straps"": 0.977573, ""helmet"": 1.2e-05, ""lingerie"": 0.000102, ""looking_at_viewer"": 0.861568, ""mask"": 8.1e-05, ""midriff"": 0.001397, ""multiple_girls"": 0.000249, ""navel"": 0.002939, ""no_humans"": 3e-06, ""onsen"": 0.0, ""panties"": 0.001724, ""penguin"": 1e-06, ""school_swimsuit"": 2e-06, ""solo"": 0.988953, ""swimsuit"": 0.000354, ""thighhighs"": 0.949556, ""underwear"": 0.007814}",visual_review
bangdream_003_2018_dog,classified,soft_review,"[""qualification_review"", ""variant_keyword:dog""]",rendered,src/data/deskpet/bangdream-rendered-resource-audit/rendered/bangdream_003_2018_dog.png,completed,"{""1girl"": 0.997666, ""2girls"": 0.000179, ""animal"": 0.000571, ""animal_focus"": 5e-06, ""bare_shoulders"": 0.005182, ""bikini"": 0.000416, ""bird"": 2.2e-05, ""cleavage"": 0.007846, ""corset"": 3e-06, ""crop_top"": 0.136609, ""dog"": 0.000919, ""faceless"": 1e-05, ""food_focus"": 0.0, ""garter_straps"": 0.000128, ""helmet"": 8e-06, ""lingerie"": 4e-06, ""looking_at_viewer"": 0.905112, ""mask"": 9.3e-05, ""midriff"": 0.644377, ""multiple_girls"": 0.000383, ""navel"": 0.95031, ""no_humans"": 5e-06, ""onsen"": 1e-06, ""panties"": 0.000345, ""penguin"": 0.0, ""school_swimsuit"": 4.5e-05, ""solo"": 0.977246, ""swimsuit"": 0.000825, ""thighhighs"": 0.005589, ""underwear"": 0.000552}",visual_review
bangdream_003_delta,classified,soft_review,"[""midriff"", ""navel"", ""soft_review_tag""]",rendered,src/data/deskpet/bangdream-rendered-resource-audit/rendered/bangdream_003_delta.png,completed,"{""1girl"": 0.998012, ""2girls"": 0.000121, ""animal"": 8e-06, ""animal_focus"": 3e-06, ""bare_shoulders"": 0.199084, ""bikini"": 0.000142, ""bird"": 8e-06, ""cleavage"": 0.000462, ""corset"": 0.000244, ""crop_top"": 0.017186, ""dog"": 1e-05, ""faceless"": 5e-06, ""food_focus"": 0.0, ""garter_straps"": 3.9e-05, ""helmet"": 6e-06, ""lingerie"": 1e-06, ""looking_at_viewer"": 0.915276, ""mask"": 2e-05, ""midriff"": 0.7028, ""multiple_girls"": 0.000193, ""navel"": 0.959642, ""no_humans"": 8e-06, ""onsen"": 0.0, ""panties"": 0.000223, ""penguin"": 0.0, ""school_swimsuit"": 2e-06, ""solo"": 0.988033, ""swimsuit"": 0.000232, ""thighhighs"": 0.917234, ""underwear"": 0.000256}",visual_review
bangdream_003_dream_festival,classified,soft_review,"[""garter_straps"", ""navel"", ""soft_review_tag""]",rendered,src/data/deskpet/bangdream-rendered-resource-audit/rendered/bangdream_003_dream_festival.png,completed,"{""1girl"": 0.996887, ""2girls"": 0.000155, ""animal"": 1.2e-05, ""animal_focus"": 1e-06, ""bare_shoulders"": 0.251728, ""bikini"": 0.000208, ""bird"": 2.9e-05, ""cleavage"": 0.007625, ""corset"": 4.8e-05, ""crop_top"": 0.018195, ""dog"": 7e-06, ""faceless"": 8e-06, ""food_focus"": 0.0, ""garter_straps"": 0.973574, ""helmet"": 5.4e-05, ""lingerie"": 5.5e-05, ""looking_at_viewer"": 0.85417, ""mask"": 0.000234, ""midriff"": 0.104175, ""multiple_girls"": 0.000361, ""navel"": 0.85577, ""no_humans"": 5e-06, ""onsen"": 0.0, ""panties"": 0.001114, ""penguin"": 0.0, ""school_swimsuit"": 1.2e-05, ""solo"": 0.979241, ""swimsuit"": 0.0007, ""thighhighs"": 0.903492, ""underwear"": 0.003136}",visual_review
bangdream_003_live_event_109_ssr,classified,soft_review,"[""garter_straps"", ""soft_review_tag""]",rendered,src/data/deskpet/bangdream-rendered-resource-audit/rendered/bangdream_003_live_event_109_ssr.png,completed,"{""1girl"": 0.996957, ""2girls"": 0.000325, ""animal"": 3.8e-05, ""animal_focus"": 5e-06, ""bare_shoulders"": 0.007689, ""bikini"": 0.000195, ""bird"": 3.1e-05, ""cleavage"": 0.012235, ""corset"": 0.001701, ""crop_top"": 9.2e-05, ""dog"": 4e-06, ""faceless"": 1.2e-05, ""food_focus"": 0.0, ""garter_straps"": 0.551559, ""helmet"": 2.8e-05, ""lingerie"": 4.2e-05, ""looking_at_viewer"": 0.84284, ""mask"": 0.000116, ""midriff"": 0.000323, ""multiple_girls"": 0.000315, ""navel"": 0.001049, ""no_humans"": 1.8e-05, ""onsen"": 1e-06, ""panties"": 0.000215, ""penguin"": 1e-06, ""school_swimsuit"": 1.4e-05, ""solo"": 0.975483, ""swimsuit"": 0.000245, ""thighhighs"": 0.670687, ""underwear"": 0.000363}",visual_review
bangdream_003_live_event_140_ssr,classified,soft_review,"[""garter_straps"", ""soft_review_tag""]",rendered,src/data/deskpet/bangdream-rendered-resource-audit/rendered/bangdream_003_live_event_140_ssr.png,completed,"{""1girl"": 0.997565, ""2girls"": 0.000188, ""animal"": 3.5e-05, ""animal_focus"": 2e-06, ""bare_shoulders"": 0.683293, ""bikini"": 9.6e-05, ""bird"": 2.3e-05, ""cleavage"": 0.000988, ""corset"": 0.003366, ""crop_top"": 5.1e-05, ""dog"": 1.3e-05, ""faceless"": 3e-06, ""food_focus"": 0.0, ""garter_straps"": 0.920523, ""helmet"": 1.2e-05, ""lingerie"": 1e-05, ""looking_at_viewer"": 0.844046, ""mask"": 3.2e-05, ""midriff"": 0.00031, ""multiple_girls"": 0.000202, ""navel"": 0.001041, ""no_humans"": 4e-06, ""onsen"": 0.0, ""panties"": 8.4e-05, ""penguin"": 2e-06, ""school_swimsuit"": 4e-06, ""solo"": 0.972815, ""swimsuit"": 0.000165, ""thighhighs"": 0.974497, ""underwear"": 0.000155}",visual_review
bangdream_003_live_event_168_ssr,classified,soft_review,"[""garter_straps"", ""soft_review_tag""]",rendered,src/data/deskpet/bangdream-rendered-resource-audit/rendered/bangdream_003_live_event_168_ssr.png,completed,"{""1girl"": 0.996454, ""2girls"": 0.000281, ""animal"": 2.7e-05, ""animal_focus"": 8e-06, ""bare_shoulders"": 0.250147, ""bikini"": 0.000149, ""bird"": 2.7e-05, ""cleavage"": 0.001503, ""corset"": 0.000199, ""crop_top"": 0.000155, ""dog"": 1.4e-05, ""faceless"": 7e-06, ""food_focus"": 0.0, ""garter_straps"": 0.618553, ""helmet"": 4e-06, ""lingerie"": 1e-05, ""looking_at_viewer"": 0.78685, ""mask"": 6.7e-05, ""midriff"": 0.000436, ""multiple_girls"": 0.000437, ""navel"": 0.001566, ""no_humans"": 4.9e-05, ""onsen"": 0.0, ""panties"": 0.000351, ""penguin"": 3e-06, ""school_swimsuit"": 7e-06, ""solo"": 0.954424, ""swimsuit"": 0.000256, ""thighhighs"": 0.819249, ""underwear"": 0.000428}",visual_review
bangdream_003_live_event_233_ur,classified,soft_review,"[""crop_top"", ""midriff"", ""soft_review_tag""]",rendered,src/data/deskpet/bangdream-rendered-resource-audit/rendered/bangdream_003_live_event_233_ur.png,completed,"{""1girl"": 0.998192, ""2girls"": 8.1e-05, ""animal"": 0.000143, ""animal_focus"": 2e-06, ""bare_shoulders"": 0.560951, ""bikini"": 9.8e-05, ""bird"": 5.9e-05, ""cleavage"": 0.001516, ""corset"": 0.00011, ""crop_top"": 0.694731, ""dog"": 5.6e-05, ""faceless"": 1e-06, ""food_focus"": 0.0, ""garter_straps"": 0.001397, ""helmet"": 2.2e-05, ""lingerie"": 1.2e-05, ""looking_at_viewer"": 0.924733, ""mask"": 3.1e-05, ""midriff"": 0.715812, ""multiple_girls"": 0.000125, ""navel"": 0.006384, ""no_humans"": 3e-06, ""onsen"": 0.0, ""panties"": 0.000219, ""penguin"": 4e-06, ""school_swimsuit"": 1.4e-05, ""solo"": 0.984547, ""swimsuit"": 0.000216, ""thighhighs"": 0.012792, ""underwear"": 0.000512}",visual_review
bangdream_003_live_event_270_ssr,classified,soft_review,"[""garter_straps"", ""soft_review_tag""]",rendered,src/data/deskpet/bangdream-rendered-resource-audit/rendered/bangdream_003_live_event_270_ssr.png,completed,"{""1girl"": 0.997455, ""2girls"": 0.000235, ""animal"": 5.4e-05, ""animal_focus"": 1e-05, ""bare_shoulders"": 0.001905, ""bikini"": 0.000107, ""bird"": 3.9e-05, ""cleavage"": 0.000429, ""corset"": 0.11058, ""crop_top"": 0.000155, ""dog"": 5.1e-05, ""faceless"": 3.2e-05, ""food_focus"": 0.0, ""garter_straps"": 0.5377, ""helmet"": 2.2e-05, ""lingerie"": 8e-06, ""looking_at_viewer"": 0.949585, ""mask"": 3.7e-05, ""midriff"": 0.000354, ""multiple_girls"": 0.000347, ""navel"": 0.000484, ""no_humans"": 1.1e-05, ""onsen"": 1e-06, ""panties"": 0.000103, ""penguin"": 7e-06, ""school_swimsuit"": 5e-06, ""solo"": 0.978557, ""swimsuit"": 0.000288, ""thighhighs"": 0.025225, ""underwear"": 0.000227}",visual_review
bangdream_003_live_event_309_ur,classified,soft_review,"[""garter_straps"", ""soft_review_tag""]",rendered,src/data/deskpet/bangdream-rendered-resource-audit/rendered/bangdream_003_live_event_309_ur.png,completed,"{""1girl"": 0.997039, ""2girls"": 0.000192, ""animal"": 3.4e-05, ""animal_focus"": 3e-06, ""bare_shoulders"": 0.000792, ""bikini"": 3e-05, ""bird"": 1.6e-05, ""cleavage"": 0.001028, ""corset"": 6.1e-05, ""crop_top"": 0.000101, ""dog"": 1e-06, ""faceless"": 3.8e-05, ""food_focus"": 0.0, ""garter_straps"": 0.688349, ""helmet"": 2e-05, ""lingerie"": 1.3e-05, ""looking_at_viewer"": 0.863513, ""mask"": 2.2e-05, ""midriff"": 0.001048, ""multiple_girls"": 0.000307, ""navel"": 0.000526, ""no_humans"": 1e-05, ""onsen"": 1e-06, ""panties"": 0.000186, ""penguin"": 0.0, ""school_swimsuit"": 5e-06, ""solo"": 0.973011, ""swimsuit"": 5.4e-05, ""thighhighs"": 0.72331, ""underwear"": 0.000379}",visual_review
bangdream_003_live_event_41_ssr,classified,soft_review,"[""garter_straps"", ""soft_review_tag""]",rendered,src/data/deskpet/bangdream-rendered-resource-audit/rendered/bangdream_003_live_event_41_ssr.png,completed,"{""1girl"": 0.994019, ""2girls"": 0.000352, ""animal"": 5.9e-05, ""animal_focus"": 7e-06, ""bare_shoulders"": 0.001753, ""bikini"": 9.8e-05, ""bird"": 5.7e-05, ""cleavage"": 0.000353, ""corset"": 0.000144, ""crop_top"": 5.4e-05, ""dog"": 2.4e-05, ""faceless"": 1e-05, ""food_focus"": 0.0, ""garter_straps"": 0.69316, ""helmet"": 1.3e-05, ""lingerie"": 8e-06, ""looking_at_viewer"": 0.664957, ""mask"": 0.000103, ""midriff"": 0.00033, ""multiple_girls"": 0.000552, ""navel"": 0.000994, ""no_humans"": 2.6e-05, ""onsen"": 1e-06, ""panties"": 0.000305, ""penguin"": 1.6e-05, ""school_swimsuit"": 3e-06, ""solo"": 0.909114, ""swimsuit"": 9.4e-05, ""thighhighs"": 0.879155, ""underwear"": 0.000537}",visual_review
bangdream_003_live_event_61_ssr,classified,soft_review,"[""crop_top"", ""midriff"", ""navel"", ""soft_review_tag""]",rendered,src/data/deskpet/bangdream-rendered-resource-audit/rendered/bangdream_003_live_event_61_ssr.png,completed,"{""1girl"": 0.998096, ""2girls"": 0.000283, ""animal"": 0.000193, ""animal_focus"": 2e-06, ""bare_shoulders"": 0.587132, ""bikini"": 0.002382, ""bird"": 0.000101, ""cleavage"": 0.212639, ""corset"": 5.7e-05, ""crop_top"": 0.582576, ""dog"": 3.6e-05, ""faceless"": 2e-06, ""food_focus"": 0.0, ""garter_straps"": 0.00039, ""helmet"": 1e-05, ""lingerie"": 1.7e-05, ""looking_at_viewer"": 0.864943, ""mask"": 3.5e-05, ""midriff"": 0.912791, ""multiple_girls"": 0.000349, ""navel"": 0.953421, ""no_humans"": 6e-06, ""onsen"": 1e-06, ""panties"": 0.000586, ""penguin"": 1e-05, ""school_swimsuit"": 2.2e-05, ""solo"": 0.97805, ""swimsuit"": 0.002901, ""thighhighs"": 0.004682, ""underwear"": 0.001826}",visual_review
bangdream_003_live_event_92_sr,classified,soft_review,"[""garter_straps"", ""soft_review_tag""]",rendered,src/data/deskpet/bangdream-rendered-resource-audit/rendered/bangdream_003_live_event_92_sr.png,completed,"{""1girl"": 0.995896, ""2girls"": 0.000201, ""animal"": 8.7e-05, ""animal_focus"": 4e-06, ""bare_shoulders"": 0.001083, ""bikini"": 0.000181, ""bird"": 2.2e-05, ""cleavage"": 0.00078, ""corset"": 6e-06, ""crop_top"": 3.3e-05, ""dog"": 3e-06, ""faceless"": 1e-06, ""food_focus"": 1e-06, ""garter_straps"": 0.672588, ""helmet"": 1.2e-05, ""lingerie"": 6e-06, ""looking_at_viewer"": 0.796692, ""mask"": 0.000207, ""midriff"": 0.000123, ""multiple_girls"": 0.000386, ""navel"": 0.000557, ""no_humans"": 1.4e-05, ""onsen"": 0.0, ""panties"": 9.5e-05, ""penguin"": 1e-06, ""school_swimsuit"": 1.5e-05, ""solo"": 0.943949, ""swimsuit"": 0.000264, ""thighhighs"": 0.823651, ""underwear"": 0.00015}",visual_review
bangdream_003_live_sr_01,classified,soft_review,"[""crop_top"", ""midriff"", ""navel"", ""soft_review_tag""]",rendered,src/data/deskpet/bangdream-rendered-resource-audit/rendered/bangdream_003_live_sr_01.png,completed,"{""1girl"": 0.998491, ""2girls"": 0.00014, ""animal"": 1.2e-05, ""animal_focus"": 0.0, ""bare_shoulders"": 0.567787, ""bikini"": 0.000484, ""bird"": 2.7e-05, ""cleavage"": 0.124031, ""corset"": 4e-06, ""crop_top"": 0.553709, ""dog"": 0.0, ""faceless"": 2e-06, ""food_focus"": 0.0, ""garter_straps"": 2.4e-05, ""helmet"": 1.2e-05, ""lingerie"": 5e-06, ""looking_at_viewer"": 0.836718, ""mask"": 4.1e-05, ""midriff"": 0.941452, ""multiple_girls"": 0.000238, ""navel"": 0.978156, ""no_humans"": 4e-06, ""onsen"": 0.0, ""panties"": 0.000152, ""penguin"": 0.0, ""school_swimsuit"": 5e-06, ""solo"": 0.976305, ""swimsuit"": 0.000747, ""thighhighs"": 0.860543, ""underwear"": 0.000312}",visual_review
bangdream_003_miku_romecin,classified,soft_review,"[""garter_straps"", ""soft_review_tag""]",rendered,src/data/deskpet/bangdream-rendered-resource-audit/rendered/bangdream_003_miku_romecin.png,completed,"{""1girl"": 0.998058, ""2girls"": 0.000204, ""animal"": 1e-05, ""animal_focus"": 3e-06, ""bare_shoulders"": 0.60323, ""bikini"": 0.000314, ""bird"": 2.2e-05, ""cleavage"": 0.011997, ""corset"": 0.012905, ""crop_top"": 0.000441, ""dog"": 5e-06, ""faceless"": 1.4e-05, ""food_focus"": 0.0, ""garter_straps"": 0.740288, ""helmet"": 1.4e-05, ""lingerie"": 0.000313, ""looking_at_viewer"": 0.679617, ""mask"": 0.000167, ""midriff"": 0.002979, ""multiple_girls"": 0.000314, ""navel"": 0.003782, ""no_humans"": 8e-06, ""onsen"": 0.0, ""panties"": 0.00101, ""penguin"": 0.0, ""school_swimsuit"": 4e-06, ""solo"": 0.965963, ""swimsuit"": 0.000492, ""thighhighs"": 0.958991, ""underwear"": 0.006742}",visual_review
bangdream_004_2018_dog,classified,soft_review,"[""qualification_review"", ""variant_keyword:dog""]",rendered,src/data/deskpet/bangdream-rendered-resource-audit/rendered/bangdream_004_2018_dog.png,completed,"{""1girl"": 0.998365, ""2girls"": 0.000106, ""animal"": 0.000299, ""animal_focus"": 1e-06, ""bare_shoulders"": 0.000464, ""bikini"": 3.8e-05, ""bird"": 3.2e-05, ""cleavage"": 0.000421, ""corset"": 3e-06, ""crop_top"": 0.815771, ""dog"": 0.000841, ""faceless"": 2e-06, ""food_focus"": 0.0, ""garter_straps"": 9e-06, ""helmet"": 6e-06, ""lingerie"": 2e-06, ""looking_at_viewer"": 0.865654, ""mask"": 1.8e-05, ""midriff"": 0.89721, ""multiple_girls"": 0.00019, ""navel"": 0.63276, ""no_humans"": 7e-06, ""onsen"": 0.0, ""panties"": 0.000106, ""penguin"": 0.0, ""school_swimsuit"": 2e-06, ""solo"": 0.988336, ""swimsuit"": 4.3e-05, ""thighhighs"": 0.000849, ""underwear"": 0.000692}",visual_review
bangdream_004_4th_general_election_r,classified,soft_review,"[""garter_straps"", ""soft_review_tag""]",rendered,src/data/deskpet/bangdream-rendered-resource-audit/rendered/bangdream_004_4th_general_election_r.png,completed,"{""1girl"": 0.998455, ""2girls"": 0.000245, ""animal"": 3.8e-05, ""animal_focus"": 4e-06, ""bare_shoulders"": 0.044443, ""bikini"": 6.7e-05, ""bird"": 6.4e-05, ""cleavage"": 0.233645, ""corset"": 0.054154, ""crop_top"": 0.000191, ""dog"": 4e-06, ""faceless"": 1.5e-05, ""food_focus"": 0.0, ""garter_straps"": 0.821702, ""helmet"": 2e-05, ""lingerie"": 1.9e-05, ""looking_at_viewer"": 0.846523, ""mask"": 0.000202, ""midriff"": 0.000761, ""multiple_girls"": 0.000134, ""navel"": 0.001693, ""no_humans"": 9e-06, ""onsen"": 0.0, ""panties"": 0.000207, ""penguin"": 0.0, ""school_swimsuit"": 1.7e-05, ""solo"": 0.986924, ""swimsuit"": 0.000178, ""thighhighs"": 0.931995, ""underwear"": 0.000604}",visual_review
bangdream_004_delta,classified,soft_review,"[""crop_top"", ""midriff"", ""navel"", ""soft_review_tag""]",rendered,src/data/deskpet/bangdream-rendered-resource-audit/rendered/bangdream_004_delta.png,completed,"{""1girl"": 0.998347, ""2girls"": 0.000194, ""animal"": 1.8e-05, ""animal_focus"": 2e-06, ""bare_shoulders"": 0.039624, ""bikini"": 0.000129, ""bird"": 3.6e-05, ""cleavage"": 0.00183, ""corset"": 0.001637, ""crop_top"": 0.813564, ""dog"": 1.8e-05, ""faceless"": 9e-06, ""food_focus"": 0.0, ""garter_straps"": 0.000206, ""helmet"": 4.3e-05, ""lingerie"": 4e-06, ""looking_at_viewer"": 0.858753, ""mask"": 0.000114, ""midriff"": 0.869303, ""multiple_girls"": 0.000204, ""navel"": 0.96968, ""no_humans"": 1.7e-05, ""onsen"": 0.0, ""panties"": 0.000505, ""penguin"": 0.0, ""school_swimsuit"": 7e-06, ""solo"": 0.983921, ""swimsuit"": 0.000327, ""thighhighs"": 0.974265, ""underwear"": 0.000441}",visual_review
bangdream_004_dream_festival,classified,soft_review,"[""navel"", ""soft_review_tag""]",rendered,src/data/deskpet/bangdream-rendered-resource-audit/rendered/bangdream_004_dream_festival.png,completed,"{""1girl"": 0.998198, ""2girls"": 0.000135, ""animal"": 1.3e-05, ""animal_focus"": 2e-06, ""bare_shoulders"": 0.353877, ""bikini"": 0.001072, ""bird"": 1.8e-05, ""cleavage"": 0.014881, ""corset"": 2.6e-05, ""crop_top"": 0.131738, ""dog"": 2e-06, ""faceless"": 1.4e-05, ""food_focus"": 0.0, ""garter_straps"": 0.156045, ""helmet"": 2.3e-05, ""lingerie"": 5e-06, ""looking_at_viewer"": 0.876379, ""mask"": 0.000239, ""midriff"": 0.49214, ""multiple_girls"": 0.000196, ""navel"": 0.569367, ""no_humans"": 8e-06, ""onsen"": 0.0, ""panties"": 0.000906, ""penguin"": 0.0, ""school_swimsuit"": 1.8e-05, ""solo"": 0.962124, ""swimsuit"": 0.001771, ""thighhighs"": 0.771513, ""underwear"": 0.001403}",visual_review
bangdream_004_event_236_story_01,classified,soft_review,"[""cleavage"", ""crop_top"", ""soft_review_tag""]",rendered,src/data/deskpet/bangdream-rendered-resource-audit/rendered/bangdream_004_event_236_story_01.png,completed,"{""1girl"": 0.999034, ""2girls"": 0.00016, ""animal"": 6.5e-05, ""animal_focus"": 0.0, ""bare_shoulders"": 0.005819, ""bikini"": 0.00011, ""bird"": 3.7e-05, ""cleavage"": 0.912714, ""corset"": 1.2e-05, ""crop_top"": 0.751935, ""dog"": 2e-06, ""faceless"": 1.7e-05, ""food_focus"": 0.0, ""garter_straps"": 0.001192, ""helmet"": 1.7e-05, ""lingerie"": 7e-06, ""looking_at_viewer"": 0.939511, ""mask"": 0.000192, ""midriff"": 0.405147, ""multiple_girls"": 0.000186, ""navel"": 0.011796, ""no_humans"": 5e-06, ""onsen"": 0.0, ""panties"": 0.00051, ""penguin"": 0.0, ""school_swimsuit"": 1e-05, ""solo"": 0.988563, ""swimsuit"": 0.000126, ""thighhighs"": 0.001884, ""underwear"": 0.002551}",visual_review
bangdream_004_event_92_story_01,classified,soft_review,"[""cleavage"", ""garter_straps"", ""soft_review_tag""]",rendered,src/data/deskpet/bangdream-rendered-resource-audit/rendered/bangdream_004_event_92_story_01.png,completed,"{""1girl"": 0.997497, ""2girls"": 0.000135, ""animal"": 4e-05, ""animal_focus"": 0.0, ""bare_shoulders"": 0.466109, ""bikini"": 0.000411, ""bird"": 8.5e-05, ""cleavage"": 0.595973, ""corset"": 0.000717, ""crop_top"": 0.007062, ""dog"": 3.2e-05, ""faceless"": 2.4e-05, ""food_focus"": 0.0, ""garter_straps"": 0.954679, ""helmet"": 1e-06, ""lingerie"": 0.000368, ""looking_at_viewer"": 0.760143, ""mask"": 0.00011, ""midriff"": 0.297325, ""multiple_girls"": 0.000263, ""navel"": 0.378424, ""no_humans"": 3e-06, ""onsen"": 0.0, ""panties"": 0.001116, ""penguin"": 2e-06, ""school_swimsuit"": 2.2e-05, ""solo"": 0.937944, ""swimsuit"": 0.000449, ""thighhighs"": 0.970269, ""underwear"": 0.023261}",visual_review
bangdream_004_live_default,classified,soft_review,"[""navel"", ""soft_review_tag""]",rendered,src/data/deskpet/bangdream-rendered-resource-audit/rendered/bangdream_004_live_default.png,completed,"{""1girl"": 0.999152, ""2girls"": 6.4e-05, ""animal"": 2.4e-05, ""animal_focus"": 0.0, ""bare_shoulders"": 0.26998, ""bikini"": 8.5e-05, ""bird"": 2.2e-05, ""cleavage"": 0.000334, ""corset"": 6e-06, ""crop_top"": 0.000928, ""dog"": 2e-06, ""faceless"": 4.9e-05, ""food_focus"": 0.0, ""garter_straps"": 0.010465, ""helmet"": 7e-06, ""lingerie"": 1.1e-05, ""looking_at_viewer"": 0.887896, ""mask"": 2.3e-05, ""midriff"": 0.022583, ""multiple_girls"": 0.000101, ""navel"": 0.914872, ""no_humans"": 7e-06, ""onsen"": 0.0, ""panties"": 0.000677, ""penguin"": 0.0, ""school_swimsuit"": 5e-06, ""solo"": 0.985448, ""swimsuit"": 0.000142, ""thighhighs"": 0.963127, ""underwear"": 0.001688}",visual_review
bangdream_004_live_event_04_sr,classified,soft_review,"[""crop_top"", ""midriff"", ""navel"", ""soft_review_tag""]",rendered,src/data/deskpet/bangdream-rendered-resource-audit/rendered/bangdream_004_live_event_04_sr.png,completed,"{""1girl"": 0.998885, ""2girls"": 0.000136, ""animal"": 7.7e-05, ""animal_focus"": 0.0, ""bare_shoulders"": 0.309649, ""bikini"": 0.144869, ""bird"": 3.6e-05, ""cleavage"": 0.0033, ""corset"": 4.6e-05, ""crop_top"": 0.800339, ""dog"": 1e-06, ""faceless"": 1.1e-05, ""food_focus"": 0.0, ""garter_straps"": 7.9e-05, ""helmet"": 2e-06, ""lingerie"": 2.7e-05, ""looking_at_viewer"": 0.885359, ""mask"": 1.5e-05, ""midriff"": 0.861581, ""multiple_girls"": 0.000122, ""navel"": 0.94864, ""no_humans"": 2e-06, ""onsen"": 0.0, ""panties"": 0.000257, ""penguin"": 0.0, ""school_swimsuit"": 1.6e-05, ""solo"": 0.980528, ""swimsuit"": 0.20111, ""thighhighs"": 0.001583, ""underwear"": 0.001187}",visual_review
bangdream_004_live_event_12_r,classified,soft_review,"[""garter_straps"", ""soft_review_tag""]",rendered,src/data/deskpet/bangdream-rendered-resource-audit/rendered/bangdream_004_live_event_12_r.png,completed,"{""1girl"": 0.999147, ""2girls"": 0.000133, ""animal"": 4.1e-05, ""animal_focus"": 0.0, ""bare_shoulders"": 0.001922, ""bikini"": 5.7e-05, ""bird"": 7e-06, ""cleavage"": 0.002322, ""corset"": 3e-06, ""crop_top"": 0.00016, ""dog"": 4e-06, ""faceless"": 6e-06, ""food_focus"": 0.0, ""garter_straps"": 0.993726, ""helmet"": 2e-06, ""lingerie"": 1.5e-05, ""looking_at_viewer"": 0.952327, ""mask"": 9e-06, ""midriff"": 0.000203, ""multiple_girls"": 0.000188, ""navel"": 0.000699, ""no_humans"": 1e-06, ""onsen"": 0.0, ""panties"": 0.000141, ""penguin"": 0.0, ""school_swimsuit"": 1.5e-05, ""solo"": 0.987177, ""swimsuit"": 0.000156, ""thighhighs"": 0.979394, ""underwear"": 0.000386}",visual_review
bangdream_004_live_event_140_r,classified,soft_review,"[""garter_straps"", ""soft_review_tag""]",rendered,src/data/deskpet/bangdream-rendered-resource-audit/rendered/bangdream_004_live_event_140_r.png,completed,"{""1girl"": 0.997498, ""2girls"": 0.000184, ""animal"": 4.7e-05, ""animal_focus"": 0.0, ""bare_shoulders"": 0.004763, ""bikini"": 7.2e-05, ""bird"": 7e-06, ""cleavage"": 0.002427, ""corset"": 0.179316, ""crop_top"": 0.000215, ""dog"": 5e-06, ""faceless"": 3e-06, ""food_focus"": 0.0, ""garter_straps"": 0.938431, ""helmet"": 1e-06, ""lingerie"": 4.3e-05, ""looking_at_viewer"": 0.778538, ""mask"": 5.5e-05, ""midriff"": 0.000402, ""multiple_girls"": 0.00033, ""navel"": 0.000681, ""no_humans"": 3e-06, ""onsen"": 1e-06, ""panties"": 0.000459, ""penguin"": 0.0, ""school_swimsuit"": 2e-06, ""solo"": 0.915912, ""swimsuit"": 6.5e-05, ""thighhighs"": 0.960427, ""underwear"": 0.002638}",visual_review
bangdream_004_live_event_233_ur,classified,soft_review,"[""crop_top"", ""midriff"", ""navel"", ""soft_review_tag""]",rendered,src/data/deskpet/bangdream-rendered-resource-audit/rendered/bangdream_004_live_event_233_ur.png,completed,"{""1girl"": 0.997889, ""2girls"": 0.000126, ""animal"": 2.4e-05, ""animal_focus"": 1e-06, ""bare_shoulders"": 0.062748, ""bikini"": 5.2e-05, ""bird"": 1.5e-05, ""cleavage"": 0.003922, ""corset"": 3.4e-05, ""crop_top"": 0.64561, ""dog"": 3e-06, ""faceless"": 6e-06, ""food_focus"": 0.0, ""garter_straps"": 0.006887, ""helmet"": 4.2e-05, ""lingerie"": 1.1e-05, ""looking_at_viewer"": 0.795543, ""mask"": 2.2e-05, ""midriff"": 0.886448, ""multiple_girls"": 0.000166, ""navel"": 0.60455, ""no_humans"": 5e-06, ""onsen"": 0.0, ""panties"": 0.000169, ""penguin"": 0.0, ""school_swimsuit"": 4e-06, ""solo"": 0.973934, ""swimsuit"": 0.000126, ""thighhighs"": 0.80838, ""underwear"": 0.000998}",visual_review
bangdream_004_live_event_26_ssr,classified,soft_review,"[""cleavage"", ""soft_review_tag""]",rendered,src/data/deskpet/bangdream-rendered-resource-audit/rendered/bangdream_004_live_event_26_ssr.png,completed,"{""1girl"": 0.998641, ""2girls"": 0.000154, ""animal"": 0.000415, ""animal_focus"": 1e-06, ""bare_shoulders"": 0.420822, ""bikini"": 0.000172, ""bird"": 4e-05, ""cleavage"": 0.782259, ""corset"": 0.465612, ""crop_top"": 0.000209, ""dog"": 6e-06, ""faceless"": 4e-06, ""food_focus"": 0.0, ""garter_straps"": 0.003425, ""helmet"": 1e-06, ""lingerie"": 0.000154, ""looking_at_viewer"": 0.762023, ""mask"": 0.000114, ""midriff"": 0.000268, ""multiple_girls"": 0.000223, ""navel"": 0.001004, ""no_humans"": 3e-06, ""onsen"": 0.0, ""panties"": 0.000342, ""penguin"": 1e-06, ""school_swimsuit"": 7e-06, ""solo"": 0.975315, ""swimsuit"": 0.000318, ""thighhighs"": 0.943616, ""underwear"": 0.001174}",visual_review
bangdream_004_live_event_61_ssr,classified,soft_review,"[""midriff"", ""navel"", ""soft_review_tag""]",rendered,src/data/deskpet/bangdream-rendered-resource-audit/rendered/bangdream_004_live_event_61_ssr.png,completed,"{""1girl"": 0.998002, ""2girls"": 0.000301, ""animal"": 7.8e-05, ""animal_focus"": 1e-06, ""bare_shoulders"": 0.296584, ""bikini"": 0.000763, ""bird"": 0.000122, ""cleavage"": 0.016642, ""corset"": 0.000232, ""crop_top"": 0.263897, ""dog"": 2e-06, ""faceless"": 5e-06, ""food_focus"": 0.0, ""garter_straps"": 0.001106, ""helmet"": 7e-06, ""lingerie"": 3.2e-05, ""looking_at_viewer"": 0.820822, ""mask"": 5.9e-05, ""midriff"": 0.743148, ""multiple_girls"": 0.000257, ""navel"": 0.897839, ""no_humans"": 4e-06, ""onsen"": 0.0, ""panties"": 0.000331, ""penguin"": 1e-06, ""school_swimsuit"": 1.7e-05, ""solo"": 0.919554, ""swimsuit"": 0.000767, ""thighhighs"": 0.002412, ""underwear"": 0.001534}",visual_review
bangdream_004_live_event_69_ssr,classified,soft_review,"[""midriff"", ""navel"", ""soft_review_tag""]",rendered,src/data/deskpet/bangdream-rendered-resource-audit/rendered/bangdream_004_live_event_69_ssr.png,completed,"{""1girl"": 0.998358, ""2girls"": 7.2e-05, ""animal"": 1.9e-05, ""animal_focus"": 1e-06, ""bare_shoulders"": 0.003055, ""bikini"": 0.00019, ""bird"": 1.4e-05, ""cleavage"": 0.000766, ""corset"": 1.1e-05, ""crop_top"": 0.022122, ""dog"": 1e-06, ""faceless"": 1e-06, ""food_focus"": 8e-06, ""garter_straps"": 0.000132, ""helmet"": 5e-06, ""lingerie"": 4e-06, ""looking_at_viewer"": 0.762501, ""mask"": 1.7e-05, ""midriff"": 0.759817, ""multiple_girls"": 0.000189, ""navel"": 0.537653, ""no_humans"": 5e-06, ""onsen"": 0.0, ""panties"": 0.000174, ""penguin"": 0.0, ""school_swimsuit"": 4e-06, ""solo"": 0.974744, ""swimsuit"": 0.000233, ""thighhighs"": 0.924487, ""underwear"": 0.000458}",visual_review
bangdream_004_live_r_2018,classified,soft_review,"[""crop_top"", ""soft_review_tag""]",rendered,src/data/deskpet/bangdream-rendered-resource-audit/rendered/bangdream_004_live_r_2018.png,completed,"{""1girl"": 0.999255, ""2girls"": 6.7e-05, ""animal"": 1.7e-05, ""animal_focus"": 0.0, ""bare_shoulders"": 0.048539, ""bikini"": 0.001046, ""bird"": 8e-06, ""cleavage"": 0.000381, ""corset"": 8e-06, ""crop_top"": 0.670069, ""dog"": 4e-06, ""faceless"": 5e-06, ""food_focus"": 0.0, ""garter_straps"": 0.000485, ""helmet"": 1e-06, ""lingerie"": 3e-06, ""looking_at_viewer"": 0.875961, ""mask"": 1.2e-05, ""midriff"": 0.306622, ""multiple_girls"": 7.2e-05, ""navel"": 0.008148, ""no_humans"": 3e-06, ""onsen"": 0.0, ""panties"": 0.000275, ""penguin"": 0.0, ""school_swimsuit"": 8e-06, ""solo"": 0.991806, ""swimsuit"": 0.004221, ""thighhighs"": 0.001386, ""underwear"": 0.000698}",visual_review
bangdream_004_live_sr_01,classified,soft_review,"[""crop_top"", ""midriff"", ""navel"", ""soft_review_tag""]",rendered,src/data/deskpet/bangdream-rendered-resource-audit/rendered/bangdream_004_live_sr_01.png,completed,"{""1girl"": 0.998685, ""2girls"": 0.000138, ""animal"": 1.2e-05, ""animal_focus"": 0.0, ""bare_shoulders"": 0.651218, ""bikini"": 0.000361, ""bird"": 7e-06, ""cleavage"": 0.128203, ""corset"": 7e-06, ""crop_top"": 0.834749, ""dog"": 2e-06, ""faceless"": 1.8e-05, ""food_focus"": 0.0, ""garter_straps"": 0.000169, ""helmet"": 2.5e-05, ""lingerie"": 1e-05, ""looking_at_viewer"": 0.876819, ""mask"": 2.2e-05, ""midriff"": 0.881679, ""multiple_girls"": 0.000197, ""navel"": 0.949217, ""no_humans"": 1e-05, ""onsen"": 0.0, ""panties"": 0.000205, ""penguin"": 0.0, ""school_swimsuit"": 3e-06, ""solo"": 0.975451, ""swimsuit"": 0.000546, ""thighhighs"": 0.980934, ""underwear"": 0.001057}",visual_review
bangdream_004_miku_romecin,classified,soft_review,"[""garter_straps"", ""soft_review_tag""]",rendered,src/data/deskpet/bangdream-rendered-resource-audit/rendered/bangdream_004_miku_romecin.png,completed,"{""1girl"": 0.998536, ""2girls"": 0.000189, ""animal"": 2.2e-05, ""animal_focus"": 0.0, ""bare_shoulders"": 0.012305, ""bikini"": 0.000112, ""bird"": 2.3e-05, ""cleavage"": 0.016016, ""corset"": 0.23565, ""crop_top"": 0.000283, ""dog"": 1e-06, ""faceless"": 2.9e-05, ""food_focus"": 0.0, ""garter_straps"": 0.837503, ""helmet"": 1e-05, ""lingerie"": 0.000149, ""looking_at_viewer"": 0.8762, ""mask"": 0.000153, ""midriff"": 0.000779, ""multiple_girls"": 0.000247, ""navel"": 0.001225, ""no_humans"": 3e-06, ""onsen"": 0.0, ""panties"": 0.00025, ""penguin"": 0.0, ""school_swimsuit"": 4e-06, ""solo"": 0.973397, ""swimsuit"": 0.000228, ""thighhighs"": 0.959547, ""underwear"": 0.012632}",visual_review
bangdream_005_2018_dog,classified,soft_review,"[""qualification_review"", ""variant_keyword:dog""]",rendered,src/data/deskpet/bangdream-rendered-resource-audit/rendered/bangdream_005_2018_dog.png,completed,"{""1girl"": 0.997066, ""2girls"": 0.000237, ""animal"": 0.001019, ""animal_focus"": 7e-06, ""bare_shoulders"": 0.003317, ""bikini"": 9.6e-05, ""bird"": 6e-05, ""cleavage"": 0.003962, ""corset"": 7e-06, ""crop_top"": 2.8e-05, ""dog"": 0.003694, ""faceless"": 1.7e-05, ""food_focus"": 0.0, ""garter_straps"": 5.7e-05, ""helmet"": 2.6e-05, ""lingerie"": 7e-06, ""looking_at_viewer"": 0.92821, ""mask"": 4.2e-05, ""midriff"": 6.6e-05, ""multiple_girls"": 0.000363, ""navel"": 0.000893, ""no_humans"": 2.1e-05, ""onsen"": 0.0, ""panties"": 0.000224, ""penguin"": 0.0, ""school_swimsuit"": 1.5e-05, ""solo"": 0.960535, ""swimsuit"": 0.000178, ""thighhighs"": 0.001609, ""underwear"": 0.000333}",visual_review
bangdream_005_birthday_2021,classified,soft_review,"[""cleavage"", ""soft_review_tag""]",rendered,src/data/deskpet/bangdream-rendered-resource-audit/rendered/bangdream_005_birthday_2021.png,completed,"{""1girl"": 0.996822, ""2girls"": 0.000417, ""animal"": 0.000138, ""animal_focus"": 2e-06, ""bare_shoulders"": 0.62172, ""bikini"": 0.000186, ""bird"": 0.000108, ""cleavage"": 0.70173, ""corset"": 0.001016, ""crop_top"": 0.000137, ""dog"": 2.9e-05, ""faceless"": 7e-06, ""food_focus"": 0.0, ""garter_straps"": 0.000167, ""helmet"": 2.3e-05, ""lingerie"": 1.9e-05, ""looking_at_viewer"": 0.683879, ""mask"": 6.2e-05, ""midriff"": 0.000291, ""multiple_girls"": 0.000443, ""navel"": 0.000994, ""no_humans"": 3.4e-05, ""onsen"": 2e-06, ""panties"": 0.000367, ""penguin"": 1e-06, ""school_swimsuit"": 7e-06, ""solo"": 0.854539, ""swimsuit"": 0.000314, ""thighhighs"": 0.001269, ""underwear"": 0.000914}",visual_review
bangdream_005_birthday_2022,classified,soft_review,"[""cleavage"", ""soft_review_tag""]",rendered,src/data/deskpet/bangdream-rendered-resource-audit/rendered/bangdream_005_birthday_2022.png,completed,"{""1girl"": 0.997781, ""2girls"": 0.000172, ""animal"": 0.000232, ""animal_focus"": 1e-06, ""bare_shoulders"": 0.594532, ""bikini"": 0.000138, ""bird"": 0.000132, ""cleavage"": 0.62219, ""corset"": 0.000762, ""crop_top"": 7.5e-05, ""dog"": 1.2e-05, ""faceless"": 1.2e-05, ""food_focus"": 3e-06, ""garter_straps"": 0.00029, ""helmet"": 3e-06, ""lingerie"": 1e-05, ""looking_at_viewer"": 0.662536, ""mask"": 1.4e-05, ""midriff"": 0.000239, ""multiple_girls"": 0.00022, ""navel"": 0.00099, ""no_humans"": 9e-06, ""onsen"": 0.0, ""panties"": 0.000256, ""penguin"": 9e-06, ""school_swimsuit"": 4e-06, ""solo"": 0.952274, ""swimsuit"": 0.000336, ""thighhighs"": 0.897939, ""underwear"": 0.000634}",visual_review
bangdream_005_delta,classified,soft_review,"[""midriff"", ""navel"", ""soft_review_tag""]",rendered,src/data/deskpet/bangdream-rendered-resource-audit/rendered/bangdream_005_delta.png,completed,"{""1girl"": 0.997413, ""2girls"": 0.000228, ""animal"": 4.4e-05, ""animal_focus"": 1e-06, ""bare_shoulders"": 0.01136, ""bikini"": 0.00025, ""bird"": 8.1e-05, ""cleavage"": 0.00219, ""corset"": 0.00571, ""crop_top"": 0.09983, ""dog"": 1.4e-05, ""faceless"": 5e-06, ""food_focus"": 0.0, ""garter_straps"": 0.001474, ""helmet"": 1.5e-05, ""lingerie"": 4e-06, ""looking_at_viewer"": 0.812949, ""mask"": 1.9e-05, ""midriff"": 0.611973, ""multiple_girls"": 0.00036, ""navel"": 0.934331, ""no_humans"": 1.1e-05, ""onsen"": 0.0, ""panties"": 0.000741, ""penguin"": 0.0, ""school_swimsuit"": 7e-06, ""solo"": 0.960342, ""swimsuit"": 0.000509, ""thighhighs"": 0.960277, ""underwear"": 0.000774}",visual_review
bangdream_005_dream_festival,classified,soft_review,"[""navel"", ""soft_review_tag""]",rendered,src/data/deskpet/bangdream-rendered-resource-audit/rendered/bangdream_005_dream_festival.png,completed,"{""1girl"": 0.997858, ""2girls"": 0.000146, ""animal"": 8e-06, ""animal_focus"": 1e-06, ""bare_shoulders"": 0.214654, ""bikini"": 0.00043, ""bird"": 5.1e-05, ""cleavage"": 0.011863, ""corset"": 0.000132, ""crop_top"": 0.042691, ""dog"": 6.5e-05, ""faceless"": 1.5e-05, ""food_focus"": 0.0, ""garter_straps"": 0.086829, ""helmet"": 4.7e-05, ""lingerie"": 1.4e-05, ""looking_at_viewer"": 0.753285, ""mask"": 9.9e-05, ""midriff"": 0.167529, ""multiple_girls"": 0.000261, ""navel"": 0.596731, ""no_humans"": 1.7e-05, ""onsen"": 0.0, ""panties"": 0.000764, ""penguin"": 0.0, ""school_swimsuit"": 2.7e-05, ""solo"": 0.972813, ""swimsuit"": 0.00153, ""thighhighs"": 0.862297, ""underwear"": 0.001667}",visual_review
bangdream_005_dream_festival_3_ur,classified,soft_review,"[""cleavage"", ""soft_review_tag""]",rendered,src/data/deskpet/bangdream-rendered-resource-audit/rendered/bangdream_005_dream_festival_3_ur.png,completed,"{""1girl"": 0.998064, ""2girls"": 0.00019, ""animal"": 2.4e-05, ""animal_focus"": 3e-06, ""bare_shoulders"": 0.044001, ""bikini"": 0.000144, ""bird"": 8.5e-05, ""cleavage"": 0.601337, ""corset"": 0.000155, ""crop_top"": 3.4e-05, ""dog"": 5e-06, ""faceless"": 1e-06, ""food_focus"": 8.7e-05, ""garter_straps"": 3.1e-05, ""helmet"": 9e-06, ""lingerie"": 1e-06, ""looking_at_viewer"": 0.874435, ""mask"": 3.4e-05, ""midriff"": 0.000116, ""multiple_girls"": 0.000253, ""navel"": 0.000443, ""no_humans"": 1.3e-05, ""onsen"": 0.0, ""panties"": 6.6e-05, ""penguin"": 0.0, ""school_swimsuit"": 3e-06, ""solo"": 0.979258, ""swimsuit"": 0.000184, ""thighhighs"": 0.000979, ""underwear"": 0.000169}",visual_review
bangdream_005_dream_festival_4_ur,classified,soft_review,"[""cleavage"", ""soft_review_tag""]",rendered,src/data/deskpet/bangdream-rendered-resource-audit/rendered/bangdream_005_dream_festival_4_ur.png,completed,"{""1girl"": 0.998179, ""2girls"": 0.000413, ""animal"": 8.2e-05, ""animal_focus"": 2e-06, ""bare_shoulders"": 0.089295, ""bikini"": 0.000205, ""bird"": 2.8e-05, ""cleavage"": 0.925705, ""corset"": 0.000316, ""crop_top"": 0.000345, ""dog"": 3e-06, ""faceless"": 2e-06, ""food_focus"": 0.0, ""garter_straps"": 0.000165, ""helmet"": 2.3e-05, ""lingerie"": 2.3e-05, ""looking_at_viewer"": 0.775276, ""mask"": 0.000148, ""midriff"": 0.001726, ""multiple_girls"": 0.000392, ""navel"": 0.057678, ""no_humans"": 1.7e-05, ""onsen"": 0.0, ""panties"": 0.000292, ""penguin"": 1e-06, ""school_swimsuit"": 3e-06, ""solo"": 0.938737, ""swimsuit"": 0.000299, ""thighhighs"": 0.001125, ""underwear"": 0.00047}",visual_review
bangdream_005_live_event_01_ssr,classified,soft_review,"[""mask"", ""qualification_review""]",rendered,src/data/deskpet/bangdream-rendered-resource-audit/rendered/bangdream_005_live_event_01_ssr.png,completed,"{""1girl"": 0.998041, ""2girls"": 0.000206, ""animal"": 7e-05, ""animal_focus"": 1e-06, ""bare_shoulders"": 0.002702, ""bikini"": 2.9e-05, ""bird"": 8.6e-05, ""cleavage"": 0.000372, ""corset"": 4.5e-05, ""crop_top"": 1.8e-05, ""dog"": 5e-06, ""faceless"": 2e-05, ""food_focus"": 0.0, ""garter_straps"": 1.5e-05, ""helmet"": 3.8e-05, ""lingerie"": 1e-06, ""looking_at_viewer"": 0.686259, ""mask"": 0.85747, ""midriff"": 4.7e-05, ""multiple_girls"": 0.000197, ""navel"": 0.000207, ""no_humans"": 1.9e-05, ""onsen"": 1e-06, ""panties"": 0.000182, ""penguin"": 1e-06, ""school_swimsuit"": 3e-06, ""solo"": 0.963235, ""swimsuit"": 8.5e-05, ""thighhighs"": 0.002362, ""underwear"": 0.000604}",visual_review
bangdream_005_live_event_07_sr,classified,soft_review,"[""cleavage"", ""soft_review_tag""]",rendered,src/data/deskpet/bangdream-rendered-resource-audit/rendered/bangdream_005_live_event_07_sr.png,completed,"{""1girl"": 0.997864, ""2girls"": 0.000225, ""animal"": 5.5e-05, ""animal_focus"": 3e-06, ""bare_shoulders"": 0.661398, ""bikini"": 0.000203, ""bird"": 4.1e-05, ""cleavage"": 0.509527, ""corset"": 0.000556, ""crop_top"": 0.052442, ""dog"": 6e-06, ""faceless"": 6e-06, ""food_focus"": 0.0, ""garter_straps"": 0.000108, ""helmet"": 1e-05, ""lingerie"": 2.5e-05, ""looking_at_viewer"": 0.757661, ""mask"": 5.7e-05, ""midriff"": 0.202938, ""multiple_girls"": 0.000172, ""navel"": 0.006191, ""no_humans"": 2.9e-05, ""onsen"": 0.0, ""panties"": 0.000397, ""penguin"": 0.0, ""school_swimsuit"": 7e-06, ""solo"": 0.95762, ""swimsuit"": 0.000325, ""thighhighs"": 0.012344, ""underwear"": 0.001732}",visual_review
bangdream_005_live_event_101_sr,classified,soft_review,"[""cleavage"", ""soft_review_tag""]",rendered,src/data/deskpet/bangdream-rendered-resource-audit/rendered/bangdream_005_live_event_101_sr.png,completed,"{""1girl"": 0.998085, ""2girls"": 0.000194, ""animal"": 5.7e-05, ""animal_focus"": 1e-06, ""bare_shoulders"": 0.764108, ""bikini"": 0.000137, ""bird"": 4.7e-05, ""cleavage"": 0.753152, ""corset"": 0.000334, ""crop_top"": 0.000103, ""dog"": 2e-06, ""faceless"": 2e-06, ""food_focus"": 0.0, ""garter_straps"": 0.000147, ""helmet"": 8e-06, ""lingerie"": 6e-06, ""looking_at_viewer"": 0.743473, ""mask"": 4.1e-05, ""midriff"": 0.000312, ""multiple_girls"": 0.000254, ""navel"": 0.001269, ""no_humans"": 2.4e-05, ""onsen"": 0.0, ""panties"": 0.000139, ""penguin"": 0.0, ""school_swimsuit"": 3e-06, ""solo"": 0.924986, ""swimsuit"": 0.000416, ""thighhighs"": 0.003986, ""underwear"": 0.000233}",visual_review
bangdream_005_live_event_137_ssr,classified,soft_review,"[""garter_straps"", ""navel"", ""soft_review_tag""]",rendered,src/data/deskpet/bangdream-rendered-resource-audit/rendered/bangdream_005_live_event_137_ssr.png,completed,"{""1girl"": 0.997351, ""2girls"": 0.000212, ""animal"": 0.00012, ""animal_focus"": 1e-06, ""bare_shoulders"": 0.477968, ""bikini"": 0.001013, ""bird"": 0.00012, ""cleavage"": 0.475255, ""corset"": 0.004389, ""crop_top"": 0.001472, ""dog"": 7e-06, ""faceless"": 3.2e-05, ""food_focus"": 0.0, ""garter_straps"": 0.844269, ""helmet"": 5e-06, ""lingerie"": 3.7e-05, ""looking_at_viewer"": 0.678047, ""mask"": 6e-05, ""midriff"": 0.041093, ""multiple_girls"": 0.000355, ""navel"": 0.580445, ""no_humans"": 4e-06, ""onsen"": 0.0, ""panties"": 0.000334, ""penguin"": 3e-06, ""school_swimsuit"": 9e-06, ""solo"": 0.898071, ""swimsuit"": 0.001744, ""thighhighs"": 0.6071, ""underwear"": 0.000748}",visual_review
bangdream_005_live_event_166_sr,classified,soft_review,"[""navel"", ""soft_review_tag""]",rendered,src/data/deskpet/bangdream-rendered-resource-audit/rendered/bangdream_005_live_event_166_sr.png,completed,"{""1girl"": 0.993425, ""2girls"": 0.00029, ""animal"": 2.6e-05, ""animal_focus"": 1e-06, ""bare_shoulders"": 0.000789, ""bikini"": 0.000146, ""bird"": 7e-05, ""cleavage"": 0.000599, ""corset"": 2e-06, ""crop_top"": 0.022139, ""dog"": 1e-06, ""faceless"": 1.6e-05, ""food_focus"": 0.0, ""garter_straps"": 3.4e-05, ""helmet"": 1.2e-05, ""lingerie"": 3e-06, ""looking_at_viewer"": 0.886133, ""mask"": 2.3e-05, ""midriff"": 0.417352, ""multiple_girls"": 0.000362, ""navel"": 0.775357, ""no_humans"": 4.2e-05, ""onsen"": 1e-06, ""panties"": 7.4e-05, ""penguin"": 6e-06, ""school_swimsuit"": 2e-06, ""solo"": 0.878424, ""swimsuit"": 0.000182, ""thighhighs"": 0.003706, ""underwear"": 0.000164}",visual_review
bangdream_005_live_event_213_ssr,classified,soft_review,"[""navel"", ""soft_review_tag""]",rendered,src/data/deskpet/bangdream-rendered-resource-audit/rendered/bangdream_005_live_event_213_ssr.png,completed,"{""1girl"": 0.995747, ""2girls"": 0.0003, ""animal"": 5.1e-05, ""animal_focus"": 1e-06, ""bare_shoulders"": 0.129818, ""bikini"": 0.00019, ""bird"": 0.000131, ""cleavage"": 0.002302, ""corset"": 0.000335, ""crop_top"": 0.035789, ""dog"": 8e-06, ""faceless"": 4e-06, ""food_focus"": 0.0, ""garter_straps"": 0.00011, ""helmet"": 5e-06, ""lingerie"": 5e-06, ""looking_at_viewer"": 0.730717, ""mask"": 4.2e-05, ""midriff"": 0.295683, ""multiple_girls"": 0.000306, ""navel"": 0.670753, ""no_humans"": 5e-06, ""onsen"": 1e-06, ""panties"": 0.00019, ""penguin"": 6e-06, ""school_swimsuit"": 5e-06, ""solo"": 0.931165, ""swimsuit"": 0.000271, ""thighhighs"": 0.001572, ""underwear"": 0.000389}",visual_review
bangdream_005_live_event_228_r,classified,soft_review,"[""garter_straps"", ""soft_review_tag""]",rendered,src/data/deskpet/bangdream-rendered-resource-audit/rendered/bangdream_005_live_event_228_r.png,completed,"{""1girl"": 0.996474, ""2girls"": 0.000268, ""animal"": 6e-05, ""animal_focus"": 3e-06, ""bare_shoulders"": 0.116975, ""bikini"": 9.6e-05, ""bird"": 0.0002, ""cleavage"": 0.001994, ""corset"": 2.9e-05, ""crop_top"": 0.019554, ""dog"": 4.6e-05, ""faceless"": 8e-06, ""food_focus"": 1e-06, ""garter_straps"": 0.608429, ""helmet"": 6.6e-05, ""lingerie"": 1.1e-05, ""looking_at_viewer"": 0.755345, ""mask"": 5.4e-05, ""midriff"": 0.004846, ""multiple_girls"": 0.000508, ""navel"": 0.006327, ""no_humans"": 3.3e-05, ""onsen"": 1e-06, ""panties"": 0.000323, ""penguin"": 4e-06, ""school_swimsuit"": 1.8e-05, ""solo"": 0.949143, ""swimsuit"": 0.000258, ""thighhighs"": 0.708566, ""underwear"": 0.000578}",visual_review
bangdream_005_live_event_22_r,classified,soft_review,"[""crop_top"", ""midriff"", ""navel"", ""soft_review_tag""]",rendered,src/data/deskpet/bangdream-rendered-resource-audit/rendered/bangdream_005_live_event_22_r.png,completed,"{""1girl"": 0.996981, ""2girls"": 0.00021, ""animal"": 4.7e-05, ""animal_focus"": 1e-06, ""bare_shoulders"": 0.063988, ""bikini"": 0.000475, ""bird"": 4.1e-05, ""cleavage"": 0.002591, ""corset"": 6e-06, ""crop_top"": 0.818114, ""dog"": 9e-06, ""faceless"": 3e-06, ""food_focus"": 0.0, ""garter_straps"": 3.6e-05, ""helmet"": 1.8e-05, ""lingerie"": 6e-06, ""looking_at_viewer"": 0.704055, ""mask"": 2.2e-05, ""midriff"": 0.833688, ""multiple_girls"": 0.00034, ""navel"": 0.902324, ""no_humans"": 9e-06, ""onsen"": 0.0, ""panties"": 0.000482, ""penguin"": 0.0, ""school_swimsuit"": 1.1e-05, ""solo"": 0.895817, ""swimsuit"": 0.001214, ""thighhighs"": 0.00159, ""underwear"": 0.001598}",visual_review
bangdream_005_live_event_233_sr,classified,soft_review,"[""midriff"", ""soft_review_tag""]",rendered,src/data/deskpet/bangdream-rendered-resource-audit/rendered/bangdream_005_live_event_233_sr.png,completed,"{""1girl"": 0.99793, ""2girls"": 0.000112, ""animal"": 7.8e-05, ""animal_focus"": 0.0, ""bare_shoulders"": 0.162696, ""bikini"": 0.000152, ""bird"": 0.000257, ""cleavage"": 0.006279, ""corset"": 0.000153, ""crop_top"": 0.330911, ""dog"": 2.4e-05, ""faceless"": 7e-06, ""food_focus"": 0.0, ""garter_straps"": 0.000234, ""helmet"": 2.8e-05, ""lingerie"": 7e-06, ""looking_at_viewer"": 0.825818, ""mask"": 1.5e-05, ""midriff"": 0.504304, ""multiple_girls"": 0.0002, ""navel"": 0.017783, ""no_humans"": 7e-06, ""onsen"": 0.0, ""panties"": 0.000196, ""penguin"": 2e-06, ""school_swimsuit"": 1e-05, ""solo"": 0.960828, ""swimsuit"": 0.000242, ""thighhighs"": 0.002397, ""underwear"": 0.000655}",visual_review
bangdream_005_live_event_262_r,classified,soft_review,"[""garter_straps"", ""soft_review_tag""]",rendered,src/data/deskpet/bangdream-rendered-resource-audit/rendered/bangdream_005_live_event_262_r.png,completed,"{""1girl"": 0.99818, ""2girls"": 0.000275, ""animal"": 5e-05, ""animal_focus"": 2e-06, ""bare_shoulders"": 0.002539, ""bikini"": 5.3e-05, ""bird"": 2.4e-05, ""cleavage"": 0.002456, ""corset"": 5e-05, ""crop_top"": 0.000195, ""dog"": 5e-06, ""faceless"": 2.2e-05, ""food_focus"": 0.0, ""garter_straps"": 0.563018, ""helmet"": 8e-06, ""lingerie"": 2e-06, ""looking_at_viewer"": 0.856937, ""mask"": 3e-05, ""midriff"": 0.000491, ""multiple_girls"": 0.000221, ""navel"": 0.000472, ""no_humans"": 2.6e-05, ""onsen"": 0.0, ""panties"": 6.8e-05, ""penguin"": 0.0, ""school_swimsuit"": 2e-06, ""solo"": 0.975, ""swimsuit"": 0.000134, ""thighhighs"": 0.044338, ""underwear"": 0.000166}",visual_review
bangdream_005_live_event_309_sr,classified,soft_review,"[""cleavage"", ""soft_review_tag""]",rendered,src/data/deskpet/bangdream-rendered-resource-audit/rendered/bangdream_005_live_event_309_sr.png,completed,"{""1girl"": 0.997841, ""2girls"": 0.000317, ""animal"": 9e-06, ""animal_focus"": 1e-06, ""bare_shoulders"": 0.000957, ""bikini"": 0.000125, ""bird"": 5.7e-05, ""cleavage"": 0.617, ""corset"": 5.2e-05, ""crop_top"": 0.000231, ""dog"": 2e-06, ""faceless"": 1.1e-05, ""food_focus"": 0.0, ""garter_straps"": 0.002301, ""helmet"": 8e-06, ""lingerie"": 2e-06, ""looking_at_viewer"": 0.911456, ""mask"": 2e-05, ""midriff"": 0.000322, ""multiple_girls"": 0.000317, ""navel"": 0.000965, ""no_humans"": 6e-06, ""onsen"": 1e-06, ""panties"": 0.000162, ""penguin"": 0.0, ""school_swimsuit"": 3.3e-05, ""solo"": 0.975573, ""swimsuit"": 0.000304, ""thighhighs"": 0.003378, ""underwear"": 0.000371}",visual_review
bangdream_005_live_event_312_ssr,classified,soft_review,"[""navel"", ""soft_review_tag""]",rendered,src/data/deskpet/bangdream-rendered-resource-audit/rendered/bangdream_005_live_event_312_ssr.png,completed,"{""1girl"": 0.997143, ""2girls"": 0.0002, ""animal"": 9.4e-05, ""animal_focus"": 3e-06, ""bare_shoulders"": 0.00102, ""bikini"": 0.000135, ""bird"": 6.3e-05, ""cleavage"": 0.001376, ""corset"": 6e-05, ""crop_top"": 0.112879, ""dog"": 4e-06, ""faceless"": 4e-06, ""food_focus"": 0.000201, ""garter_straps"": 6e-05, ""helmet"": 3e-05, ""lingerie"": 1.1e-05, ""looking_at_viewer"": 0.82792, ""mask"": 2.7e-05, ""midriff"": 0.422303, ""multiple_girls"": 0.000252, ""navel"": 0.549829, ""no_humans"": 1.8e-05, ""onsen"": 1e-06, ""panties"": 0.000161, ""penguin"": 0.0, ""school_swimsuit"": 7e-06, ""solo"": 0.976821, ""swimsuit"": 0.000185, ""thighhighs"": 0.010862, ""underwear"": 0.00075}",visual_review
bangdream_005_live_event_53_r,classified,soft_review,"[""cleavage"", ""soft_review_tag""]",rendered,src/data/deskpet/bangdream-rendered-resource-audit/rendered/bangdream_005_live_event_53_r.png,completed,"{""1girl"": 0.997789, ""2girls"": 0.000167, ""animal"": 1.8e-05, ""animal_focus"": 1e-06, ""bare_shoulders"": 0.426007, ""bikini"": 0.000177, ""bird"": 2.2e-05, ""cleavage"": 0.694371, ""corset"": 0.000635, ""crop_top"": 7.3e-05, ""dog"": 5e-06, ""faceless"": 3e-06, ""food_focus"": 0.0, ""garter_straps"": 9e-05, ""helmet"": 1.2e-05, ""lingerie"": 1.2e-05, ""looking_at_viewer"": 0.750032, ""mask"": 2.2e-05, ""midriff"": 0.000179, ""multiple_girls"": 0.000299, ""navel"": 0.000629, ""no_humans"": 8e-06, ""onsen"": 0.0, ""panties"": 0.00012, ""penguin"": 0.0, ""school_swimsuit"": 3e-06, ""solo"": 0.938809, ""swimsuit"": 0.000211, ""thighhighs"": 0.001751, ""underwear"": 0.000376}",visual_review
bangdream_005_live_event_61_sr,classified,soft_review,"[""midriff"", ""navel"", ""soft_review_tag""]",rendered,src/data/deskpet/bangdream-rendered-resource-audit/rendered/bangdream_005_live_event_61_sr.png,completed,"{""1girl"": 0.998237, ""2girls"": 0.000213, ""animal"": 0.000162, ""animal_focus"": 0.0, ""bare_shoulders"": 0.014851, ""bikini"": 0.000886, ""bird"": 0.000126, ""cleavage"": 0.102946, ""corset"": 0.001159, ""crop_top"": 0.161791, ""dog"": 4.2e-05, ""faceless"": 3e-06, ""food_focus"": 0.0, ""garter_straps"": 0.002225, ""helmet"": 7e-06, ""lingerie"": 1.6e-05, ""looking_at_viewer"": 0.83339, ""mask"": 7.5e-05, ""midriff"": 0.73694, ""multiple_girls"": 0.00029, ""navel"": 0.94072, ""no_humans"": 5e-06, ""onsen"": 0.0, ""panties"": 0.000438, ""penguin"": 5e-06, ""school_swimsuit"": 1e-05, ""solo"": 0.944375, ""swimsuit"": 0.001106, ""thighhighs"": 0.005322, ""underwear"": 0.001195}",visual_review
bangdream_005_live_r_2022,classified,soft_review,"[""cleavage"", ""soft_review_tag""]",rendered,src/data/deskpet/bangdream-rendered-resource-audit/rendered/bangdream_005_live_r_2022.png,completed,"{""1girl"": 0.997241, ""2girls"": 0.000205, ""animal"": 7.5e-05, ""animal_focus"": 2e-06, ""bare_shoulders"": 0.005307, ""bikini"": 0.000287, ""bird"": 0.000152, ""cleavage"": 0.642974, ""corset"": 0.000106, ""crop_top"": 0.00753, ""dog"": 7e-06, ""faceless"": 5e-06, ""food_focus"": 0.0, ""garter_straps"": 0.000537, ""helmet"": 1.4e-05, ""lingerie"": 4e-06, ""looking_at_viewer"": 0.828999, ""mask"": 5.4e-05, ""midriff"": 0.075918, ""multiple_girls"": 0.000244, ""navel"": 0.005825, ""no_humans"": 2.1e-05, ""onsen"": 0.0, ""panties"": 0.000381, ""penguin"": 1e-06, ""school_swimsuit"": 3e-06, ""solo"": 0.939394, ""swimsuit"": 0.000406, ""thighhighs"": 0.78665, ""underwear"": 0.001095}",visual_review
bangdream_005_live_sr_01,classified,soft_review,"[""midriff"", ""navel"", ""soft_review_tag""]",rendered,src/data/deskpet/bangdream-rendered-resource-audit/rendered/bangdream_005_live_sr_01.png,completed,"{""1girl"": 0.997342, ""2girls"": 0.000177, ""animal"": 3.6e-05, ""animal_focus"": 1e-06, ""bare_shoulders"": 0.362671, ""bikini"": 0.000582, ""bird"": 5.9e-05, ""cleavage"": 0.082076, ""corset"": 2.1e-05, ""crop_top"": 0.26055, ""dog"": 2e-06, ""faceless"": 3e-06, ""food_focus"": 0.0, ""garter_straps"": 0.000326, ""helmet"": 2.8e-05, ""lingerie"": 9e-06, ""looking_at_viewer"": 0.725958, ""mask"": 5.6e-05, ""midriff"": 0.782096, ""multiple_girls"": 0.000332, ""navel"": 0.905828, ""no_humans"": 1.4e-05, ""onsen"": 0.0, ""panties"": 0.00034, ""penguin"": 0.0, ""school_swimsuit"": 8e-06, ""solo"": 0.91234, ""swimsuit"": 0.001117, ""thighhighs"": 0.778044, ""underwear"": 0.000596}",visual_review
bangdream_005_miku_romecin,classified,soft_review,"[""garter_straps"", ""soft_review_tag""]",rendered,src/data/deskpet/bangdream-rendered-resource-audit/rendered/bangdream_005_miku_romecin.png,completed,"{""1girl"": 0.99774, ""2girls"": 0.000307, ""animal"": 1.4e-05, ""animal_focus"": 0.0, ""bare_shoulders"": 0.230115, ""bikini"": 0.000402, ""bird"": 9.9e-05, ""cleavage"": 0.019235, ""corset"": 0.859362, ""crop_top"": 0.000154, ""dog"": 3e-06, ""faceless"": 1.5e-05, ""food_focus"": 0.0, ""garter_straps"": 0.903769, ""helmet"": 9e-06, ""lingerie"": 0.000228, ""looking_at_viewer"": 0.669978, ""mask"": 0.000197, ""midriff"": 0.000396, ""multiple_girls"": 0.000375, ""navel"": 0.002273, ""no_humans"": 1.1e-05, ""onsen"": 0.0, ""panties"": 0.000761, ""penguin"": 0.0, ""school_swimsuit"": 2e-06, ""solo"": 0.910098, ""swimsuit"": 0.000641, ""thighhighs"": 0.916654, ""underwear"": 0.06686}",visual_review
bangdream_006_2018_dog,classified,soft_review,"[""qualification_review"", ""variant_keyword:dog""]",rendered,src/data/deskpet/bangdream-rendered-resource-audit/rendered/bangdream_006_2018_dog.png,completed,"{""1girl"": 0.993565, ""2girls"": 0.000303, ""animal"": 0.000415, ""animal_focus"": 2e-06, ""bare_shoulders"": 0.001183, ""bikini"": 4.3e-05, ""bird"": 3.6e-05, ""cleavage"": 0.0273, ""corset"": 4.4e-05, ""crop_top"": 0.00011, ""dog"": 0.002668, ""faceless"": 5e-06, ""food_focus"": 0.0, ""garter_straps"": 3.8e-05, ""helmet"": 9e-06, ""lingerie"": 2e-06, ""looking_at_viewer"": 0.718672, ""mask"": 0.000186, ""midriff"": 0.000141, ""multiple_girls"": 0.000589, ""navel"": 0.0008, ""no_humans"": 1.4e-05, ""onsen"": 1e-06, ""panties"": 0.000123, ""penguin"": 2e-06, ""school_swimsuit"": 7e-06, ""solo"": 0.942477, ""swimsuit"": 7.7e-05, ""thighhighs"": 0.001065, ""underwear"": 0.000496}",visual_review
bangdream_006_birthday_2022,classified,soft_review,"[""cleavage"", ""garter_straps"", ""soft_review_tag""]",rendered,src/data/deskpet/bangdream-rendered-resource-audit/rendered/bangdream_006_birthday_2022.png,completed,"{""1girl"": 0.996891, ""2girls"": 0.000262, ""animal"": 1.2e-05, ""animal_focus"": 0.0, ""bare_shoulders"": 0.35426, ""bikini"": 0.000158, ""bird"": 8e-06, ""cleavage"": 0.917388, ""corset"": 0.002257, ""crop_top"": 0.000525, ""dog"": 2e-06, ""faceless"": 5.2e-05, ""food_focus"": 0.0, ""garter_straps"": 0.96884, ""helmet"": 8e-06, ""lingerie"": 6.7e-05, ""looking_at_viewer"": 0.829624, ""mask"": 0.0001, ""midriff"": 0.000975, ""multiple_girls"": 0.000441, ""navel"": 0.002728, ""no_humans"": 3e-06, ""onsen"": 0.0, ""panties"": 0.000215, ""penguin"": 4e-06, ""school_swimsuit"": 6e-06, ""solo"": 0.966622, ""swimsuit"": 0.000172, ""thighhighs"": 0.900127, ""underwear"": 0.000621}",visual_review
bangdream_006_collabo_d_3_ur,classified,soft_review,"[""cleavage"", ""soft_review_tag""]",rendered,src/data/deskpet/bangdream-rendered-resource-audit/rendered/bangdream_006_collabo_d_3_ur.png,completed,"{""1girl"": 0.996336, ""2girls"": 0.000367, ""animal"": 5e-05, ""animal_focus"": 1e-06, ""bare_shoulders"": 0.077972, ""bikini"": 0.00056, ""bird"": 0.000155, ""cleavage"": 0.849242, ""corset"": 0.000229, ""crop_top"": 0.288124, ""dog"": 1.8e-05, ""faceless"": 5.2e-05, ""food_focus"": 0.0, ""garter_straps"": 0.002507, ""helmet"": 0.000328, ""lingerie"": 0.000279, ""looking_at_viewer"": 0.538449, ""mask"": 0.0001, ""midriff"": 0.225999, ""multiple_girls"": 0.000631, ""navel"": 0.452056, ""no_humans"": 2.1e-05, ""onsen"": 3e-06, ""panties"": 0.000836, ""penguin"": 6e-06, ""school_swimsuit"": 1.3e-05, ""solo"": 0.900982, ""swimsuit"": 0.000861, ""thighhighs"": 0.962738, ""underwear"": 0.001666}",visual_review
bangdream_006_dream_festival,classified,soft_review,"[""midriff"", ""navel"", ""soft_review_tag""]",rendered,src/data/deskpet/bangdream-rendered-resource-audit/rendered/bangdream_006_dream_festival.png,completed,"{""1girl"": 0.994637, ""2girls"": 0.000365, ""animal"": 3.1e-05, ""animal_focus"": 0.0, ""bare_shoulders"": 0.006887, ""bikini"": 0.000161, ""bird"": 6.4e-05, ""cleavage"": 0.038211, ""corset"": 0.00892, ""crop_top"": 0.491968, ""dog"": 3.7e-05, ""faceless"": 0.0, ""food_focus"": 0.0, ""garter_straps"": 0.032591, ""helmet"": 6e-06, ""lingerie"": 3e-06, ""looking_at_viewer"": 0.713704, ""mask"": 4.9e-05, ""midriff"": 0.60382, ""multiple_girls"": 0.001085, ""navel"": 0.706456, ""no_humans"": 3e-06, ""onsen"": 0.0, ""panties"": 0.001328, ""penguin"": 1e-06, ""school_swimsuit"": 1e-05, ""solo"": 0.948588, ""swimsuit"": 0.000195, ""thighhighs"": 0.021893, ""underwear"": 0.003301}",visual_review
bangdream_006_dream_festival_2,classified,soft_review,"[""cleavage"", ""soft_review_tag""]",rendered,src/data/deskpet/bangdream-rendered-resource-audit/rendered/bangdream_006_dream_festival_2.png,completed,"{""1girl"": 0.995639, ""2girls"": 0.000218, ""animal"": 3e-06, ""animal_focus"": 0.0, ""bare_shoulders"": 0.063375, ""bikini"": 4.7e-05, ""bird"": 1e-05, ""cleavage"": 0.74582, ""corset"": 0.016017, ""crop_top"": 0.001238, ""dog"": 0.0, ""faceless"": 1e-06, ""food_focus"": 0.0, ""garter_straps"": 0.001128, ""helmet"": 2e-05, ""lingerie"": 1e-05, ""looking_at_viewer"": 0.782261, ""mask"": 0.000281, ""midriff"": 0.001448, ""multiple_girls"": 0.000425, ""navel"": 0.001299, ""no_humans"": 8e-06, ""onsen"": 1e-06, ""panties"": 0.000311, ""penguin"": 1e-06, ""school_swimsuit"": 8e-06, ""solo"": 0.976271, ""swimsuit"": 0.000128, ""thighhighs"": 0.054065, ""underwear"": 0.000617}",visual_review
bangdream_006_dream_festival_4_ur,classified,soft_review,"[""crop_top"", ""midriff"", ""navel"", ""soft_review_tag""]",rendered,src/data/deskpet/bangdream-rendered-resource-audit/rendered/bangdream_006_dream_festival_4_ur.png,completed,"{""1girl"": 0.994782, ""2girls"": 0.00023, ""animal"": 3.6e-05, ""animal_focus"": 1e-06, ""bare_shoulders"": 0.001575, ""bikini"": 0.00011, ""bird"": 2e-05, ""cleavage"": 0.003702, ""corset"": 2.6e-05, ""crop_top"": 0.664278, ""dog"": 7e-06, ""faceless"": 4e-06, ""food_focus"": 0.0, ""garter_straps"": 0.000246, ""helmet"": 1.3e-05, ""lingerie"": 8e-06, ""looking_at_viewer"": 0.736112, ""mask"": 0.000124, ""midriff"": 0.743446, ""multiple_girls"": 0.000463, ""navel"": 0.803712, ""no_humans"": 1.2e-05, ""onsen"": 1e-06, ""panties"": 0.000259, ""penguin"": 1e-06, ""school_swimsuit"": 5e-06, ""solo"": 0.949281, ""swimsuit"": 0.000208, ""thighhighs"": 0.001779, ""underwear"": 0.000663}",visual_review
bangdream_006_live_event_129_ssr,classified,soft_review,"[""crop_top"", ""midriff"", ""soft_review_tag""]",rendered,src/data/deskpet/bangdream-rendered-resource-audit/rendered/bangdream_006_live_event_129_ssr.png,completed,"{""1girl"": 0.992435, ""2girls"": 0.00033, ""animal"": 3.3e-05, ""animal_focus"": 0.0, ""bare_shoulders"": 0.002224, ""bikini"": 8.1e-05, ""bird"": 2.9e-05, ""cleavage"": 0.006764, ""corset"": 0.000432, ""crop_top"": 0.78673, ""dog"": 1.1e-05, ""faceless"": 2.1e-05, ""food_focus"": 0.0, ""garter_straps"": 0.003759, ""helmet"": 2.9e-05, ""lingerie"": 4e-06, ""looking_at_viewer"": 0.710462, ""mask"": 9.1e-05, ""midriff"": 0.597376, ""multiple_girls"": 0.000665, ""navel"": 0.016689, ""no_humans"": 1.8e-05, ""onsen"": 1e-06, ""panties"": 0.000278, ""penguin"": 3e-06, ""school_swimsuit"": 6e-06, ""solo"": 0.917955, ""swimsuit"": 0.000137, ""thighhighs"": 0.866933, ""underwear"": 0.000738}",visual_review
bangdream_006_live_event_152_ssr,classified,soft_review,"[""navel"", ""soft_review_tag""]",rendered,src/data/deskpet/bangdream-rendered-resource-audit/rendered/bangdream_006_live_event_152_ssr.png,completed,"{""1girl"": 0.9974, ""2girls"": 0.000207, ""animal"": 7e-06, ""animal_focus"": 1e-06, ""bare_shoulders"": 0.673593, ""bikini"": 0.000129, ""bird"": 1.8e-05, ""cleavage"": 0.363647, ""corset"": 0.004714, ""crop_top"": 0.000139, ""dog"": 1e-06, ""faceless"": 2e-06, ""food_focus"": 0.0, ""garter_straps"": 2e-05, ""helmet"": 1.3e-05, ""lingerie"": 5e-06, ""looking_at_viewer"": 0.738647, ""mask"": 0.000236, ""midriff"": 0.012639, ""multiple_girls"": 0.000256, ""navel"": 0.903593, ""no_humans"": 5e-06, ""onsen"": 0.0, ""panties"": 0.000213, ""penguin"": 1e-06, ""school_swimsuit"": 5e-06, ""solo"": 0.95755, ""swimsuit"": 0.000243, ""thighhighs"": 0.001928, ""underwear"": 0.000442}",visual_review
bangdream_006_live_event_182_r,classified,soft_review,"[""crop_top"", ""midriff"", ""navel"", ""soft_review_tag""]",rendered,src/data/deskpet/bangdream-rendered-resource-audit/rendered/bangdream_006_live_event_182_r.png,completed,"{""1girl"": 0.998136, ""2girls"": 0.000178, ""animal"": 1e-05, ""animal_focus"": 0.0, ""bare_shoulders"": 0.003868, ""bikini"": 0.000113, ""bird"": 0.000118, ""cleavage"": 0.005814, ""corset"": 0.001752, ""crop_top"": 0.840114, ""dog"": 1.3e-05, ""faceless"": 5e-06, ""food_focus"": 0.0, ""garter_straps"": 0.002991, ""helmet"": 5e-06, ""lingerie"": 3e-06, ""looking_at_viewer"": 0.857934, ""mask"": 0.000136, ""midriff"": 0.969328, ""multiple_girls"": 0.000318, ""navel"": 0.871325, ""no_humans"": 2e-06, ""onsen"": 0.0, ""panties"": 0.001385, ""penguin"": 1e-06, ""school_swimsuit"": 1.1e-05, ""solo"": 0.981151, ""swimsuit"": 8.9e-05, ""thighhighs"": 0.983529, ""underwear"": 0.003104}",visual_review
bangdream_006_live_event_200_sr,classified,soft_review,"[""cleavage"", ""midriff"", ""soft_review_tag""]",rendered,src/data/deskpet/bangdream-rendered-resource-audit/rendered/bangdream_006_live_event_200_sr.png,completed,"{""1girl"": 0.995274, ""2girls"": 0.000386, ""animal"": 3e-05, ""animal_focus"": 1e-06, ""bare_shoulders"": 0.002933, ""bikini"": 0.00016, ""bird"": 5.3e-05, ""cleavage"": 0.764138, ""corset"": 0.022793, ""crop_top"": 0.260481, ""dog"": 4e-06, ""faceless"": 6e-06, ""food_focus"": 0.0, ""garter_straps"": 0.001498, ""helmet"": 3.9e-05, ""lingerie"": 3.3e-05, ""looking_at_viewer"": 0.646398, ""mask"": 7.2e-05, ""midriff"": 0.565631, ""multiple_girls"": 0.000793, ""navel"": 0.029941, ""no_humans"": 2e-06, ""onsen"": 0.0, ""panties"": 0.000622, ""penguin"": 2e-06, ""school_swimsuit"": 5e-06, ""solo"": 0.934919, ""swimsuit"": 0.000143, ""thighhighs"": 0.90338, ""underwear"": 0.002498}",visual_review
bangdream_006_live_event_211_ssr,classified,soft_review,"[""crop_top"", ""midriff"", ""navel"", ""soft_review_tag""]",rendered,src/data/deskpet/bangdream-rendered-resource-audit/rendered/bangdream_006_live_event_211_ssr.png,completed,"{""1girl"": 0.996699, ""2girls"": 0.000221, ""animal"": 1.8e-05, ""animal_focus"": 1e-06, ""bare_shoulders"": 0.03961, ""bikini"": 0.000215, ""bird"": 3.3e-05, ""cleavage"": 0.009261, ""corset"": 0.000642, ""crop_top"": 0.713504, ""dog"": 1.6e-05, ""faceless"": 1e-06, ""food_focus"": 0.0, ""garter_straps"": 0.000637, ""helmet"": 1.1e-05, ""lingerie"": 3.4e-05, ""looking_at_viewer"": 0.856489, ""mask"": 7.4e-05, ""midriff"": 0.550493, ""multiple_girls"": 0.000367, ""navel"": 0.745012, ""no_humans"": 1.8e-05, ""onsen"": 1e-06, ""panties"": 0.002719, ""penguin"": 0.0, ""school_swimsuit"": 5e-06, ""solo"": 0.972211, ""swimsuit"": 0.000281, ""thighhighs"": 0.011189, ""underwear"": 0.02314}",visual_review
bangdream_006_live_event_217_ssr,classified,soft_review,"[""cleavage"", ""soft_review_tag""]",rendered,src/data/deskpet/bangdream-rendered-resource-audit/rendered/bangdream_006_live_event_217_ssr.png,completed,"{""1girl"": 0.996074, ""2girls"": 0.000309, ""animal"": 1.5e-05, ""animal_focus"": 3e-06, ""bare_shoulders"": 0.218458, ""bikini"": 0.000422, ""bird"": 5.1e-05, ""cleavage"": 0.8042, ""corset"": 0.000382, ""crop_top"": 0.005133, ""dog"": 1e-06, ""faceless"": 4e-06, ""food_focus"": 0.0, ""garter_straps"": 7.9e-05, ""helmet"": 1.3e-05, ""lingerie"": 4.1e-05, ""looking_at_viewer"": 0.767304, ""mask"": 8.3e-05, ""midriff"": 0.012275, ""multiple_girls"": 0.000444, ""navel"": 0.002216, ""no_humans"": 8e-06, ""onsen"": 2e-06, ""panties"": 0.004067, ""penguin"": 7e-06, ""school_swimsuit"": 1.4e-05, ""solo"": 0.936451, ""swimsuit"": 0.000581, ""thighhighs"": 0.002104, ""underwear"": 0.341175}",visual_review
bangdream_006_live_event_229_ssr,classified,soft_review,"[""garter_straps"", ""soft_review_tag""]",rendered,src/data/deskpet/bangdream-rendered-resource-audit/rendered/bangdream_006_live_event_229_ssr.png,completed,"{""1girl"": 0.997946, ""2girls"": 0.000278, ""animal"": 1.7e-05, ""animal_focus"": 1e-06, ""bare_shoulders"": 0.421008, ""bikini"": 5.4e-05, ""bird"": 5e-05, ""cleavage"": 0.007625, ""corset"": 0.001625, ""crop_top"": 4.1e-05, ""dog"": 3e-06, ""faceless"": 3.4e-05, ""food_focus"": 0.0, ""garter_straps"": 0.557705, ""helmet"": 3.4e-05, ""lingerie"": 1.3e-05, ""looking_at_viewer"": 0.873176, ""mask"": 2.4e-05, ""midriff"": 0.000329, ""multiple_girls"": 0.000376, ""navel"": 0.001139, ""no_humans"": 3e-06, ""onsen"": 0.0, ""panties"": 9.8e-05, ""penguin"": 4e-06, ""school_swimsuit"": 6e-06, ""solo"": 0.978733, ""swimsuit"": 0.00013, ""thighhighs"": 0.911568, ""underwear"": 0.000238}",visual_review
bangdream_006_live_event_247_r,classified,soft_review,"[""navel"", ""soft_review_tag""]",rendered,src/data/deskpet/bangdream-rendered-resource-audit/rendered/bangdream_006_live_event_247_r.png,completed,"{""1girl"": 0.997747, ""2girls"": 0.000184, ""animal"": 1.5e-05, ""animal_focus"": 0.0, ""bare_shoulders"": 0.002912, ""bikini"": 0.000127, ""bird"": 2.8e-05, ""cleavage"": 0.004245, ""corset"": 0.001841, ""crop_top"": 0.002281, ""dog"": 4e-06, ""faceless"": 3e-06, ""food_focus"": 0.0, ""garter_straps"": 0.000364, ""helmet"": 1e-05, ""lingerie"": 3e-06, ""looking_at_viewer"": 0.849412, ""mask"": 4e-05, ""midriff"": 0.200952, ""multiple_girls"": 0.000334, ""navel"": 0.906779, ""no_humans"": 3e-06, ""onsen"": 4e-06, ""panties"": 0.000256, ""penguin"": 4e-06, ""school_swimsuit"": 3e-06, ""solo"": 0.974919, ""swimsuit"": 0.000185, ""thighhighs"": 0.953858, ""underwear"": 0.000674}",visual_review
bangdream_006_live_event_258_sr,classified,soft_review,"[""cleavage"", ""crop_top"", ""midriff"", ""navel"", ""soft_review_tag""]",rendered,src/data/deskpet/bangdream-rendered-resource-audit/rendered/bangdream_006_live_event_258_sr.png,completed,"{""1girl"": 0.996218, ""2girls"": 0.000179, ""animal"": 7e-06, ""animal_focus"": 0.0, ""bare_shoulders"": 0.086349, ""bikini"": 0.000254, ""bird"": 4.2e-05, ""cleavage"": 0.932512, ""corset"": 0.000135, ""crop_top"": 0.797117, ""dog"": 2e-06, ""faceless"": 1e-06, ""food_focus"": 0.0, ""garter_straps"": 0.011895, ""helmet"": 1.2e-05, ""lingerie"": 1e-06, ""looking_at_viewer"": 0.856524, ""mask"": 8.2e-05, ""midriff"": 0.904819, ""multiple_girls"": 0.000383, ""navel"": 0.897082, ""no_humans"": 5e-06, ""onsen"": 1e-06, ""panties"": 0.000552, ""penguin"": 0.0, ""school_swimsuit"": 6e-06, ""solo"": 0.968002, ""swimsuit"": 0.000203, ""thighhighs"": 0.064412, ""underwear"": 0.000964}",visual_review
bangdream_006_live_event_268_ur,classified,soft_review,"[""cleavage"", ""soft_review_tag""]",rendered,src/data/deskpet/bangdream-rendered-resource-audit/rendered/bangdream_006_live_event_268_ur.png,completed,"{""1girl"": 0.994878, ""2girls"": 0.000342, ""animal"": 1.7e-05, ""animal_focus"": 0.0, ""bare_shoulders"": 0.043247, ""bikini"": 9.6e-05, ""bird"": 7.1e-05, ""cleavage"": 0.918285, ""corset"": 0.000344, ""crop_top"": 0.000994, ""dog"": 4e-06, ""faceless"": 3e-06, ""food_focus"": 0.0, ""garter_straps"": 0.03308, ""helmet"": 6e-06, ""lingerie"": 3e-06, ""looking_at_viewer"": 0.774255, ""mask"": 2.9e-05, ""midriff"": 0.002102, ""multiple_girls"": 0.000594, ""navel"": 0.004839, ""no_humans"": 1.1e-05, ""onsen"": 0.0, ""panties"": 0.000272, ""penguin"": 0.0, ""school_swimsuit"": 6e-06, ""solo"": 0.946974, ""swimsuit"": 0.000134, ""thighhighs"": 0.084292, ""underwear"": 0.000473}",visual_review
bangdream_006_live_event_277_r,classified,soft_review,"[""garter_straps"", ""soft_review_tag""]",rendered,src/data/deskpet/bangdream-rendered-resource-audit/rendered/bangdream_006_live_event_277_r.png,completed,"{""1girl"": 0.998554, ""2girls"": 0.000129, ""animal"": 3.4e-05, ""animal_focus"": 1e-06, ""bare_shoulders"": 0.435902, ""bikini"": 3.6e-05, ""bird"": 2.1e-05, ""cleavage"": 0.004604, ""corset"": 0.002475, ""crop_top"": 0.000638, ""dog"": 5e-06, ""faceless"": 2.5e-05, ""food_focus"": 0.0, ""garter_straps"": 0.96937, ""helmet"": 7e-06, ""lingerie"": 2.6e-05, ""looking_at_viewer"": 0.872188, ""mask"": 8.6e-05, ""midriff"": 0.00033, ""multiple_girls"": 0.00023, ""navel"": 0.000855, ""no_humans"": 3e-06, ""onsen"": 1e-06, ""panties"": 0.000332, ""penguin"": 2e-06, ""school_swimsuit"": 3e-06, ""solo"": 0.977463, ""swimsuit"": 5.6e-05, ""thighhighs"": 0.942384, ""underwear"": 0.000771}",visual_review
bangdream_006_live_event_279_ssr,classified,soft_review,"[""cleavage"", ""crop_top"", ""midriff"", ""navel"", ""soft_review_tag""]",rendered,src/data/deskpet/bangdream-rendered-resource-audit/rendered/bangdream_006_live_event_279_ssr.png,completed,"{""1girl"": 0.994334, ""2girls"": 0.00027, ""animal"": 7.4e-05, ""animal_focus"": 2e-06, ""bare_shoulders"": 0.008573, ""bikini"": 0.000168, ""bird"": 4.7e-05, ""cleavage"": 0.507906, ""corset"": 3e-05, ""crop_top"": 0.758255, ""dog"": 1.8e-05, ""faceless"": 3e-06, ""food_focus"": 0.0, ""garter_straps"": 0.001898, ""helmet"": 4.2e-05, ""lingerie"": 1.6e-05, ""looking_at_viewer"": 0.870879, ""mask"": 1.7e-05, ""midriff"": 0.798665, ""multiple_girls"": 0.000513, ""navel"": 0.807602, ""no_humans"": 7e-06, ""onsen"": 2e-06, ""panties"": 0.012609, ""penguin"": 7.1e-05, ""school_swimsuit"": 1.2e-05, ""solo"": 0.96902, ""swimsuit"": 0.00031, ""thighhighs"": 0.008557, ""underwear"": 0.012389}",visual_review
bangdream_006_live_event_27_ssr,classified,soft_review,"[""cleavage"", ""soft_review_tag""]",rendered,src/data/deskpet/bangdream-rendered-resource-audit/rendered/bangdream_006_live_event_27_ssr.png,completed,"{""1girl"": 0.995805, ""2girls"": 0.000234, ""animal"": 4.5e-05, ""animal_focus"": 1e-06, ""bare_shoulders"": 0.364085, ""bikini"": 0.000299, ""bird"": 2.4e-05, ""cleavage"": 0.586555, ""corset"": 0.763572, ""crop_top"": 8.9e-05, ""dog"": 2e-05, ""faceless"": 1.3e-05, ""food_focus"": 0.0, ""garter_straps"": 4.9e-05, ""helmet"": 2.6e-05, ""lingerie"": 6e-06, ""looking_at_viewer"": 0.595083, ""mask"": 6.5e-05, ""midriff"": 0.000434, ""multiple_girls"": 0.000412, ""navel"": 0.000734, ""no_humans"": 5e-06, ""onsen"": 1e-06, ""panties"": 0.000232, ""penguin"": 2e-06, ""school_swimsuit"": 8e-06, ""solo"": 0.921124, ""swimsuit"": 0.00056, ""thighhighs"": 0.011345, ""underwear"": 0.000559}",visual_review
bangdream_006_live_event_294_r,classified,soft_review,"[""crop_top"", ""midriff"", ""navel"", ""soft_review_tag""]",rendered,src/data/deskpet/bangdream-rendered-resource-audit/rendered/bangdream_006_live_event_294_r.png,completed,"{""1girl"": 0.994319, ""2girls"": 0.000369, ""animal"": 3.4e-05, ""animal_focus"": 3e-06, ""bare_shoulders"": 0.139478, ""bikini"": 0.000323, ""bird"": 4e-05, ""cleavage"": 0.005595, ""corset"": 0.000139, ""crop_top"": 0.59177, ""dog"": 1.7e-05, ""faceless"": 4e-06, ""food_focus"": 0.0, ""garter_straps"": 0.000173, ""helmet"": 6.5e-05, ""lingerie"": 6e-06, ""looking_at_viewer"": 0.609523, ""mask"": 0.000186, ""midriff"": 0.749536, ""multiple_girls"": 0.000625, ""navel"": 0.88126, ""no_humans"": 9e-06, ""onsen"": 3e-06, ""panties"": 0.000357, ""penguin"": 1e-06, ""school_swimsuit"": 1.6e-05, ""solo"": 0.922134, ""swimsuit"": 0.000525, ""thighhighs"": 0.541429, ""underwear"": 0.000746}",visual_review
bangdream_006_live_event_306_ur,classified,soft_review,"[""crop_top"", ""midriff"", ""navel"", ""soft_review_tag""]",rendered,src/data/deskpet/bangdream-rendered-resource-audit/rendered/bangdream_006_live_event_306_ur.png,completed,"{""1girl"": 0.994398, ""2girls"": 0.000275, ""animal"": 7.5e-05, ""animal_focus"": 1e-06, ""bare_shoulders"": 0.011425, ""bikini"": 0.000233, ""bird"": 4.9e-05, ""cleavage"": 0.002361, ""corset"": 5.9e-05, ""crop_top"": 0.862062, ""dog"": 1.4e-05, ""faceless"": 1e-05, ""food_focus"": 0.0, ""garter_straps"": 0.000896, ""helmet"": 2.1e-05, ""lingerie"": 9e-06, ""looking_at_viewer"": 0.74235, ""mask"": 4.6e-05, ""midriff"": 0.676842, ""multiple_girls"": 0.000379, ""navel"": 0.845126, ""no_humans"": 1.5e-05, ""onsen"": 1e-06, ""panties"": 0.001578, ""penguin"": 5e-06, ""school_swimsuit"": 6e-06, ""solo"": 0.912689, ""swimsuit"": 0.000252, ""thighhighs"": 0.001842, ""underwear"": 0.007397}",visual_review
bangdream_006_live_event_320_ssr,classified,soft_review,"[""garter_straps"", ""soft_review_tag""]",rendered,src/data/deskpet/bangdream-rendered-resource-audit/rendered/bangdream_006_live_event_320_ssr.png,completed,"{""1girl"": 0.997981, ""2girls"": 0.000324, ""animal"": 1e-05, ""animal_focus"": 0.0, ""bare_shoulders"": 0.002729, ""bikini"": 6e-05, ""bird"": 2.7e-05, ""cleavage"": 0.039953, ""corset"": 0.869095, ""crop_top"": 3.6e-05, ""dog"": 3e-06, ""faceless"": 5e-06, ""food_focus"": 0.0, ""garter_straps"": 0.933495, ""helmet"": 4e-06, ""lingerie"": 4.7e-05, ""looking_at_viewer"": 0.808071, ""mask"": 4.4e-05, ""midriff"": 8.8e-05, ""multiple_girls"": 0.000432, ""navel"": 0.000751, ""no_humans"": 5e-06, ""onsen"": 0.0, ""panties"": 0.000179, ""penguin"": 4e-06, ""school_swimsuit"": 6e-06, ""solo"": 0.977106, ""swimsuit"": 0.000112, ""thighhighs"": 0.965046, ""underwear"": 0.000341}",visual_review
bangdream_006_live_event_49_ssr,classified,soft_review,"[""mask"", ""qualification_review""]",rendered,src/data/deskpet/bangdream-rendered-resource-audit/rendered/bangdream_006_live_event_49_ssr.png,completed,"{""1girl"": 0.993187, ""2girls"": 0.000272, ""animal"": 2e-05, ""animal_focus"": 3e-06, ""bare_shoulders"": 0.001465, ""bikini"": 6.9e-05, ""bird"": 1.6e-05, ""cleavage"": 0.000659, ""corset"": 0.003253, ""crop_top"": 0.000146, ""dog"": 2e-06, ""faceless"": 1.2e-05, ""food_focus"": 0.0, ""garter_straps"": 0.000528, ""helmet"": 3.7e-05, ""lingerie"": 5e-06, ""looking_at_viewer"": 0.696522, ""mask"": 0.97743, ""midriff"": 0.000481, ""multiple_girls"": 0.000572, ""navel"": 0.001252, ""no_humans"": 1.1e-05, ""onsen"": 1e-06, ""panties"": 0.000145, ""penguin"": 1e-06, ""school_swimsuit"": 8e-06, ""solo"": 0.9398, ""swimsuit"": 0.00011, ""thighhighs"": 0.310022, ""underwear"": 0.000371}",visual_review
bangdream_006_live_event_51_sr,classified,soft_review,"[""midriff"", ""navel"", ""soft_review_tag""]",rendered,src/data/deskpet/bangdream-rendered-resource-audit/rendered/bangdream_006_live_event_51_sr.png,completed,"{""1girl"": 0.996389, ""2girls"": 0.000229, ""animal"": 2e-05, ""animal_focus"": 0.0, ""bare_shoulders"": 0.006165, ""bikini"": 0.000218, ""bird"": 1.8e-05, ""cleavage"": 0.004348, ""corset"": 0.024396, ""crop_top"": 0.44834, ""dog"": 5.9e-05, ""faceless"": 6e-06, ""food_focus"": 0.0, ""garter_straps"": 0.059713, ""helmet"": 3e-06, ""lingerie"": 7e-06, ""looking_at_viewer"": 0.790489, ""mask"": 3e-05, ""midriff"": 0.853926, ""multiple_girls"": 0.000398, ""navel"": 0.953027, ""no_humans"": 7e-06, ""onsen"": 1e-06, ""panties"": 0.001592, ""penguin"": 2e-06, ""school_swimsuit"": 5e-06, ""solo"": 0.973861, ""swimsuit"": 0.000134, ""thighhighs"": 0.968441, ""underwear"": 0.004144}",visual_review
bangdream_006_live_event_62_sr,classified,soft_review,"[""navel"", ""soft_review_tag""]",rendered,src/data/deskpet/bangdream-rendered-resource-audit/rendered/bangdream_006_live_event_62_sr.png,completed,"{""1girl"": 0.990725, ""2girls"": 0.000288, ""animal"": 1.7e-05, ""animal_focus"": 0.0, ""bare_shoulders"": 0.05349, ""bikini"": 0.000245, ""bird"": 4.4e-05, ""cleavage"": 0.002607, ""corset"": 0.027836, ""crop_top"": 0.008241, ""dog"": 1.9e-05, ""faceless"": 1.8e-05, ""food_focus"": 0.0, ""garter_straps"": 0.000463, ""helmet"": 1.3e-05, ""lingerie"": 1.6e-05, ""looking_at_viewer"": 0.772385, ""mask"": 6.8e-05, ""midriff"": 0.110362, ""multiple_girls"": 0.000637, ""navel"": 0.801874, ""no_humans"": 6e-06, ""onsen"": 1e-06, ""panties"": 0.000375, ""penguin"": 1e-06, ""school_swimsuit"": 4e-06, ""solo"": 0.96336, ""swimsuit"": 0.000407, ""thighhighs"": 0.984687, ""underwear"": 0.000378}",visual_review
bangdream_006_live_event_75_ssr,classified,soft_review,"[""crop_top"", ""midriff"", ""soft_review_tag""]",rendered,src/data/deskpet/bangdream-rendered-resource-audit/rendered/bangdream_006_live_event_75_ssr.png,completed,"{""1girl"": 0.993255, ""2girls"": 0.000472, ""animal"": 3e-05, ""animal_focus"": 0.0, ""bare_shoulders"": 0.008584, ""bikini"": 0.00014, ""bird"": 4.6e-05, ""cleavage"": 0.002298, ""corset"": 0.001501, ""crop_top"": 0.550272, ""dog"": 9e-06, ""faceless"": 3e-06, ""food_focus"": 0.0, ""garter_straps"": 0.000612, ""helmet"": 8e-06, ""lingerie"": 2.2e-05, ""looking_at_viewer"": 0.52921, ""mask"": 7.4e-05, ""midriff"": 0.690945, ""multiple_girls"": 0.000825, ""navel"": 0.369108, ""no_humans"": 8e-06, ""onsen"": 1e-06, ""panties"": 0.000141, ""penguin"": 4e-06, ""school_swimsuit"": 7e-06, ""solo"": 0.865311, ""swimsuit"": 0.000166, ""thighhighs"": 0.005305, ""underwear"": 0.000438}",visual_review
bangdream_006_live_event_78_sr,classified,soft_review,"[""navel"", ""soft_review_tag""]",rendered,src/data/deskpet/bangdream-rendered-resource-audit/rendered/bangdream_006_live_event_78_sr.png,completed,"{""1girl"": 0.99357, ""2girls"": 0.000369, ""animal"": 0.000152, ""animal_focus"": 0.0, ""bare_shoulders"": 0.402523, ""bikini"": 6.4e-05, ""bird"": 0.000132, ""cleavage"": 0.000673, ""corset"": 0.000256, ""crop_top"": 0.249181, ""dog"": 4e-05, ""faceless"": 3e-06, ""food_focus"": 0.0, ""garter_straps"": 0.001233, ""helmet"": 9e-06, ""lingerie"": 1e-06, ""looking_at_viewer"": 0.690415, ""mask"": 7e-05, ""midriff"": 0.465107, ""multiple_girls"": 0.000902, ""navel"": 0.916702, ""no_humans"": 7e-06, ""onsen"": 1e-06, ""panties"": 0.000671, ""penguin"": 2e-06, ""school_swimsuit"": 4e-06, ""solo"": 0.922069, ""swimsuit"": 8.5e-05, ""thighhighs"": 0.478458, ""underwear"": 0.000777}",visual_review
bangdream_006_live_event_95_sr,classified,soft_review,"[""mask"", ""qualification_review""]",rendered,src/data/deskpet/bangdream-rendered-resource-audit/rendered/bangdream_006_live_event_95_sr.png,completed,"{""1girl"": 0.995609, ""2girls"": 0.000266, ""animal"": 9e-05, ""animal_focus"": 0.0, ""bare_shoulders"": 0.027598, ""bikini"": 4.2e-05, ""bird"": 3.7e-05, ""cleavage"": 0.000362, ""corset"": 0.006079, ""crop_top"": 9.4e-05, ""dog"": 1.4e-05, ""faceless"": 3e-06, ""food_focus"": 0.0, ""garter_straps"": 2.2e-05, ""helmet"": 8.4e-05, ""lingerie"": 3e-06, ""looking_at_viewer"": 0.742251, ""mask"": 0.992436, ""midriff"": 0.00022, ""multiple_girls"": 0.00037, ""navel"": 0.00062, ""no_humans"": 8e-06, ""onsen"": 1e-06, ""panties"": 0.000128, ""penguin"": 1e-06, ""school_swimsuit"": 5e-06, ""solo"": 0.911129, ""swimsuit"": 0.000134, ""thighhighs"": 0.006523, ""underwear"": 0.000161}",visual_review
bangdream_006_live_event_99_r,classified,soft_review,"[""cleavage"", ""soft_review_tag""]",rendered,src/data/deskpet/bangdream-rendered-resource-audit/rendered/bangdream_006_live_event_99_r.png,completed,"{""1girl"": 0.994468, ""2girls"": 0.000377, ""animal"": 8e-06, ""animal_focus"": 1e-06, ""bare_shoulders"": 0.001146, ""bikini"": 7.5e-05, ""bird"": 3.6e-05, ""cleavage"": 0.559932, ""corset"": 0.00074, ""crop_top"": 5.2e-05, ""dog"": 2e-06, ""faceless"": 3e-06, ""food_focus"": 0.0, ""garter_straps"": 0.000528, ""helmet"": 6e-06, ""lingerie"": 1.1e-05, ""looking_at_viewer"": 0.752463, ""mask"": 0.000164, ""midriff"": 0.0003, ""multiple_girls"": 0.000562, ""navel"": 0.001006, ""no_humans"": 6e-06, ""onsen"": 2e-06, ""panties"": 0.000211, ""penguin"": 3e-06, ""school_swimsuit"": 1e-06, ""solo"": 0.920669, ""swimsuit"": 0.000116, ""thighhighs"": 0.006561, ""underwear"": 0.000424}",visual_review
bangdream_006_live_r_2018,classified,soft_review,"[""cleavage"", ""soft_review_tag""]",rendered,src/data/deskpet/bangdream-rendered-resource-audit/rendered/bangdream_006_live_r_2018.png,completed,"{""1girl"": 0.994206, ""2girls"": 0.000203, ""animal"": 3.1e-05, ""animal_focus"": 1e-06, ""bare_shoulders"": 0.001368, ""bikini"": 6.7e-05, ""bird"": 7e-06, ""cleavage"": 0.733785, ""corset"": 0.002438, ""crop_top"": 0.003317, ""dog"": 9e-06, ""faceless"": 3e-06, ""food_focus"": 0.0, ""garter_straps"": 0.002523, ""helmet"": 7e-06, ""lingerie"": 4.4e-05, ""looking_at_viewer"": 0.904548, ""mask"": 0.000114, ""midriff"": 0.002621, ""multiple_girls"": 0.00041, ""navel"": 0.001968, ""no_humans"": 1.6e-05, ""onsen"": 0.0, ""panties"": 0.000825, ""penguin"": 2e-06, ""school_swimsuit"": 1e-06, ""solo"": 0.969905, ""swimsuit"": 7.5e-05, ""thighhighs"": 0.341503, ""underwear"": 0.017927}",visual_review
bangdream_006_live_r_2019,classified,soft_review,"[""cleavage"", ""crop_top"", ""midriff"", ""navel"", ""soft_review_tag""]",rendered,src/data/deskpet/bangdream-rendered-resource-audit/rendered/bangdream_006_live_r_2019.png,completed,"{""1girl"": 0.996756, ""2girls"": 0.000132, ""animal"": 7e-06, ""animal_focus"": 0.0, ""bare_shoulders"": 0.002519, ""bikini"": 0.000143, ""bird"": 3e-05, ""cleavage"": 0.95136, ""corset"": 0.019763, ""crop_top"": 0.871595, ""dog"": 5e-06, ""faceless"": 3e-06, ""food_focus"": 0.0, ""garter_straps"": 5.1e-05, ""helmet"": 5e-06, ""lingerie"": 4e-06, ""looking_at_viewer"": 0.819323, ""mask"": 4.5e-05, ""midriff"": 0.830996, ""multiple_girls"": 0.000285, ""navel"": 0.916243, ""no_humans"": 4e-06, ""onsen"": 2e-06, ""panties"": 0.00054, ""penguin"": 2e-06, ""school_swimsuit"": 1e-06, ""solo"": 0.973817, ""swimsuit"": 0.000234, ""thighhighs"": 0.001358, ""underwear"": 0.001426}",visual_review
bangdream_006_live_r_2022,classified,soft_review,"[""crop_top"", ""midriff"", ""soft_review_tag""]",rendered,src/data/deskpet/bangdream-rendered-resource-audit/rendered/bangdream_006_live_r_2022.png,completed,"{""1girl"": 0.996284, ""2girls"": 0.00018, ""animal"": 2.8e-05, ""animal_focus"": 0.0, ""bare_shoulders"": 0.002743, ""bikini"": 0.00011, ""bird"": 4.3e-05, ""cleavage"": 0.00553, ""corset"": 0.076781, ""crop_top"": 0.837888, ""dog"": 3e-06, ""faceless"": 1.2e-05, ""food_focus"": 0.0, ""garter_straps"": 0.086893, ""helmet"": 2.5e-05, ""lingerie"": 8e-06, ""looking_at_viewer"": 0.833624, ""mask"": 0.000127, ""midriff"": 0.541331, ""multiple_girls"": 0.000407, ""navel"": 0.006747, ""no_humans"": 1.3e-05, ""onsen"": 1e-06, ""panties"": 0.000421, ""penguin"": 5e-06, ""school_swimsuit"": 8e-06, ""solo"": 0.970952, ""swimsuit"": 0.000182, ""thighhighs"": 0.947252, ""underwear"": 0.001292}",visual_review
bangdream_006_live_sr_01,classified,soft_review,"[""crop_top"", ""midriff"", ""navel"", ""soft_review_tag""]",rendered,src/data/deskpet/bangdream-rendered-resource-audit/rendered/bangdream_006_live_sr_01.png,completed,"{""1girl"": 0.99787, ""2girls"": 0.000177, ""animal"": 2.4e-05, ""animal_focus"": 0.0, ""bare_shoulders"": 0.198764, ""bikini"": 0.000169, ""bird"": 3.5e-05, ""cleavage"": 0.001665, ""corset"": 2.5e-05, ""crop_top"": 0.889364, ""dog"": 8e-06, ""faceless"": 1e-06, ""food_focus"": 0.0, ""garter_straps"": 1e-05, ""helmet"": 2e-05, ""lingerie"": 1e-06, ""looking_at_viewer"": 0.837041, ""mask"": 7.9e-05, ""midriff"": 0.957921, ""multiple_girls"": 0.000236, ""navel"": 0.960763, ""no_humans"": 3e-06, ""onsen"": 0.0, ""panties"": 0.00063, ""penguin"": 4e-06, ""school_swimsuit"": 1e-06, ""solo"": 0.981369, ""swimsuit"": 0.000224, ""thighhighs"": 0.00709, ""underwear"": 0.001828}",visual_review
bangdream_007_2018_dog,classified,soft_review,"[""qualification_review"", ""variant_keyword:dog""]",rendered,src/data/deskpet/bangdream-rendered-resource-audit/rendered/bangdream_007_2018_dog.png,completed,"{""1girl"": 0.997235, ""2girls"": 0.000179, ""animal"": 0.000843, ""animal_focus"": 1e-06, ""bare_shoulders"": 0.001823, ""bikini"": 0.000131, ""bird"": 5.6e-05, ""cleavage"": 0.080439, ""corset"": 3e-06, ""crop_top"": 0.501805, ""dog"": 0.000237, ""faceless"": 3e-06, ""food_focus"": 0.0, ""garter_straps"": 2.3e-05, ""helmet"": 7e-06, ""lingerie"": 4e-06, ""looking_at_viewer"": 0.880603, ""mask"": 0.000137, ""midriff"": 0.5308, ""multiple_girls"": 0.000225, ""navel"": 0.348419, ""no_humans"": 1.7e-05, ""onsen"": 1e-06, ""panties"": 8.7e-05, ""penguin"": 1e-06, ""school_swimsuit"": 8e-06, ""solo"": 0.987262, ""swimsuit"": 0.000211, ""thighhighs"": 0.002281, ""underwear"": 0.000327}",visual_review
bangdream_007_birthday_2021,classified,soft_review,"[""garter_straps"", ""soft_review_tag""]",rendered,src/data/deskpet/bangdream-rendered-resource-audit/rendered/bangdream_007_birthday_2021.png,completed,"{""1girl"": 0.996258, ""2girls"": 0.000317, ""animal"": 2.9e-05, ""animal_focus"": 1.2e-05, ""bare_shoulders"": 0.603803, ""bikini"": 0.000262, ""bird"": 0.000118, ""cleavage"": 0.0081, ""corset"": 0.001611, ""crop_top"": 0.161125, ""dog"": 5e-06, ""faceless"": 0.000127, ""food_focus"": 2e-06, ""garter_straps"": 0.635811, ""helmet"": 4e-06, ""lingerie"": 3.3e-05, ""looking_at_viewer"": 0.623109, ""mask"": 3.8e-05, ""midriff"": 0.265288, ""multiple_girls"": 0.000489, ""navel"": 0.018544, ""no_humans"": 3.6e-05, ""onsen"": 4e-06, ""panties"": 0.000707, ""penguin"": 3e-06, ""school_swimsuit"": 3.1e-05, ""solo"": 0.945712, ""swimsuit"": 0.000453, ""thighhighs"": 0.45441, ""underwear"": 0.002103}",visual_review
bangdream_007_birthday_2022,classified,soft_review,"[""garter_straps"", ""soft_review_tag""]",rendered,src/data/deskpet/bangdream-rendered-resource-audit/rendered/bangdream_007_birthday_2022.png,completed,"{""1girl"": 0.995345, ""2girls"": 0.000301, ""animal"": 3.6e-05, ""animal_focus"": 2e-06, ""bare_shoulders"": 0.377656, ""bikini"": 0.000185, ""bird"": 7.7e-05, ""cleavage"": 0.006935, ""corset"": 0.01361, ""crop_top"": 0.000177, ""dog"": 3e-06, ""faceless"": 5.1e-05, ""food_focus"": 2.5e-05, ""garter_straps"": 0.929398, ""helmet"": 5e-06, ""lingerie"": 0.000135, ""looking_at_viewer"": 0.815658, ""mask"": 1.8e-05, ""midriff"": 0.000463, ""multiple_girls"": 0.000445, ""navel"": 0.001243, ""no_humans"": 1.9e-05, ""onsen"": 0.0, ""panties"": 0.000219, ""penguin"": 2e-06, ""school_swimsuit"": 9e-06, ""solo"": 0.951579, ""swimsuit"": 0.000338, ""thighhighs"": 0.883611, ""underwear"": 0.000437}",visual_review
bangdream_007_dream_festival_2,classified,soft_review,"[""crop_top"", ""midriff"", ""soft_review_tag""]",rendered,src/data/deskpet/bangdream-rendered-resource-audit/rendered/bangdream_007_dream_festival_2.png,completed,"{""1girl"": 0.995925, ""2girls"": 0.000303, ""animal"": 9.1e-05, ""animal_focus"": 2e-06, ""bare_shoulders"": 0.287863, ""bikini"": 0.000134, ""bird"": 0.000233, ""cleavage"": 0.008929, ""corset"": 0.000431, ""crop_top"": 0.692078, ""dog"": 4.8e-05, ""faceless"": 1.1e-05, ""food_focus"": 0.0, ""garter_straps"": 0.372904, ""helmet"": 5e-05, ""lingerie"": 1.6e-05, ""looking_at_viewer"": 0.818568, ""mask"": 2.2e-05, ""midriff"": 0.891748, ""multiple_girls"": 0.000481, ""navel"": 0.058443, ""no_humans"": 1.1e-05, ""onsen"": 0.0, ""panties"": 0.001834, ""penguin"": 1.4e-05, ""school_swimsuit"": 1.5e-05, ""solo"": 0.967579, ""swimsuit"": 0.000248, ""thighhighs"": 0.859084, ""underwear"": 0.003782}",visual_review
bangdream_007_dream_festival_3_ur,classified,soft_review,"[""garter_straps"", ""soft_review_tag""]",rendered,src/data/deskpet/bangdream-rendered-resource-audit/rendered/bangdream_007_dream_festival_3_ur.png,completed,"{""1girl"": 0.995598, ""2girls"": 0.000229, ""animal"": 3.6e-05, ""animal_focus"": 1e-06, ""bare_shoulders"": 0.066575, ""bikini"": 0.000124, ""bird"": 5e-05, ""cleavage"": 0.000778, ""corset"": 0.969317, ""crop_top"": 0.000105, ""dog"": 2e-06, ""faceless"": 5e-06, ""food_focus"": 0.0, ""garter_straps"": 0.54823, ""helmet"": 6e-06, ""lingerie"": 9.1e-05, ""looking_at_viewer"": 0.83084, ""mask"": 0.000123, ""midriff"": 0.000336, ""multiple_girls"": 0.000262, ""navel"": 0.000411, ""no_humans"": 1.6e-05, ""onsen"": 2e-06, ""panties"": 0.00017, ""penguin"": 2e-06, ""school_swimsuit"": 5e-06, ""solo"": 0.98164, ""swimsuit"": 0.000232, ""thighhighs"": 0.004696, ""underwear"": 0.000943}",visual_review
bangdream_007_live_event_115_r,classified,soft_review,"[""garter_straps"", ""midriff"", ""soft_review_tag""]",rendered,src/data/deskpet/bangdream-rendered-resource-audit/rendered/bangdream_007_live_event_115_r.png,completed,"{""1girl"": 0.994258, ""2girls"": 0.000294, ""animal"": 5.1e-05, ""animal_focus"": 2e-06, ""bare_shoulders"": 0.002315, ""bikini"": 0.000163, ""bird"": 0.000115, ""cleavage"": 0.002094, ""corset"": 0.000476, ""crop_top"": 0.419438, ""dog"": 1.9e-05, ""faceless"": 2e-06, ""food_focus"": 0.0, ""garter_straps"": 0.532667, ""helmet"": 2.4e-05, ""lingerie"": 5.4e-05, ""looking_at_viewer"": 0.776004, ""mask"": 0.000151, ""midriff"": 0.688399, ""multiple_girls"": 0.000417, ""navel"": 0.018589, ""no_humans"": 1.6e-05, ""onsen"": 2e-06, ""panties"": 0.000448, ""penguin"": 1e-06, ""school_swimsuit"": 5e-06, ""solo"": 0.954846, ""swimsuit"": 0.000197, ""thighhighs"": 0.805679, ""underwear"": 0.001131}",visual_review
bangdream_007_live_event_129_sr,classified,soft_review,"[""midriff"", ""soft_review_tag""]",rendered,src/data/deskpet/bangdream-rendered-resource-audit/rendered/bangdream_007_live_event_129_sr.png,completed,"{""1girl"": 0.99611, ""2girls"": 0.000161, ""animal"": 1e-05, ""animal_focus"": 0.0, ""bare_shoulders"": 0.000559, ""bikini"": 4.7e-05, ""bird"": 2.1e-05, ""cleavage"": 0.003454, ""corset"": 0.00012, ""crop_top"": 0.495588, ""dog"": 1e-06, ""faceless"": 1e-06, ""food_focus"": 0.0, ""garter_straps"": 0.006261, ""helmet"": 1.6e-05, ""lingerie"": 2e-05, ""looking_at_viewer"": 0.826594, ""mask"": 1.6e-05, ""midriff"": 0.719593, ""multiple_girls"": 0.000192, ""navel"": 0.051704, ""no_humans"": 1e-05, ""onsen"": 0.0, ""panties"": 0.000322, ""penguin"": 0.0, ""school_swimsuit"": 4e-06, ""solo"": 0.95615, ""swimsuit"": 7.8e-05, ""thighhighs"": 0.001018, ""underwear"": 0.001182}",visual_review
bangdream_007_live_event_136_sr,classified,soft_review,"[""crop_top"", ""soft_review_tag""]",rendered,src/data/deskpet/bangdream-rendered-resource-audit/rendered/bangdream_007_live_event_136_sr.png,completed,"{""1girl"": 0.996824, ""2girls"": 0.000133, ""animal"": 1.9e-05, ""animal_focus"": 0.0, ""bare_shoulders"": 0.023264, ""bikini"": 8.9e-05, ""bird"": 6.4e-05, ""cleavage"": 0.001665, ""corset"": 0.80492, ""crop_top"": 0.728985, ""dog"": 2e-06, ""faceless"": 1e-06, ""food_focus"": 0.0, ""garter_straps"": 0.403565, ""helmet"": 6e-06, ""lingerie"": 2e-06, ""looking_at_viewer"": 0.887103, ""mask"": 5.5e-05, ""midriff"": 0.277184, ""multiple_girls"": 0.000272, ""navel"": 0.007439, ""no_humans"": 4e-06, ""onsen"": 0.0, ""panties"": 0.000413, ""penguin"": 2e-06, ""school_swimsuit"": 8e-06, ""solo"": 0.973828, ""swimsuit"": 0.000226, ""thighhighs"": 0.93625, ""underwear"": 0.001261}",visual_review
bangdream_007_live_event_152_r,classified,soft_review,"[""navel"", ""soft_review_tag""]",rendered,src/data/deskpet/bangdream-rendered-resource-audit/rendered/bangdream_007_live_event_152_r.png,completed,"{""1girl"": 0.996898, ""2girls"": 0.000275, ""animal"": 0.000106, ""animal_focus"": 2e-06, ""bare_shoulders"": 0.667701, ""bikini"": 0.00028, ""bird"": 5.9e-05, ""cleavage"": 0.493438, ""corset"": 0.000237, ""crop_top"": 0.000364, ""dog"": 1e-06, ""faceless"": 7e-06, ""food_focus"": 1e-06, ""garter_straps"": 2.1e-05, ""helmet"": 1.8e-05, ""lingerie"": 1.4e-05, ""looking_at_viewer"": 0.723341, ""mask"": 8e-05, ""midriff"": 0.062438, ""multiple_girls"": 0.00041, ""navel"": 0.853942, ""no_humans"": 1.6e-05, ""onsen"": 1e-06, ""panties"": 0.000605, ""penguin"": 0.0, ""school_swimsuit"": 1.3e-05, ""solo"": 0.843525, ""swimsuit"": 0.000415, ""thighhighs"": 0.001418, ""underwear"": 0.001309}",visual_review
bangdream_007_live_event_163_r,classified,soft_review,"[""navel"", ""soft_review_tag""]",rendered,src/data/deskpet/bangdream-rendered-resource-audit/rendered/bangdream_007_live_event_163_r.png,completed,"{""1girl"": 0.997894, ""2girls"": 0.000113, ""animal"": 6.2e-05, ""animal_focus"": 1e-06, ""bare_shoulders"": 0.001629, ""bikini"": 0.000176, ""bird"": 7.8e-05, ""cleavage"": 0.002445, ""corset"": 0.000355, ""crop_top"": 0.015125, ""dog"": 2e-06, ""faceless"": 7e-06, ""food_focus"": 0.0, ""garter_straps"": 9.2e-05, ""helmet"": 1e-05, ""lingerie"": 1.1e-05, ""looking_at_viewer"": 0.846407, ""mask"": 4.9e-05, ""midriff"": 0.223674, ""multiple_girls"": 0.000191, ""navel"": 0.813942, ""no_humans"": 1.4e-05, ""onsen"": 1e-06, ""panties"": 0.000301, ""penguin"": 1e-06, ""school_swimsuit"": 7e-06, ""solo"": 0.976983, ""swimsuit"": 0.000211, ""thighhighs"": 0.001011, ""underwear"": 0.000406}",visual_review
bangdream_007_live_event_169_ssr,classified,soft_review,"[""crop_top"", ""midriff"", ""soft_review_tag""]",rendered,src/data/deskpet/bangdream-rendered-resource-audit/rendered/bangdream_007_live_event_169_ssr.png,completed,"{""1girl"": 0.982247, ""2girls"": 0.000221, ""animal"": 4e-05, ""animal_focus"": 1e-06, ""bare_shoulders"": 0.003698, ""bikini"": 0.00019, ""bird"": 8.4e-05, ""cleavage"": 0.178145, ""corset"": 4e-05, ""crop_top"": 0.68924, ""dog"": 2.9e-05, ""faceless"": 6e-06, ""food_focus"": 0.0, ""garter_straps"": 0.000286, ""helmet"": 1e-05, ""lingerie"": 7e-06, ""looking_at_viewer"": 0.906751, ""mask"": 5e-05, ""midriff"": 0.736852, ""multiple_girls"": 0.000461, ""navel"": 0.021305, ""no_humans"": 1.7e-05, ""onsen"": 0.0, ""panties"": 0.000813, ""penguin"": 2e-06, ""school_swimsuit"": 9e-06, ""solo"": 0.982918, ""swimsuit"": 0.000222, ""thighhighs"": 0.001125, ""underwear"": 0.014273}",visual_review
bangdream_007_live_event_16_sr,classified,soft_review,"[""crop_top"", ""midriff"", ""navel"", ""soft_review_tag""]",rendered,src/data/deskpet/bangdream-rendered-resource-audit/rendered/bangdream_007_live_event_16_sr.png,completed,"{""1girl"": 0.998087, ""2girls"": 0.000165, ""animal"": 4.9e-05, ""animal_focus"": 0.0, ""bare_shoulders"": 0.027323, ""bikini"": 0.000126, ""bird"": 8e-06, ""cleavage"": 0.00183, ""corset"": 1.5e-05, ""crop_top"": 0.550209, ""dog"": 1e-06, ""faceless"": 1e-06, ""food_focus"": 0.0, ""garter_straps"": 0.000937, ""helmet"": 7e-06, ""lingerie"": 1e-06, ""looking_at_viewer"": 0.762726, ""mask"": 3.3e-05, ""midriff"": 0.773093, ""multiple_girls"": 0.000167, ""navel"": 0.945033, ""no_humans"": 5e-06, ""onsen"": 0.0, ""panties"": 0.000357, ""penguin"": 0.0, ""school_swimsuit"": 2e-06, ""solo"": 0.987405, ""swimsuit"": 0.000182, ""thighhighs"": 0.916213, ""underwear"": 0.000956}",visual_review
bangdream_007_live_event_182_ssr,classified,soft_review,"[""crop_top"", ""midriff"", ""soft_review_tag""]",rendered,src/data/deskpet/bangdream-rendered-resource-audit/rendered/bangdream_007_live_event_182_ssr.png,completed,"{""1girl"": 0.996815, ""2girls"": 0.00022, ""animal"": 3e-05, ""animal_focus"": 0.0, ""bare_shoulders"": 0.003445, ""bikini"": 8.2e-05, ""bird"": 0.000137, ""cleavage"": 0.001333, ""corset"": 0.00268, ""crop_top"": 0.647043, ""dog"": 4e-06, ""faceless"": 2e-06, ""food_focus"": 0.0, ""garter_straps"": 0.035095, ""helmet"": 1.1e-05, ""lingerie"": 2e-06, ""looking_at_viewer"": 0.902713, ""mask"": 5.8e-05, ""midriff"": 0.807721, ""multiple_girls"": 0.000218, ""navel"": 0.020205, ""no_humans"": 6e-06, ""onsen"": 1e-06, ""panties"": 0.001077, ""penguin"": 1e-06, ""school_swimsuit"": 6e-06, ""solo"": 0.971761, ""swimsuit"": 8.6e-05, ""thighhighs"": 0.978753, ""underwear"": 0.001736}",visual_review
bangdream_007_live_event_229_sr,classified,soft_review,"[""cleavage"", ""soft_review_tag""]",rendered,src/data/deskpet/bangdream-rendered-resource-audit/rendered/bangdream_007_live_event_229_sr.png,completed,"{""1girl"": 0.997491, ""2girls"": 0.000301, ""animal"": 2.6e-05, ""animal_focus"": 1e-06, ""bare_shoulders"": 0.003175, ""bikini"": 0.000175, ""bird"": 4.4e-05, ""cleavage"": 0.692054, ""corset"": 0.519974, ""crop_top"": 0.00059, ""dog"": 1e-06, ""faceless"": 2e-06, ""food_focus"": 0.0, ""garter_straps"": 0.255383, ""helmet"": 3.8e-05, ""lingerie"": 6.6e-05, ""looking_at_viewer"": 0.883554, ""mask"": 9e-05, ""midriff"": 0.001549, ""multiple_girls"": 0.00034, ""navel"": 0.001777, ""no_humans"": 1.6e-05, ""onsen"": 1e-06, ""panties"": 0.000695, ""penguin"": 1e-06, ""school_swimsuit"": 9e-06, ""solo"": 0.977896, ""swimsuit"": 0.000301, ""thighhighs"": 0.901735, ""underwear"": 0.001545}",visual_review
bangdream_007_live_event_247_ssr,classified,soft_review,"[""midriff"", ""navel"", ""soft_review_tag""]",rendered,src/data/deskpet/bangdream-rendered-resource-audit/rendered/bangdream_007_live_event_247_ssr.png,completed,"{""1girl"": 0.997197, ""2girls"": 0.000152, ""animal"": 1.2e-05, ""animal_focus"": 1e-06, ""bare_shoulders"": 0.001422, ""bikini"": 0.000152, ""bird"": 6.2e-05, ""cleavage"": 0.001784, ""corset"": 0.00029, ""crop_top"": 0.402472, ""dog"": 2e-06, ""faceless"": 3e-06, ""food_focus"": 0.0, ""garter_straps"": 0.000331, ""helmet"": 2e-05, ""lingerie"": 4e-06, ""looking_at_viewer"": 0.896046, ""mask"": 4.4e-05, ""midriff"": 0.971631, ""multiple_girls"": 0.000325, ""navel"": 0.955721, ""no_humans"": 1e-05, ""onsen"": 1e-06, ""panties"": 0.000404, ""penguin"": 0.0, ""school_swimsuit"": 2e-06, ""solo"": 0.969915, ""swimsuit"": 0.000133, ""thighhighs"": 0.003745, ""underwear"": 0.000721}",visual_review
bangdream_007_live_event_271_ssr,classified,soft_review,"[""garter_straps"", ""soft_review_tag""]",rendered,src/data/deskpet/bangdream-rendered-resource-audit/rendered/bangdream_007_live_event_271_ssr.png,completed,"{""1girl"": 0.993901, ""2girls"": 0.000423, ""animal"": 7.6e-05, ""animal_focus"": 2e-06, ""bare_shoulders"": 0.000557, ""bikini"": 5.6e-05, ""bird"": 4.7e-05, ""cleavage"": 0.000319, ""corset"": 0.000305, ""crop_top"": 0.000191, ""dog"": 2e-06, ""faceless"": 1.6e-05, ""food_focus"": 0.0, ""garter_straps"": 0.84103, ""helmet"": 4.3e-05, ""lingerie"": 2.1e-05, ""looking_at_viewer"": 0.633334, ""mask"": 5.4e-05, ""midriff"": 0.000567, ""multiple_girls"": 0.000476, ""navel"": 0.000547, ""no_humans"": 2.2e-05, ""onsen"": 2e-06, ""panties"": 0.000319, ""penguin"": 3e-06, ""school_swimsuit"": 1e-05, ""solo"": 0.957245, ""swimsuit"": 0.00013, ""thighhighs"": 0.968649, ""underwear"": 0.000534}",visual_review
bangdream_007_live_event_279_ur,classified,soft_review,"[""crop_top"", ""midriff"", ""navel"", ""soft_review_tag""]",rendered,src/data/deskpet/bangdream-rendered-resource-audit/rendered/bangdream_007_live_event_279_ur.png,completed,"{""1girl"": 0.994509, ""2girls"": 0.000473, ""animal"": 6.3e-05, ""animal_focus"": 1e-06, ""bare_shoulders"": 0.002631, ""bikini"": 0.000418, ""bird"": 9.6e-05, ""cleavage"": 0.008498, ""corset"": 1.8e-05, ""crop_top"": 0.714381, ""dog"": 0.000187, ""faceless"": 1e-06, ""food_focus"": 0.0, ""garter_straps"": 4.3e-05, ""helmet"": 2.1e-05, ""lingerie"": 9e-06, ""looking_at_viewer"": 0.73681, ""mask"": 4.8e-05, ""midriff"": 0.874526, ""multiple_girls"": 0.000614, ""navel"": 0.789967, ""no_humans"": 7e-06, ""onsen"": 1e-06, ""panties"": 0.000207, ""penguin"": 3e-06, ""school_swimsuit"": 3e-06, ""solo"": 0.976325, ""swimsuit"": 0.000665, ""thighhighs"": 0.00174, ""underwear"": 0.000635}",visual_review
bangdream_007_live_event_62_ssr,classified,soft_review,"[""garter_straps"", ""midriff"", ""soft_review_tag""]",rendered,src/data/deskpet/bangdream-rendered-resource-audit/rendered/bangdream_007_live_event_62_ssr.png,completed,"{""1girl"": 0.994066, ""2girls"": 0.000346, ""animal"": 0.000127, ""animal_focus"": 1e-06, ""bare_shoulders"": 0.062707, ""bikini"": 0.000309, ""bird"": 7.7e-05, ""cleavage"": 0.005407, ""corset"": 0.006544, ""crop_top"": 0.485573, ""dog"": 1.2e-05, ""faceless"": 1.2e-05, ""food_focus"": 0.0, ""garter_straps"": 0.864571, ""helmet"": 4e-06, ""lingerie"": 0.000125, ""looking_at_viewer"": 0.787454, ""mask"": 4.8e-05, ""midriff"": 0.549224, ""multiple_girls"": 0.000544, ""navel"": 0.365978, ""no_humans"": 1e-05, ""onsen"": 1e-06, ""panties"": 0.000619, ""penguin"": 0.0, ""school_swimsuit"": 8e-06, ""solo"": 0.923568, ""swimsuit"": 0.000303, ""thighhighs"": 0.965146, ""underwear"": 0.002148}",visual_review
bangdream_007_live_event_73_ssr,classified,soft_review,"[""garter_straps"", ""soft_review_tag""]",rendered,src/data/deskpet/bangdream-rendered-resource-audit/rendered/bangdream_007_live_event_73_ssr.png,completed,"{""1girl"": 0.994397, ""2girls"": 0.000323, ""animal"": 9e-06, ""animal_focus"": 0.0, ""bare_shoulders"": 0.018571, ""bikini"": 0.000193, ""bird"": 3e-05, ""cleavage"": 0.390247, ""corset"": 0.003242, ""crop_top"": 0.239241, ""dog"": 0.0, ""faceless"": 2e-06, ""food_focus"": 0.0, ""garter_straps"": 0.970905, ""helmet"": 1.6e-05, ""lingerie"": 1.2e-05, ""looking_at_viewer"": 0.767932, ""mask"": 4.8e-05, ""midriff"": 0.479499, ""multiple_girls"": 0.000367, ""navel"": 0.012664, ""no_humans"": 8e-06, ""onsen"": 1e-06, ""panties"": 0.000933, ""penguin"": 0.0, ""school_swimsuit"": 7e-06, ""solo"": 0.982486, ""swimsuit"": 0.000175, ""thighhighs"": 0.905756, ""underwear"": 0.001933}",visual_review
bangdream_007_live_r_2018,classified,soft_review,"[""crop_top"", ""midriff"", ""navel"", ""soft_review_tag""]",rendered,src/data/deskpet/bangdream-rendered-resource-audit/rendered/bangdream_007_live_r_2018.png,completed,"{""1girl"": 0.998071, ""2girls"": 0.000124, ""animal"": 0.000115, ""animal_focus"": 1e-06, ""bare_shoulders"": 0.00179, ""bikini"": 0.00047, ""bird"": 5e-06, ""cleavage"": 0.312213, ""corset"": 4.3e-05, ""crop_top"": 0.925455, ""dog"": 1e-06, ""faceless"": 0.0, ""food_focus"": 0.0, ""garter_straps"": 0.005947, ""helmet"": 9e-06, ""lingerie"": 1.5e-05, ""looking_at_viewer"": 0.928696, ""mask"": 3.3e-05, ""midriff"": 0.908386, ""multiple_girls"": 0.000121, ""navel"": 0.869161, ""no_humans"": 9e-06, ""onsen"": 0.0, ""panties"": 0.0011, ""penguin"": 0.0, ""school_swimsuit"": 2e-06, ""solo"": 0.987748, ""swimsuit"": 0.000435, ""thighhighs"": 0.295526, ""underwear"": 0.004806}",visual_review
bangdream_007_live_r_2019,classified,soft_review,"[""cleavage"", ""crop_top"", ""garter_straps"", ""midriff"", ""navel"", ""soft_review_tag""]",rendered,src/data/deskpet/bangdream-rendered-resource-audit/rendered/bangdream_007_live_r_2019.png,completed,"{""1girl"": 0.998683, ""2girls"": 9.9e-05, ""animal"": 1.9e-05, ""animal_focus"": 0.0, ""bare_shoulders"": 0.004456, ""bikini"": 9.7e-05, ""bird"": 4.2e-05, ""cleavage"": 0.936854, ""corset"": 0.000118, ""crop_top"": 0.957687, ""dog"": 3e-06, ""faceless"": 1e-06, ""food_focus"": 0.0, ""garter_straps"": 0.977637, ""helmet"": 2.2e-05, ""lingerie"": 5e-06, ""looking_at_viewer"": 0.956595, ""mask"": 6.4e-05, ""midriff"": 0.965066, ""multiple_girls"": 0.000109, ""navel"": 0.939823, ""no_humans"": 4e-06, ""onsen"": 1e-06, ""panties"": 0.000129, ""penguin"": 1e-06, ""school_swimsuit"": 3e-06, ""solo"": 0.993784, ""swimsuit"": 0.000137, ""thighhighs"": 0.976685, ""underwear"": 0.000252}",visual_review
bangdream_007_live_r_2022,classified,soft_review,"[""crop_top"", ""soft_review_tag""]",rendered,src/data/deskpet/bangdream-rendered-resource-audit/rendered/bangdream_007_live_r_2022.png,completed,"{""1girl"": 0.995228, ""2girls"": 0.000273, ""animal"": 5.7e-05, ""animal_focus"": 0.0, ""bare_shoulders"": 0.297646, ""bikini"": 8.5e-05, ""bird"": 0.000136, ""cleavage"": 0.004161, ""corset"": 0.004143, ""crop_top"": 0.734822, ""dog"": 2e-06, ""faceless"": 3e-06, ""food_focus"": 0.0, ""garter_straps"": 0.058622, ""helmet"": 3e-05, ""lingerie"": 4e-06, ""looking_at_viewer"": 0.892634, ""mask"": 8.5e-05, ""midriff"": 0.334184, ""multiple_girls"": 0.000321, ""navel"": 0.005943, ""no_humans"": 1.4e-05, ""onsen"": 0.0, ""panties"": 0.000866, ""penguin"": 1e-06, ""school_swimsuit"": 8e-06, ""solo"": 0.972032, ""swimsuit"": 0.000214, ""thighhighs"": 0.009397, ""underwear"": 0.00192}",visual_review
bangdream_007_live_r_2023,classified,soft_review,"[""garter_straps"", ""soft_review_tag""]",rendered,src/data/deskpet/bangdream-rendered-resource-audit/rendered/bangdream_007_live_r_2023.png,completed,"{""1girl"": 0.9971, ""2girls"": 7.7e-05, ""animal"": 1.6e-05, ""animal_focus"": 0.0, ""bare_shoulders"": 0.322022, ""bikini"": 3.2e-05, ""bird"": 1.1e-05, ""cleavage"": 0.001812, ""corset"": 4.6e-05, ""crop_top"": 0.076606, ""dog"": 2e-06, ""faceless"": 1e-06, ""food_focus"": 0.0, ""garter_straps"": 0.830711, ""helmet"": 1.5e-05, ""lingerie"": 4e-06, ""looking_at_viewer"": 0.93346, ""mask"": 2.6e-05, ""midriff"": 0.288653, ""multiple_girls"": 0.000162, ""navel"": 0.015125, ""no_humans"": 6e-06, ""onsen"": 0.0, ""panties"": 0.000598, ""penguin"": 0.0, ""school_swimsuit"": 3e-06, ""solo"": 0.98304, ""swimsuit"": 7.2e-05, ""thighhighs"": 0.977724, ""underwear"": 0.00198}",visual_review
bangdream_007_live_sr_01,classified,soft_review,"[""crop_top"", ""midriff"", ""navel"", ""soft_review_tag""]",rendered,src/data/deskpet/bangdream-rendered-resource-audit/rendered/bangdream_007_live_sr_01.png,completed,"{""1girl"": 0.99703, ""2girls"": 0.000206, ""animal"": 5.5e-05, ""animal_focus"": 1e-06, ""bare_shoulders"": 0.00099, ""bikini"": 0.000198, ""bird"": 1.6e-05, ""cleavage"": 0.002093, ""corset"": 4.7e-05, ""crop_top"": 0.625583, ""dog"": 1.2e-05, ""faceless"": 4e-06, ""food_focus"": 0.0, ""garter_straps"": 6.4e-05, ""helmet"": 3.4e-05, ""lingerie"": 7e-06, ""looking_at_viewer"": 0.826623, ""mask"": 4.6e-05, ""midriff"": 0.91184, ""multiple_girls"": 0.000319, ""navel"": 0.949435, ""no_humans"": 8e-06, ""onsen"": 1e-06, ""panties"": 0.00044, ""penguin"": 1e-06, ""school_swimsuit"": 8e-06, ""solo"": 0.942611, ""swimsuit"": 0.000338, ""thighhighs"": 0.000649, ""underwear"": 0.001236}",visual_review
bangdream_008_2018_dog,classified,soft_review,"[""qualification_review"", ""variant_keyword:dog""]",rendered,src/data/deskpet/bangdream-rendered-resource-audit/rendered/bangdream_008_2018_dog.png,completed,"{""1girl"": 0.998386, ""2girls"": 0.000133, ""animal"": 0.000663, ""animal_focus"": 1e-06, ""bare_shoulders"": 0.003809, ""bikini"": 0.0003, ""bird"": 2.1e-05, ""cleavage"": 0.006569, ""corset"": 1.2e-05, ""crop_top"": 0.380819, ""dog"": 0.002097, ""faceless"": 7e-06, ""food_focus"": 0.0, ""garter_straps"": 3.6e-05, ""helmet"": 1.3e-05, ""lingerie"": 2e-06, ""looking_at_viewer"": 0.815509, ""mask"": 2.5e-05, ""midriff"": 0.638061, ""multiple_girls"": 0.000205, ""navel"": 0.861997, ""no_humans"": 4e-06, ""onsen"": 0.0, ""panties"": 0.000178, ""penguin"": 0.0, ""school_swimsuit"": 3e-06, ""solo"": 0.983222, ""swimsuit"": 0.000403, ""thighhighs"": 0.002958, ""underwear"": 0.000417}",visual_review
bangdream_008_birthday_2022,classified,soft_review,"[""cleavage"", ""soft_review_tag""]",rendered,src/data/deskpet/bangdream-rendered-resource-audit/rendered/bangdream_008_birthday_2022.png,completed,"{""1girl"": 0.997729, ""2girls"": 0.00025, ""animal"": 4.4e-05, ""animal_focus"": 1e-06, ""bare_shoulders"": 0.381492, ""bikini"": 0.000128, ""bird"": 4.5e-05, ""cleavage"": 0.624945, ""corset"": 0.029627, ""crop_top"": 0.000335, ""dog"": 1.1e-05, ""faceless"": 1e-06, ""food_focus"": 0.0, ""garter_straps"": 0.001966, ""helmet"": 1.4e-05, ""lingerie"": 1e-05, ""looking_at_viewer"": 0.889713, ""mask"": 4.7e-05, ""midriff"": 0.000777, ""multiple_girls"": 0.000292, ""navel"": 0.000854, ""no_humans"": 7e-06, ""onsen"": 1e-06, ""panties"": 0.000131, ""penguin"": 1e-06, ""school_swimsuit"": 3e-06, ""solo"": 0.948879, ""swimsuit"": 0.000173, ""thighhighs"": 0.012228, ""underwear"": 0.000222}",visual_review
bangdream_008_dream_festival,classified,soft_review,"[""midriff"", ""navel"", ""soft_review_tag""]",rendered,src/data/deskpet/bangdream-rendered-resource-audit/rendered/bangdream_008_dream_festival.png,completed,"{""1girl"": 0.996237, ""2girls"": 0.00023, ""animal"": 6.7e-05, ""animal_focus"": 0.0, ""bare_shoulders"": 0.001167, ""bikini"": 7.6e-05, ""bird"": 6.6e-05, ""cleavage"": 0.000899, ""corset"": 0.001001, ""crop_top"": 0.184126, ""dog"": 6e-06, ""faceless"": 0.0, ""food_focus"": 0.0, ""garter_straps"": 0.001258, ""helmet"": 1.2e-05, ""lingerie"": 9e-06, ""looking_at_viewer"": 0.857789, ""mask"": 1.9e-05, ""midriff"": 0.663163, ""multiple_girls"": 0.000437, ""navel"": 0.919844, ""no_humans"": 7e-06, ""onsen"": 0.0, ""panties"": 0.000294, ""penguin"": 1e-06, ""school_swimsuit"": 3e-06, ""solo"": 0.963691, ""swimsuit"": 0.000123, ""thighhighs"": 0.004781, ""underwear"": 0.001138}",visual_review
bangdream_008_dream_festival_2,classified,soft_review,"[""cleavage"", ""soft_review_tag""]",rendered,src/data/deskpet/bangdream-rendered-resource-audit/rendered/bangdream_008_dream_festival_2.png,completed,"{""1girl"": 0.998232, ""2girls"": 0.000266, ""animal"": 5.2e-05, ""animal_focus"": 1e-06, ""bare_shoulders"": 0.127289, ""bikini"": 0.000279, ""bird"": 8.3e-05, ""cleavage"": 0.917619, ""corset"": 0.001223, ""crop_top"": 4.6e-05, ""dog"": 1.5e-05, ""faceless"": 1e-06, ""food_focus"": 0.0, ""garter_straps"": 0.002146, ""helmet"": 1e-05, ""lingerie"": 2e-05, ""looking_at_viewer"": 0.909911, ""mask"": 5.1e-05, ""midriff"": 0.000224, ""multiple_girls"": 0.000359, ""navel"": 0.000853, ""no_humans"": 1.3e-05, ""onsen"": 3e-06, ""panties"": 0.000149, ""penguin"": 3e-06, ""school_swimsuit"": 4.1e-05, ""solo"": 0.975258, ""swimsuit"": 0.000425, ""thighhighs"": 0.058766, ""underwear"": 0.000254}",visual_review
bangdream_008_dream_festival_4_ur,classified,soft_review,"[""cleavage"", ""soft_review_tag""]",rendered,src/data/deskpet/bangdream-rendered-resource-audit/rendered/bangdream_008_dream_festival_4_ur.png,completed,"{""1girl"": 0.994795, ""2girls"": 0.000296, ""animal"": 4.2e-05, ""animal_focus"": 2e-06, ""bare_shoulders"": 0.007977, ""bikini"": 0.000281, ""bird"": 6.2e-05, ""cleavage"": 0.872761, ""corset"": 0.000102, ""crop_top"": 0.369723, ""dog"": 6e-06, ""faceless"": 0.0, ""food_focus"": 0.0, ""garter_straps"": 0.001524, ""helmet"": 0.000195, ""lingerie"": 3.5e-05, ""looking_at_viewer"": 0.59701, ""mask"": 9.2e-05, ""midriff"": 0.262129, ""multiple_girls"": 0.000482, ""navel"": 0.013778, ""no_humans"": 3.7e-05, ""onsen"": 0.0, ""panties"": 0.000387, ""penguin"": 2e-06, ""school_swimsuit"": 3e-06, ""solo"": 0.952548, ""swimsuit"": 0.000384, ""thighhighs"": 0.854917, ""underwear"": 0.002443}",visual_review
bangdream_008_event_236_story_01,classified,soft_review,"[""cleavage"", ""garter_straps"", ""soft_review_tag""]",rendered,src/data/deskpet/bangdream-rendered-resource-audit/rendered/bangdream_008_event_236_story_01.png,completed,"{""1girl"": 0.998216, ""2girls"": 0.000295, ""animal"": 0.000202, ""animal_focus"": 1e-06, ""bare_shoulders"": 0.147454, ""bikini"": 0.000275, ""bird"": 0.000118, ""cleavage"": 0.841842, ""corset"": 0.001234, ""crop_top"": 0.000136, ""dog"": 2.9e-05, ""faceless"": 3e-06, ""food_focus"": 0.0, ""garter_straps"": 0.690791, ""helmet"": 1.3e-05, ""lingerie"": 4.6e-05, ""looking_at_viewer"": 0.806281, ""mask"": 5.6e-05, ""midriff"": 0.000612, ""multiple_girls"": 0.000266, ""navel"": 0.001669, ""no_humans"": 1.3e-05, ""onsen"": 4e-06, ""panties"": 0.000231, ""penguin"": 7e-06, ""school_swimsuit"": 1.4e-05, ""solo"": 0.986433, ""swimsuit"": 0.000456, ""thighhighs"": 0.947359, ""underwear"": 0.000278}",visual_review
bangdream_008_live_event_100_sr,classified,soft_review,"[""garter_straps"", ""soft_review_tag""]",rendered,src/data/deskpet/bangdream-rendered-resource-audit/rendered/bangdream_008_live_event_100_sr.png,completed,"{""1girl"": 0.996198, ""2girls"": 0.000415, ""animal"": 1.8e-05, ""animal_focus"": 1e-06, ""bare_shoulders"": 0.000681, ""bikini"": 5.7e-05, ""bird"": 1.4e-05, ""cleavage"": 0.000878, ""corset"": 0.007035, ""crop_top"": 4.7e-05, ""dog"": 6e-06, ""faceless"": 1e-06, ""food_focus"": 0.0, ""garter_straps"": 0.887716, ""helmet"": 8.9e-05, ""lingerie"": 1.8e-05, ""looking_at_viewer"": 0.787731, ""mask"": 0.000162, ""midriff"": 0.000315, ""multiple_girls"": 0.000325, ""navel"": 0.000809, ""no_humans"": 1.9e-05, ""onsen"": 1e-06, ""panties"": 0.000125, ""penguin"": 0.0, ""school_swimsuit"": 2e-06, ""solo"": 0.961287, ""swimsuit"": 0.0001, ""thighhighs"": 0.624455, ""underwear"": 0.001684}",visual_review
bangdream_008_live_event_109_sr,classified,soft_review,"[""midriff"", ""navel"", ""soft_review_tag""]",rendered,src/data/deskpet/bangdream-rendered-resource-audit/rendered/bangdream_008_live_event_109_sr.png,completed,"{""1girl"": 0.996272, ""2girls"": 0.000251, ""animal"": 2.8e-05, ""animal_focus"": 0.0, ""bare_shoulders"": 0.002296, ""bikini"": 0.000329, ""bird"": 1.9e-05, ""cleavage"": 0.031225, ""corset"": 0.040656, ""crop_top"": 0.300536, ""dog"": 2e-06, ""faceless"": 2e-06, ""food_focus"": 0.0, ""garter_straps"": 0.001052, ""helmet"": 2.3e-05, ""lingerie"": 4e-06, ""looking_at_viewer"": 0.649753, ""mask"": 2e-05, ""midriff"": 0.807474, ""multiple_girls"": 0.000387, ""navel"": 0.939663, ""no_humans"": 6e-06, ""onsen"": 1e-06, ""panties"": 0.00026, ""penguin"": 0.0, ""school_swimsuit"": 3e-06, ""solo"": 0.95594, ""swimsuit"": 0.00042, ""thighhighs"": 0.001787, ""underwear"": 0.000535}",visual_review
bangdream_008_live_event_115_ssr,classified,soft_review,"[""cleavage"", ""garter_straps"", ""soft_review_tag""]",rendered,src/data/deskpet/bangdream-rendered-resource-audit/rendered/bangdream_008_live_event_115_ssr.png,completed,"{""1girl"": 0.997208, ""2girls"": 0.000217, ""animal"": 0.00011, ""animal_focus"": 3e-06, ""bare_shoulders"": 0.240851, ""bikini"": 0.000221, ""bird"": 3.3e-05, ""cleavage"": 0.738842, ""corset"": 0.089948, ""crop_top"": 0.119465, ""dog"": 3e-06, ""faceless"": 2e-06, ""food_focus"": 0.0, ""garter_straps"": 0.783599, ""helmet"": 1.6e-05, ""lingerie"": 0.00018, ""looking_at_viewer"": 0.766109, ""mask"": 5.7e-05, ""midriff"": 0.217696, ""multiple_girls"": 0.000293, ""navel"": 0.011191, ""no_humans"": 2e-05, ""onsen"": 1e-06, ""panties"": 0.000466, ""penguin"": 1e-06, ""school_swimsuit"": 9e-06, ""solo"": 0.947075, ""swimsuit"": 0.000393, ""thighhighs"": 0.881133, ""underwear"": 0.001402}",visual_review
bangdream_008_live_event_129_ssr,classified,soft_review,"[""cleavage"", ""crop_top"", ""midriff"", ""soft_review_tag""]",rendered,src/data/deskpet/bangdream-rendered-resource-audit/rendered/bangdream_008_live_event_129_ssr.png,completed,"{""1girl"": 0.997982, ""2girls"": 0.000158, ""animal"": 1.7e-05, ""animal_focus"": 0.0, ""bare_shoulders"": 0.001646, ""bikini"": 0.00011, ""bird"": 1.4e-05, ""cleavage"": 0.868606, ""corset"": 0.000247, ""crop_top"": 0.866107, ""dog"": 1e-06, ""faceless"": 2e-06, ""food_focus"": 0.0, ""garter_straps"": 0.000144, ""helmet"": 7.4e-05, ""lingerie"": 1e-05, ""looking_at_viewer"": 0.829247, ""mask"": 4.2e-05, ""midriff"": 0.908418, ""multiple_girls"": 0.000189, ""navel"": 0.05231, ""no_humans"": 6e-06, ""onsen"": 0.0, ""panties"": 0.000156, ""penguin"": 0.0, ""school_swimsuit"": 5e-06, ""solo"": 0.970737, ""swimsuit"": 0.000169, ""thighhighs"": 0.002917, ""underwear"": 0.000568}",visual_review
bangdream_008_live_event_169_sr,classified,soft_review,"[""cleavage"", ""soft_review_tag""]",rendered,src/data/deskpet/bangdream-rendered-resource-audit/rendered/bangdream_008_live_event_169_sr.png,completed,"{""1girl"": 0.996815, ""2girls"": 0.000365, ""animal"": 2.6e-05, ""animal_focus"": 1e-06, ""bare_shoulders"": 0.001976, ""bikini"": 0.000314, ""bird"": 7.4e-05, ""cleavage"": 0.766128, ""corset"": 4.1e-05, ""crop_top"": 0.004193, ""dog"": 1.7e-05, ""faceless"": 5e-06, ""food_focus"": 0.0, ""garter_straps"": 0.003385, ""helmet"": 5.2e-05, ""lingerie"": 4e-06, ""looking_at_viewer"": 0.752437, ""mask"": 5.7e-05, ""midriff"": 0.005078, ""multiple_girls"": 0.000422, ""navel"": 0.0021, ""no_humans"": 6.1e-05, ""onsen"": 3e-06, ""panties"": 0.000269, ""penguin"": 3e-06, ""school_swimsuit"": 5e-06, ""solo"": 0.959949, ""swimsuit"": 0.000416, ""thighhighs"": 0.747214, ""underwear"": 0.000734}",visual_review
bangdream_008_live_event_16_ssr,classified,soft_review,"[""cleavage"", ""midriff"", ""navel"", ""soft_review_tag""]",rendered,src/data/deskpet/bangdream-rendered-resource-audit/rendered/bangdream_008_live_event_16_ssr.png,completed,"{""1girl"": 0.996801, ""2girls"": 0.000192, ""animal"": 0.000109, ""animal_focus"": 1e-06, ""bare_shoulders"": 0.02292, ""bikini"": 4.8e-05, ""bird"": 1.9e-05, ""cleavage"": 0.63253, ""corset"": 2.3e-05, ""crop_top"": 0.383117, ""dog"": 2e-06, ""faceless"": 6e-06, ""food_focus"": 0.0, ""garter_straps"": 0.002731, ""helmet"": 1.7e-05, ""lingerie"": 4e-06, ""looking_at_viewer"": 0.846566, ""mask"": 5.4e-05, ""midriff"": 0.810074, ""multiple_girls"": 0.000236, ""navel"": 0.971708, ""no_humans"": 6e-06, ""onsen"": 0.0, ""panties"": 0.000477, ""penguin"": 0.0, ""school_swimsuit"": 4e-06, ""solo"": 0.976367, ""swimsuit"": 0.000128, ""thighhighs"": 0.897267, ""underwear"": 0.002313}",visual_review
bangdream_008_live_event_182_sr,classified,soft_review,"[""cleavage"", ""soft_review_tag""]",rendered,src/data/deskpet/bangdream-rendered-resource-audit/rendered/bangdream_008_live_event_182_sr.png,completed,"{""1girl"": 0.997644, ""2girls"": 0.000155, ""animal"": 2.4e-05, ""animal_focus"": 1e-06, ""bare_shoulders"": 0.047374, ""bikini"": 5.1e-05, ""bird"": 4e-05, ""cleavage"": 0.756604, ""corset"": 0.167206, ""crop_top"": 0.000857, ""dog"": 7e-06, ""faceless"": 4e-06, ""food_focus"": 0.0, ""garter_straps"": 0.002085, ""helmet"": 1.6e-05, ""lingerie"": 3e-06, ""looking_at_viewer"": 0.880247, ""mask"": 6e-05, ""midriff"": 0.001332, ""multiple_girls"": 0.000232, ""navel"": 0.001291, ""no_humans"": 4e-06, ""onsen"": 1e-06, ""panties"": 0.000299, ""penguin"": 0.0, ""school_swimsuit"": 3e-06, ""solo"": 0.960209, ""swimsuit"": 8.5e-05, ""thighhighs"": 0.005753, ""underwear"": 0.000563}",visual_review
bangdream_008_live_event_189_ssr,classified,soft_review,"[""garter_straps"", ""soft_review_tag""]",rendered,src/data/deskpet/bangdream-rendered-resource-audit/rendered/bangdream_008_live_event_189_ssr.png,completed,"{""1girl"": 0.997404, ""2girls"": 0.000215, ""animal"": 1.5e-05, ""animal_focus"": 0.0, ""bare_shoulders"": 0.117107, ""bikini"": 0.000228, ""bird"": 4.6e-05, ""cleavage"": 0.00618, ""corset"": 0.00136, ""crop_top"": 0.000248, ""dog"": 3e-06, ""faceless"": 9e-06, ""food_focus"": 0.0, ""garter_straps"": 0.886245, ""helmet"": 1.4e-05, ""lingerie"": 1.2e-05, ""looking_at_viewer"": 0.777749, ""mask"": 0.000174, ""midriff"": 0.000911, ""multiple_girls"": 0.000276, ""navel"": 0.004346, ""no_humans"": 1e-05, ""onsen"": 2e-06, ""panties"": 0.000253, ""penguin"": 0.0, ""school_swimsuit"": 6e-06, ""solo"": 0.976286, ""swimsuit"": 0.000222, ""thighhighs"": 0.91001, ""underwear"": 0.00109}",visual_review
bangdream_008_live_event_20_sr,classified,soft_review,"[""cleavage"", ""garter_straps"", ""soft_review_tag""]",rendered,src/data/deskpet/bangdream-rendered-resource-audit/rendered/bangdream_008_live_event_20_sr.png,completed,"{""1girl"": 0.998312, ""2girls"": 0.000197, ""animal"": 9.2e-05, ""animal_focus"": 1e-06, ""bare_shoulders"": 0.003371, ""bikini"": 7.3e-05, ""bird"": 2.8e-05, ""cleavage"": 0.753532, ""corset"": 0.221423, ""crop_top"": 4.8e-05, ""dog"": 2e-06, ""faceless"": 2e-06, ""food_focus"": 0.0, ""garter_straps"": 0.902872, ""helmet"": 1.5e-05, ""lingerie"": 0.000115, ""looking_at_viewer"": 0.697598, ""mask"": 0.000103, ""midriff"": 0.000112, ""multiple_girls"": 0.000222, ""navel"": 0.001097, ""no_humans"": 5e-06, ""onsen"": 0.0, ""panties"": 0.000115, ""penguin"": 0.0, ""school_swimsuit"": 3e-06, ""solo"": 0.981124, ""swimsuit"": 0.00011, ""thighhighs"": 0.914399, ""underwear"": 0.00049}",visual_review
bangdream_008_live_event_211,classified,soft_review,"[""midriff"", ""soft_review_tag""]",rendered,src/data/deskpet/bangdream-rendered-resource-audit/rendered/bangdream_008_live_event_211.png,completed,"{""1girl"": 0.997979, ""2girls"": 0.000253, ""animal"": 3.9e-05, ""animal_focus"": 1e-06, ""bare_shoulders"": 0.443593, ""bikini"": 5.6e-05, ""bird"": 3.2e-05, ""cleavage"": 0.052476, ""corset"": 0.000763, ""crop_top"": 0.347008, ""dog"": 1e-06, ""faceless"": 1e-06, ""food_focus"": 0.0, ""garter_straps"": 0.013688, ""helmet"": 4.1e-05, ""lingerie"": 3.5e-05, ""looking_at_viewer"": 0.884837, ""mask"": 2.7e-05, ""midriff"": 0.584532, ""multiple_girls"": 0.00027, ""navel"": 0.03552, ""no_humans"": 9e-06, ""onsen"": 1e-06, ""panties"": 0.000252, ""penguin"": 0.0, ""school_swimsuit"": 3e-06, ""solo"": 0.972272, ""swimsuit"": 9.7e-05, ""thighhighs"": 0.006486, ""underwear"": 0.000742}",visual_review
bangdream_008_live_event_239_r,classified,soft_review,"[""cleavage"", ""soft_review_tag""]",rendered,src/data/deskpet/bangdream-rendered-resource-audit/rendered/bangdream_008_live_event_239_r.png,completed,"{""1girl"": 0.996333, ""2girls"": 0.000254, ""animal"": 0.000114, ""animal_focus"": 1e-06, ""bare_shoulders"": 0.03582, ""bikini"": 4.6e-05, ""bird"": 0.000139, ""cleavage"": 0.649585, ""corset"": 0.000887, ""crop_top"": 0.050363, ""dog"": 6e-06, ""faceless"": 1e-06, ""food_focus"": 0.0, ""garter_straps"": 0.023356, ""helmet"": 1.5e-05, ""lingerie"": 3e-06, ""looking_at_viewer"": 0.918124, ""mask"": 5e-05, ""midriff"": 0.004988, ""multiple_girls"": 0.000287, ""navel"": 0.001491, ""no_humans"": 3.2e-05, ""onsen"": 0.0, ""panties"": 0.000299, ""penguin"": 0.0, ""school_swimsuit"": 3e-06, ""solo"": 0.960692, ""swimsuit"": 0.000146, ""thighhighs"": 0.001329, ""underwear"": 0.000672}",visual_review
bangdream_008_live_event_247_ur,classified,soft_review,"[""midriff"", ""navel"", ""soft_review_tag""]",rendered,src/data/deskpet/bangdream-rendered-resource-audit/rendered/bangdream_008_live_event_247_ur.png,completed,"{""1girl"": 0.997451, ""2girls"": 0.000308, ""animal"": 7.2e-05, ""animal_focus"": 0.0, ""bare_shoulders"": 0.003371, ""bikini"": 0.000133, ""bird"": 0.000123, ""cleavage"": 0.002105, ""corset"": 0.000553, ""crop_top"": 0.072203, ""dog"": 3e-06, ""faceless"": 3e-06, ""food_focus"": 0.0, ""garter_straps"": 0.002416, ""helmet"": 4.9e-05, ""lingerie"": 5e-06, ""looking_at_viewer"": 0.76303, ""mask"": 7.9e-05, ""midriff"": 0.849299, ""multiple_girls"": 0.000375, ""navel"": 0.948898, ""no_humans"": 7e-06, ""onsen"": 6e-06, ""panties"": 0.000299, ""penguin"": 2e-06, ""school_swimsuit"": 5e-06, ""solo"": 0.913021, ""swimsuit"": 0.000141, ""thighhighs"": 0.747234, ""underwear"": 0.000474}",visual_review
bangdream_008_live_event_268_ur,classified,soft_review,"[""cleavage"", ""soft_review_tag""]",rendered,src/data/deskpet/bangdream-rendered-resource-audit/rendered/bangdream_008_live_event_268_ur.png,completed,"{""1girl"": 0.998505, ""2girls"": 0.000183, ""animal"": 4.4e-05, ""animal_focus"": 0.0, ""bare_shoulders"": 0.007557, ""bikini"": 7.8e-05, ""bird"": 6.6e-05, ""cleavage"": 0.896092, ""corset"": 0.028493, ""crop_top"": 0.000177, ""dog"": 3e-06, ""faceless"": 9e-06, ""food_focus"": 0.0, ""garter_straps"": 0.271643, ""helmet"": 6e-06, ""lingerie"": 3e-06, ""looking_at_viewer"": 0.811996, ""mask"": 4.9e-05, ""midriff"": 0.000462, ""multiple_girls"": 0.000165, ""navel"": 0.000776, ""no_humans"": 1.4e-05, ""onsen"": 0.0, ""panties"": 0.000132, ""penguin"": 1e-06, ""school_swimsuit"": 4e-06, ""solo"": 0.975425, ""swimsuit"": 0.000135, ""thighhighs"": 0.926024, ""underwear"": 0.00038}",visual_review
bangdream_008_live_event_279_r,classified,soft_review,"[""cleavage"", ""crop_top"", ""midriff"", ""navel"", ""soft_review_tag""]",rendered,src/data/deskpet/bangdream-rendered-resource-audit/rendered/bangdream_008_live_event_279_r.png,completed,"{""1girl"": 0.996795, ""2girls"": 0.000381, ""animal"": 0.000146, ""animal_focus"": 2e-06, ""bare_shoulders"": 0.003611, ""bikini"": 0.000314, ""bird"": 7.1e-05, ""cleavage"": 0.876417, ""corset"": 3e-06, ""crop_top"": 0.590899, ""dog"": 2.2e-05, ""faceless"": 2.2e-05, ""food_focus"": 0.0, ""garter_straps"": 4.3e-05, ""helmet"": 6.4e-05, ""lingerie"": 1e-05, ""looking_at_viewer"": 0.797358, ""mask"": 0.000239, ""midriff"": 0.780979, ""multiple_girls"": 0.00033, ""navel"": 0.815067, ""no_humans"": 1e-05, ""onsen"": 1e-06, ""panties"": 0.000238, ""penguin"": 1e-06, ""school_swimsuit"": 2.7e-05, ""solo"": 0.962166, ""swimsuit"": 0.000535, ""thighhighs"": 0.002248, ""underwear"": 0.000483}",visual_review
bangdream_008_live_event_27_sr,classified,soft_review,"[""cleavage"", ""soft_review_tag""]",rendered,src/data/deskpet/bangdream-rendered-resource-audit/rendered/bangdream_008_live_event_27_sr.png,completed,"{""1girl"": 0.996792, ""2girls"": 0.000261, ""animal"": 6.2e-05, ""animal_focus"": 1e-06, ""bare_shoulders"": 0.324169, ""bikini"": 0.000212, ""bird"": 1.7e-05, ""cleavage"": 0.714985, ""corset"": 0.777697, ""crop_top"": 0.000172, ""dog"": 1.5e-05, ""faceless"": 2e-06, ""food_focus"": 0.0, ""garter_straps"": 0.000108, ""helmet"": 1.5e-05, ""lingerie"": 1.5e-05, ""looking_at_viewer"": 0.73806, ""mask"": 4.1e-05, ""midriff"": 0.000515, ""multiple_girls"": 0.000296, ""navel"": 0.001047, ""no_humans"": 8e-06, ""onsen"": 1e-06, ""panties"": 0.000202, ""penguin"": 0.0, ""school_swimsuit"": 5e-06, ""solo"": 0.920338, ""swimsuit"": 0.000362, ""thighhighs"": 0.009888, ""underwear"": 0.000929}",visual_review
bangdream_008_live_event_320_sr,classified,soft_review,"[""cleavage"", ""soft_review_tag""]",rendered,src/data/deskpet/bangdream-rendered-resource-audit/rendered/bangdream_008_live_event_320_sr.png,completed,"{""1girl"": 0.997591, ""2girls"": 0.00025, ""animal"": 4.7e-05, ""animal_focus"": 1e-06, ""bare_shoulders"": 0.005009, ""bikini"": 0.000173, ""bird"": 5.6e-05, ""cleavage"": 0.59284, ""corset"": 0.148575, ""crop_top"": 4.9e-05, ""dog"": 1.6e-05, ""faceless"": 3e-06, ""food_focus"": 0.0, ""garter_straps"": 1.2e-05, ""helmet"": 1.3e-05, ""lingerie"": 1.3e-05, ""looking_at_viewer"": 0.801744, ""mask"": 6.2e-05, ""midriff"": 0.000126, ""multiple_girls"": 0.000279, ""navel"": 0.000617, ""no_humans"": 3.3e-05, ""onsen"": 1e-06, ""panties"": 0.000159, ""penguin"": 0.0, ""school_swimsuit"": 2e-06, ""solo"": 0.958168, ""swimsuit"": 0.000296, ""thighhighs"": 0.001751, ""underwear"": 0.000241}",visual_review
bangdream_008_live_event_49_ssr,classified,soft_review,"[""mask"", ""qualification_review""]",rendered,src/data/deskpet/bangdream-rendered-resource-audit/rendered/bangdream_008_live_event_49_ssr.png,completed,"{""1girl"": 0.996099, ""2girls"": 0.000276, ""animal"": 9e-05, ""animal_focus"": 2e-06, ""bare_shoulders"": 0.052187, ""bikini"": 0.000121, ""bird"": 1.9e-05, ""cleavage"": 0.601204, ""corset"": 0.885634, ""crop_top"": 8.1e-05, ""dog"": 1e-06, ""faceless"": 2.8e-05, ""food_focus"": 0.0, ""garter_straps"": 0.000126, ""helmet"": 2.9e-05, ""lingerie"": 4.5e-05, ""looking_at_viewer"": 0.801083, ""mask"": 0.892795, ""midriff"": 0.000118, ""multiple_girls"": 0.000441, ""navel"": 0.001049, ""no_humans"": 1.7e-05, ""onsen"": 0.0, ""panties"": 0.000187, ""penguin"": 0.0, ""school_swimsuit"": 7e-06, ""solo"": 0.941393, ""swimsuit"": 0.000257, ""thighhighs"": 0.02446, ""underwear"": 0.000323}",visual_review
bangdream_008_live_event_51_sr,classified,soft_review,"[""garter_straps"", ""midriff"", ""navel"", ""soft_review_tag""]",rendered,src/data/deskpet/bangdream-rendered-resource-audit/rendered/bangdream_008_live_event_51_sr.png,completed,"{""1girl"": 0.997979, ""2girls"": 0.000227, ""animal"": 8.5e-05, ""animal_focus"": 1e-06, ""bare_shoulders"": 0.002551, ""bikini"": 0.000382, ""bird"": 1.9e-05, ""cleavage"": 0.400027, ""corset"": 0.001789, ""crop_top"": 0.052412, ""dog"": 5e-06, ""faceless"": 3e-06, ""food_focus"": 0.0, ""garter_straps"": 0.95672, ""helmet"": 1.8e-05, ""lingerie"": 4.3e-05, ""looking_at_viewer"": 0.769927, ""mask"": 5.8e-05, ""midriff"": 0.881255, ""multiple_girls"": 0.000201, ""navel"": 0.930704, ""no_humans"": 8e-06, ""onsen"": 1e-06, ""panties"": 0.000776, ""penguin"": 0.0, ""school_swimsuit"": 7e-06, ""solo"": 0.958587, ""swimsuit"": 0.00044, ""thighhighs"": 0.964369, ""underwear"": 0.002356}",visual_review
bangdream_008_live_event_54_sr,classified,soft_review,"[""midriff"", ""navel"", ""soft_review_tag""]",rendered,src/data/deskpet/bangdream-rendered-resource-audit/rendered/bangdream_008_live_event_54_sr.png,completed,"{""1girl"": 0.996386, ""2girls"": 0.000285, ""animal"": 3.4e-05, ""animal_focus"": 2e-06, ""bare_shoulders"": 0.001383, ""bikini"": 0.000205, ""bird"": 0.000102, ""cleavage"": 0.001554, ""corset"": 0.00074, ""crop_top"": 0.264529, ""dog"": 2e-06, ""faceless"": 1e-06, ""food_focus"": 0.0, ""garter_straps"": 0.001629, ""helmet"": 1.7e-05, ""lingerie"": 5e-06, ""looking_at_viewer"": 0.857881, ""mask"": 4.4e-05, ""midriff"": 0.838296, ""multiple_girls"": 0.000308, ""navel"": 0.883444, ""no_humans"": 1.4e-05, ""onsen"": 1e-06, ""panties"": 0.000339, ""penguin"": 1e-06, ""school_swimsuit"": 7e-06, ""solo"": 0.96188, ""swimsuit"": 0.000291, ""thighhighs"": 0.907531, ""underwear"": 0.002059}",visual_review
bangdream_008_live_event_62_r,classified,soft_review,"[""navel"", ""soft_review_tag""]",rendered,src/data/deskpet/bangdream-rendered-resource-audit/rendered/bangdream_008_live_event_62_r.png,completed,"{""1girl"": 0.99703, ""2girls"": 0.000213, ""animal"": 3.9e-05, ""animal_focus"": 1e-06, ""bare_shoulders"": 0.02204, ""bikini"": 0.000362, ""bird"": 0.000107, ""cleavage"": 0.304969, ""corset"": 0.667407, ""crop_top"": 0.032514, ""dog"": 1.4e-05, ""faceless"": 2e-06, ""food_focus"": 0.0, ""garter_straps"": 0.001045, ""helmet"": 2.4e-05, ""lingerie"": 5.4e-05, ""looking_at_viewer"": 0.707068, ""mask"": 4.2e-05, ""midriff"": 0.25447, ""multiple_girls"": 0.000405, ""navel"": 0.783672, ""no_humans"": 6e-06, ""onsen"": 3e-06, ""panties"": 0.000523, ""penguin"": 2e-06, ""school_swimsuit"": 2e-06, ""solo"": 0.952639, ""swimsuit"": 0.000361, ""thighhighs"": 0.9715, ""underwear"": 0.001917}",visual_review
bangdream_008_live_event_63_ssr,classified,soft_review,"[""midriff"", ""navel"", ""soft_review_tag""]",rendered,src/data/deskpet/bangdream-rendered-resource-audit/rendered/bangdream_008_live_event_63_ssr.png,completed,"{""1girl"": 0.998169, ""2girls"": 0.000139, ""animal"": 8e-05, ""animal_focus"": 0.0, ""bare_shoulders"": 0.008699, ""bikini"": 0.000222, ""bird"": 8.4e-05, ""cleavage"": 0.001254, ""corset"": 1e-05, ""crop_top"": 0.115352, ""dog"": 3.6e-05, ""faceless"": 2e-06, ""food_focus"": 0.0, ""garter_straps"": 1.3e-05, ""helmet"": 1.8e-05, ""lingerie"": 5e-06, ""looking_at_viewer"": 0.858937, ""mask"": 4.8e-05, ""midriff"": 0.757431, ""multiple_girls"": 0.000152, ""navel"": 0.940125, ""no_humans"": 1.4e-05, ""onsen"": 0.0, ""panties"": 0.000288, ""penguin"": 6e-06, ""school_swimsuit"": 5e-06, ""solo"": 0.983748, ""swimsuit"": 0.000433, ""thighhighs"": 0.000946, ""underwear"": 0.000452}",visual_review
bangdream_008_live_event_75_sr,classified,soft_review,"[""midriff"", ""navel"", ""soft_review_tag""]",rendered,src/data/deskpet/bangdream-rendered-resource-audit/rendered/bangdream_008_live_event_75_sr.png,completed,"{""1girl"": 0.997078, ""2girls"": 0.000241, ""animal"": 2e-05, ""animal_focus"": 1e-06, ""bare_shoulders"": 0.000993, ""bikini"": 9.5e-05, ""bird"": 3.5e-05, ""cleavage"": 0.003961, ""corset"": 0.001496, ""crop_top"": 0.316189, ""dog"": 2e-06, ""faceless"": 0.0, ""food_focus"": 0.0, ""garter_straps"": 0.000981, ""helmet"": 1.3e-05, ""lingerie"": 1.3e-05, ""looking_at_viewer"": 0.614372, ""mask"": 1.6e-05, ""midriff"": 0.904699, ""multiple_girls"": 0.000296, ""navel"": 0.580945, ""no_humans"": 5e-06, ""onsen"": 2e-06, ""panties"": 0.000266, ""penguin"": 1e-06, ""school_swimsuit"": 2e-06, ""solo"": 0.908515, ""swimsuit"": 0.000134, ""thighhighs"": 0.001114, ""underwear"": 0.000851}",visual_review
bangdream_008_live_event_99_ssr,classified,soft_review,"[""garter_straps"", ""soft_review_tag""]",rendered,src/data/deskpet/bangdream-rendered-resource-audit/rendered/bangdream_008_live_event_99_ssr.png,completed,"{""1girl"": 0.997608, ""2girls"": 0.000276, ""animal"": 3.3e-05, ""animal_focus"": 1e-06, ""bare_shoulders"": 0.002353, ""bikini"": 0.000144, ""bird"": 3.1e-05, ""cleavage"": 0.351893, ""corset"": 0.000767, ""crop_top"": 2.8e-05, ""dog"": 5e-06, ""faceless"": 1e-06, ""food_focus"": 0.0, ""garter_straps"": 0.853332, ""helmet"": 7e-06, ""lingerie"": 2.7e-05, ""looking_at_viewer"": 0.845965, ""mask"": 3.3e-05, ""midriff"": 0.000126, ""multiple_girls"": 0.000277, ""navel"": 0.000677, ""no_humans"": 5e-06, ""onsen"": 1e-06, ""panties"": 0.0002, ""penguin"": 0.0, ""school_swimsuit"": 1e-06, ""solo"": 0.931442, ""swimsuit"": 0.000267, ""thighhighs"": 0.791727, ""underwear"": 0.000399}",visual_review
bangdream_008_live_r_2019,classified,soft_review,"[""crop_top"", ""midriff"", ""navel"", ""soft_review_tag""]",rendered,src/data/deskpet/bangdream-rendered-resource-audit/rendered/bangdream_008_live_r_2019.png,completed,"{""1girl"": 0.998904, ""2girls"": 7.5e-05, ""animal"": 6.9e-05, ""animal_focus"": 0.0, ""bare_shoulders"": 0.002649, ""bikini"": 4.6e-05, ""bird"": 3e-05, ""cleavage"": 0.001921, ""corset"": 0.010506, ""crop_top"": 0.759156, ""dog"": 5e-06, ""faceless"": 4e-06, ""food_focus"": 0.0, ""garter_straps"": 1.3e-05, ""helmet"": 2.1e-05, ""lingerie"": 1e-05, ""looking_at_viewer"": 0.9457, ""mask"": 3e-05, ""midriff"": 0.796294, ""multiple_girls"": 8.4e-05, ""navel"": 0.928881, ""no_humans"": 9e-06, ""onsen"": 0.0, ""panties"": 0.000142, ""penguin"": 0.0, ""school_swimsuit"": 1e-06, ""solo"": 0.991806, ""swimsuit"": 6.7e-05, ""thighhighs"": 0.001448, ""underwear"": 0.00043}",visual_review
bangdream_008_live_r_2020,classified,soft_review,"[""garter_straps"", ""soft_review_tag""]",rendered,src/data/deskpet/bangdream-rendered-resource-audit/rendered/bangdream_008_live_r_2020.png,completed,"{""1girl"": 0.998806, ""2girls"": 0.000138, ""animal"": 1.8e-05, ""animal_focus"": 0.0, ""bare_shoulders"": 0.004679, ""bikini"": 4e-05, ""bird"": 4.3e-05, ""cleavage"": 0.339875, ""corset"": 0.004545, ""crop_top"": 0.002238, ""dog"": 7e-06, ""faceless"": 5e-06, ""food_focus"": 0.0, ""garter_straps"": 0.957161, ""helmet"": 1.6e-05, ""lingerie"": 9e-06, ""looking_at_viewer"": 0.920829, ""mask"": 9e-06, ""midriff"": 0.000378, ""multiple_girls"": 0.000133, ""navel"": 0.001302, ""no_humans"": 5e-06, ""onsen"": 0.0, ""panties"": 0.000115, ""penguin"": 0.0, ""school_swimsuit"": 3e-06, ""solo"": 0.971898, ""swimsuit"": 8.4e-05, ""thighhighs"": 0.969414, ""underwear"": 0.000497}",visual_review
bangdream_008_live_r_2022,classified,soft_review,"[""cleavage"", ""soft_review_tag""]",rendered,src/data/deskpet/bangdream-rendered-resource-audit/rendered/bangdream_008_live_r_2022.png,completed,"{""1girl"": 0.998416, ""2girls"": 0.000149, ""animal"": 5.1e-05, ""animal_focus"": 1e-06, ""bare_shoulders"": 0.028469, ""bikini"": 5.5e-05, ""bird"": 3e-05, ""cleavage"": 0.924287, ""corset"": 0.002218, ""crop_top"": 0.004548, ""dog"": 2e-06, ""faceless"": 5e-06, ""food_focus"": 0.0, ""garter_straps"": 0.000718, ""helmet"": 2.1e-05, ""lingerie"": 7e-06, ""looking_at_viewer"": 0.901862, ""mask"": 0.000105, ""midriff"": 0.001745, ""multiple_girls"": 0.00015, ""navel"": 0.001227, ""no_humans"": 1.3e-05, ""onsen"": 0.0, ""panties"": 0.000293, ""penguin"": 0.0, ""school_swimsuit"": 3e-06, ""solo"": 0.979321, ""swimsuit"": 0.000172, ""thighhighs"": 0.0021, ""underwear"": 0.000651}",visual_review
bangdream_008_live_sr_01,classified,soft_review,"[""crop_top"", ""midriff"", ""navel"", ""soft_review_tag""]",rendered,src/data/deskpet/bangdream-rendered-resource-audit/rendered/bangdream_008_live_sr_01.png,completed,"{""1girl"": 0.997441, ""2girls"": 0.000216, ""animal"": 5.4e-05, ""animal_focus"": 0.0, ""bare_shoulders"": 0.003482, ""bikini"": 0.000158, ""bird"": 2e-05, ""cleavage"": 0.001299, ""corset"": 7e-06, ""crop_top"": 0.73226, ""dog"": 3e-06, ""faceless"": 5e-06, ""food_focus"": 0.0, ""garter_straps"": 2.8e-05, ""helmet"": 1.4e-05, ""lingerie"": 2e-06, ""looking_at_viewer"": 0.832116, ""mask"": 2.9e-05, ""midriff"": 0.883534, ""multiple_girls"": 0.000211, ""navel"": 0.9621, ""no_humans"": 9e-06, ""onsen"": 0.0, ""panties"": 0.000354, ""penguin"": 0.0, ""school_swimsuit"": 1e-06, ""solo"": 0.966064, ""swimsuit"": 0.000174, ""thighhighs"": 0.001795, ""underwear"": 0.001733}",visual_review
bangdream_009_2018_dog,classified,soft_review,"[""qualification_review"", ""variant_keyword:dog""]",rendered,src/data/deskpet/bangdream-rendered-resource-audit/rendered/bangdream_009_2018_dog.png,completed,"{""1girl"": 0.998876, ""2girls"": 0.000126, ""animal"": 6.3e-05, ""animal_focus"": 0.0, ""bare_shoulders"": 0.00158, ""bikini"": 2.5e-05, ""bird"": 1e-05, ""cleavage"": 0.001551, ""corset"": 0.00049, ""crop_top"": 0.01917, ""dog"": 2.4e-05, ""faceless"": 1e-06, ""food_focus"": 0.0, ""garter_straps"": 1.2e-05, ""helmet"": 7e-06, ""lingerie"": 1e-06, ""looking_at_viewer"": 0.761431, ""mask"": 1.1e-05, ""midriff"": 0.000804, ""multiple_girls"": 0.000169, ""navel"": 0.000735, ""no_humans"": 2e-06, ""onsen"": 0.0, ""panties"": 7.8e-05, ""penguin"": 0.0, ""school_swimsuit"": 2e-06, ""solo"": 0.992078, ""swimsuit"": 6e-05, ""thighhighs"": 0.002215, ""underwear"": 0.000188}",visual_review
bangdream_009_casual-2023,classified,soft_review,"[""crop_top"", ""midriff"", ""soft_review_tag""]",rendered,src/data/deskpet/bangdream-rendered-resource-audit/rendered/bangdream_009_casual-2023.png,completed,"{""1girl"": 0.998668, ""2girls"": 0.00012, ""animal"": 5.7e-05, ""animal_focus"": 1e-06, ""bare_shoulders"": 0.127353, ""bikini"": 0.000143, ""bird"": 0.000131, ""cleavage"": 0.001388, ""corset"": 2.4e-05, ""crop_top"": 0.740601, ""dog"": 1.1e-05, ""faceless"": 2e-06, ""food_focus"": 0.0, ""garter_straps"": 0.000268, ""helmet"": 1.4e-05, ""lingerie"": 8e-06, ""looking_at_viewer"": 0.928874, ""mask"": 4.1e-05, ""midriff"": 0.685156, ""multiple_girls"": 0.000148, ""navel"": 0.007068, ""no_humans"": 1e-05, ""onsen"": 0.0, ""panties"": 0.000597, ""penguin"": 2e-06, ""school_swimsuit"": 9e-06, ""solo"": 0.981308, ""swimsuit"": 0.00027, ""thighhighs"": 0.938262, ""underwear"": 0.003072}",visual_review
bangdream_009_dream_festival,classified,soft_review,"[""midriff"", ""navel"", ""soft_review_tag""]",rendered,src/data/deskpet/bangdream-rendered-resource-audit/rendered/bangdream_009_dream_festival.png,completed,"{""1girl"": 0.997241, ""2girls"": 0.000156, ""animal"": 5.7e-05, ""animal_focus"": 0.0, ""bare_shoulders"": 0.057075, ""bikini"": 0.000306, ""bird"": 3.8e-05, ""cleavage"": 0.001498, ""corset"": 0.014697, ""crop_top"": 0.316957, ""dog"": 3e-06, ""faceless"": 0.0, ""food_focus"": 0.0, ""garter_straps"": 0.344498, ""helmet"": 5e-06, ""lingerie"": 1.3e-05, ""looking_at_viewer"": 0.652494, ""mask"": 5.3e-05, ""midriff"": 0.624049, ""multiple_girls"": 0.000345, ""navel"": 0.951325, ""no_humans"": 1e-06, ""onsen"": 0.0, ""panties"": 0.001385, ""penguin"": 1e-06, ""school_swimsuit"": 3e-06, ""solo"": 0.943053, ""swimsuit"": 0.000351, ""thighhighs"": 0.882834, ""underwear"": 0.01222}",visual_review
bangdream_009_dream_festival_3_ur,classified,soft_review,"[""cleavage"", ""garter_straps"", ""midriff"", ""navel"", ""soft_review_tag""]",rendered,src/data/deskpet/bangdream-rendered-resource-audit/rendered/bangdream_009_dream_festival_3_ur.png,completed,"{""1girl"": 0.993951, ""2girls"": 0.000329, ""animal"": 3.6e-05, ""animal_focus"": 1e-06, ""bare_shoulders"": 0.384318, ""bikini"": 0.000225, ""bird"": 6.5e-05, ""cleavage"": 0.9006, ""corset"": 0.880297, ""crop_top"": 0.032636, ""dog"": 1e-05, ""faceless"": 9e-06, ""food_focus"": 0.0, ""garter_straps"": 0.503931, ""helmet"": 1.1e-05, ""lingerie"": 0.000132, ""looking_at_viewer"": 0.807607, ""mask"": 0.000175, ""midriff"": 0.53303, ""multiple_girls"": 0.000449, ""navel"": 0.96892, ""no_humans"": 3e-06, ""onsen"": 1e-06, ""panties"": 0.00189, ""penguin"": 2e-06, ""school_swimsuit"": 3.2e-05, ""solo"": 0.983029, ""swimsuit"": 0.000402, ""thighhighs"": 0.981224, ""underwear"": 0.039379}",visual_review
bangdream_009_event_200_story01,classified,soft_review,"[""animal_companion:bird"", ""qualification_review""]",rendered,src/data/deskpet/bangdream-rendered-resource-audit/rendered/bangdream_009_event_200_story01.png,completed,"{""1girl"": 0.993985, ""2girls"": 0.000571, ""animal"": 0.069818, ""animal_focus"": 6e-06, ""bare_shoulders"": 0.001812, ""bikini"": 0.001055, ""bird"": 0.891192, ""cleavage"": 0.684013, ""corset"": 0.006852, ""crop_top"": 0.207697, ""dog"": 4.7e-05, ""faceless"": 3.2e-05, ""food_focus"": 0.0, ""garter_straps"": 0.000169, ""helmet"": 3.3e-05, ""lingerie"": 1.1e-05, ""looking_at_viewer"": 0.636532, ""mask"": 3.1e-05, ""midriff"": 0.477219, ""multiple_girls"": 0.001072, ""navel"": 0.595466, ""no_humans"": 1.7e-05, ""onsen"": 4e-06, ""panties"": 0.000409, ""penguin"": 0.000368, ""school_swimsuit"": 1.4e-05, ""solo"": 0.872486, ""swimsuit"": 0.001892, ""thighhighs"": 0.054762, ""underwear"": 0.002363}",visual_review
bangdream_009_kirameki_festival,classified,soft_review,"[""crop_top"", ""midriff"", ""navel"", ""soft_review_tag""]",rendered,src/data/deskpet/bangdream-rendered-resource-audit/rendered/bangdream_009_kirameki_festival.png,completed,"{""1girl"": 0.997128, ""2girls"": 0.000165, ""animal"": 7.3e-05, ""animal_focus"": 1e-06, ""bare_shoulders"": 0.001214, ""bikini"": 0.344044, ""bird"": 5.7e-05, ""cleavage"": 0.003569, ""corset"": 0.000548, ""crop_top"": 0.698895, ""dog"": 9e-06, ""faceless"": 3e-06, ""food_focus"": 0.0, ""garter_straps"": 4e-06, ""helmet"": 1.2e-05, ""lingerie"": 7.6e-05, ""looking_at_viewer"": 0.84122, ""mask"": 2.5e-05, ""midriff"": 0.909942, ""multiple_girls"": 0.000232, ""navel"": 0.817764, ""no_humans"": 7e-06, ""onsen"": 0.0, ""panties"": 0.000479, ""penguin"": 3e-06, ""school_swimsuit"": 8e-06, ""solo"": 0.980688, ""swimsuit"": 0.259518, ""thighhighs"": 0.000472, ""underwear"": 0.016146}",visual_review
bangdream_009_live_default,classified,soft_review,"[""crop_top"", ""midriff"", ""navel"", ""soft_review_tag""]",rendered,src/data/deskpet/bangdream-rendered-resource-audit/rendered/bangdream_009_live_default.png,completed,"{""1girl"": 0.997991, ""2girls"": 9.6e-05, ""animal"": 4e-06, ""animal_focus"": 0.0, ""bare_shoulders"": 0.040431, ""bikini"": 0.000237, ""bird"": 9e-06, ""cleavage"": 0.001968, ""corset"": 9e-06, ""crop_top"": 0.952607, ""dog"": 1e-06, ""faceless"": 1e-06, ""food_focus"": 0.0, ""garter_straps"": 1.1e-05, ""helmet"": 2e-05, ""lingerie"": 4e-06, ""looking_at_viewer"": 0.8965, ""mask"": 5.7e-05, ""midriff"": 0.861958, ""multiple_girls"": 0.00016, ""navel"": 0.927548, ""no_humans"": 2e-06, ""onsen"": 0.0, ""panties"": 0.000485, ""penguin"": 0.0, ""school_swimsuit"": 0.0, ""solo"": 0.980626, ""swimsuit"": 0.000274, ""thighhighs"": 0.000472, ""underwear"": 0.001509}",visual_review
bangdream_009_live_event_115_sr,classified,soft_review,"[""garter_straps"", ""midriff"", ""soft_review_tag""]",rendered,src/data/deskpet/bangdream-rendered-resource-audit/rendered/bangdream_009_live_event_115_sr.png,completed,"{""1girl"": 0.997336, ""2girls"": 0.000136, ""animal"": 3.9e-05, ""animal_focus"": 5e-06, ""bare_shoulders"": 0.001303, ""bikini"": 7.1e-05, ""bird"": 4.9e-05, ""cleavage"": 0.000845, ""corset"": 0.000961, ""crop_top"": 0.457771, ""dog"": 2e-06, ""faceless"": 1e-06, ""food_focus"": 1e-06, ""garter_straps"": 0.734657, ""helmet"": 1.8e-05, ""lingerie"": 2.8e-05, ""looking_at_viewer"": 0.839663, ""mask"": 3.8e-05, ""midriff"": 0.533213, ""multiple_girls"": 0.000186, ""navel"": 0.005976, ""no_humans"": 1.8e-05, ""onsen"": 0.0, ""panties"": 0.000189, ""penguin"": 1e-06, ""school_swimsuit"": 3e-06, ""solo"": 0.947322, ""swimsuit"": 0.000117, ""thighhighs"": 0.645015, ""underwear"": 0.000562}",visual_review
bangdream_009_live_event_129_sr,classified,soft_review,"[""crop_top"", ""midriff"", ""soft_review_tag""]",rendered,src/data/deskpet/bangdream-rendered-resource-audit/rendered/bangdream_009_live_event_129_sr.png,completed,"{""1girl"": 0.997778, ""2girls"": 0.000155, ""animal"": 7e-06, ""animal_focus"": 0.0, ""bare_shoulders"": 0.000664, ""bikini"": 0.000213, ""bird"": 9e-06, ""cleavage"": 0.006276, ""corset"": 0.000116, ""crop_top"": 0.891419, ""dog"": 2e-06, ""faceless"": 1e-06, ""food_focus"": 0.0, ""garter_straps"": 0.003742, ""helmet"": 1.8e-05, ""lingerie"": 2e-06, ""looking_at_viewer"": 0.837802, ""mask"": 0.0001, ""midriff"": 0.806286, ""multiple_girls"": 0.000136, ""navel"": 0.029279, ""no_humans"": 1.1e-05, ""onsen"": 0.0, ""panties"": 0.000398, ""penguin"": 0.0, ""school_swimsuit"": 5e-06, ""solo"": 0.98649, ""swimsuit"": 0.000412, ""thighhighs"": 0.920937, ""underwear"": 0.002959}",visual_review
bangdream_009_live_event_12_ssr,classified,soft_review,"[""cleavage"", ""garter_straps"", ""soft_review_tag""]",rendered,src/data/deskpet/bangdream-rendered-resource-audit/rendered/bangdream_009_live_event_12_ssr.png,completed,"{""1girl"": 0.998235, ""2girls"": 0.00027, ""animal"": 4.6e-05, ""animal_focus"": 2e-06, ""bare_shoulders"": 0.001276, ""bikini"": 0.000283, ""bird"": 3e-05, ""cleavage"": 0.920296, ""corset"": 0.354589, ""crop_top"": 0.000218, ""dog"": 4e-06, ""faceless"": 1e-06, ""food_focus"": 0.0, ""garter_straps"": 0.965556, ""helmet"": 2.1e-05, ""lingerie"": 0.000192, ""looking_at_viewer"": 0.946345, ""mask"": 4.9e-05, ""midriff"": 0.00039, ""multiple_girls"": 0.000363, ""navel"": 0.002174, ""no_humans"": 3e-06, ""onsen"": 1e-06, ""panties"": 0.001927, ""penguin"": 2e-06, ""school_swimsuit"": 3.9e-05, ""solo"": 0.984891, ""swimsuit"": 0.000649, ""thighhighs"": 0.943698, ""underwear"": 0.023253}",visual_review
bangdream_009_live_event_136_ssr,classified,soft_review,"[""crop_top"", ""soft_review_tag""]",rendered,src/data/deskpet/bangdream-rendered-resource-audit/rendered/bangdream_009_live_event_136_ssr.png,completed,"{""1girl"": 0.996455, ""2girls"": 0.000172, ""animal"": 1.5e-05, ""animal_focus"": 0.0, ""bare_shoulders"": 0.008581, ""bikini"": 9.2e-05, ""bird"": 0.000168, ""cleavage"": 0.000468, ""corset"": 0.938173, ""crop_top"": 0.733228, ""dog"": 5e-06, ""faceless"": 1e-06, ""food_focus"": 0.0, ""garter_straps"": 0.000215, ""helmet"": 6e-06, ""lingerie"": 1e-06, ""looking_at_viewer"": 0.855423, ""mask"": 2.8e-05, ""midriff"": 0.110931, ""multiple_girls"": 0.000275, ""navel"": 0.001689, ""no_humans"": 2e-06, ""onsen"": 0.0, ""panties"": 0.000441, ""penguin"": 2e-06, ""school_swimsuit"": 5e-06, ""solo"": 0.964229, ""swimsuit"": 0.000115, ""thighhighs"": 0.00104, ""underwear"": 0.000626}",visual_review
bangdream_009_live_event_145_sr,classified,soft_review,"[""crop_top"", ""garter_straps"", ""midriff"", ""navel"", ""soft_review_tag""]",rendered,src/data/deskpet/bangdream-rendered-resource-audit/rendered/bangdream_009_live_event_145_sr.png,completed,"{""1girl"": 0.99601, ""2girls"": 0.000208, ""animal"": 6e-06, ""animal_focus"": 1e-06, ""bare_shoulders"": 0.146515, ""bikini"": 0.000149, ""bird"": 1.5e-05, ""cleavage"": 0.005706, ""corset"": 0.001585, ""crop_top"": 0.673544, ""dog"": 2e-06, ""faceless"": 8e-06, ""food_focus"": 0.0, ""garter_straps"": 0.5818, ""helmet"": 1.7e-05, ""lingerie"": 2.9e-05, ""looking_at_viewer"": 0.817462, ""mask"": 0.000388, ""midriff"": 0.874756, ""multiple_girls"": 0.000253, ""navel"": 0.940377, ""no_humans"": 6e-06, ""onsen"": 0.0, ""panties"": 0.002978, ""penguin"": 1e-06, ""school_swimsuit"": 3e-06, ""solo"": 0.975471, ""swimsuit"": 0.000257, ""thighhighs"": 0.857788, ""underwear"": 0.005913}",visual_review
bangdream_009_live_event_152_ssr,classified,soft_review,"[""navel"", ""soft_review_tag""]",rendered,src/data/deskpet/bangdream-rendered-resource-audit/rendered/bangdream_009_live_event_152_ssr.png,completed,"{""1girl"": 0.996483, ""2girls"": 0.000391, ""animal"": 6.5e-05, ""animal_focus"": 3e-06, ""bare_shoulders"": 0.096785, ""bikini"": 0.000147, ""bird"": 4.4e-05, ""cleavage"": 0.004728, ""corset"": 0.000506, ""crop_top"": 0.000525, ""dog"": 2e-06, ""faceless"": 4e-06, ""food_focus"": 3e-06, ""garter_straps"": 2.2e-05, ""helmet"": 2.3e-05, ""lingerie"": 1.5e-05, ""looking_at_viewer"": 0.845125, ""mask"": 0.000138, ""midriff"": 0.039571, ""multiple_girls"": 0.000422, ""navel"": 0.918585, ""no_humans"": 1.9e-05, ""onsen"": 0.0, ""panties"": 0.00034, ""penguin"": 1e-06, ""school_swimsuit"": 1.1e-05, ""solo"": 0.942336, ""swimsuit"": 0.000359, ""thighhighs"": 0.000743, ""underwear"": 0.000569}",visual_review
bangdream_009_live_event_169_r,classified,soft_review,"[""midriff"", ""navel"", ""soft_review_tag""]",rendered,src/data/deskpet/bangdream-rendered-resource-audit/rendered/bangdream_009_live_event_169_r.png,completed,"{""1girl"": 0.994624, ""2girls"": 0.000284, ""animal"": 1.6e-05, ""animal_focus"": 1e-06, ""bare_shoulders"": 0.001168, ""bikini"": 0.000228, ""bird"": 4.5e-05, ""cleavage"": 0.001892, ""corset"": 2.7e-05, ""crop_top"": 0.20705, ""dog"": 4.4e-05, ""faceless"": 2e-05, ""food_focus"": 0.0, ""garter_straps"": 0.000137, ""helmet"": 3.4e-05, ""lingerie"": 1e-06, ""looking_at_viewer"": 0.833668, ""mask"": 4.4e-05, ""midriff"": 0.672278, ""multiple_girls"": 0.000333, ""navel"": 0.691433, ""no_humans"": 2.5e-05, ""onsen"": 1e-06, ""panties"": 0.000302, ""penguin"": 1e-06, ""school_swimsuit"": 3e-06, ""solo"": 0.982941, ""swimsuit"": 0.00021, ""thighhighs"": 0.000857, ""underwear"": 0.001121}",visual_review
bangdream_009_live_event_16_r,classified,soft_review,"[""midriff"", ""navel"", ""soft_review_tag""]",rendered,src/data/deskpet/bangdream-rendered-resource-audit/rendered/bangdream_009_live_event_16_r.png,completed,"{""1girl"": 0.998897, ""2girls"": 7.9e-05, ""animal"": 9e-06, ""animal_focus"": 0.0, ""bare_shoulders"": 0.004713, ""bikini"": 0.001155, ""bird"": 3e-06, ""cleavage"": 0.00237, ""corset"": 2.2e-05, ""crop_top"": 0.012858, ""dog"": 3e-06, ""faceless"": 3e-06, ""food_focus"": 0.0, ""garter_straps"": 6.5e-05, ""helmet"": 1.5e-05, ""lingerie"": 2e-05, ""looking_at_viewer"": 0.834866, ""mask"": 4.6e-05, ""midriff"": 0.514796, ""multiple_girls"": 8.4e-05, ""navel"": 0.941871, ""no_humans"": 4e-06, ""onsen"": 0.0, ""panties"": 0.0021, ""penguin"": 0.0, ""school_swimsuit"": 9e-06, ""solo"": 0.986792, ""swimsuit"": 0.002389, ""thighhighs"": 0.000687, ""underwear"": 0.104461}",visual_review
bangdream_009_live_event_182_sr,classified,soft_review,"[""crop_top"", ""midriff"", ""navel"", ""soft_review_tag""]",rendered,src/data/deskpet/bangdream-rendered-resource-audit/rendered/bangdream_009_live_event_182_sr.png,completed,"{""1girl"": 0.998561, ""2girls"": 0.00011, ""animal"": 1.6e-05, ""animal_focus"": 0.0, ""bare_shoulders"": 0.001029, ""bikini"": 0.000959, ""bird"": 2.3e-05, ""cleavage"": 0.003005, ""corset"": 0.000568, ""crop_top"": 0.817168, ""dog"": 3e-06, ""faceless"": 1e-06, ""food_focus"": 0.0, ""garter_straps"": 0.000592, ""helmet"": 7e-06, ""lingerie"": 3e-06, ""looking_at_viewer"": 0.913319, ""mask"": 0.000126, ""midriff"": 0.900206, ""multiple_girls"": 0.00012, ""navel"": 0.954991, ""no_humans"": 1e-06, ""onsen"": 0.0, ""panties"": 0.00221, ""penguin"": 1e-06, ""school_swimsuit"": 4e-06, ""solo"": 0.981423, ""swimsuit"": 0.000721, ""thighhighs"": 0.000748, ""underwear"": 0.011047}",visual_review
bangdream_009_live_event_211_sr,classified,soft_review,"[""crop_top"", ""midriff"", ""soft_review_tag""]",rendered,src/data/deskpet/bangdream-rendered-resource-audit/rendered/bangdream_009_live_event_211_sr.png,completed,"{""1girl"": 0.997672, ""2girls"": 0.000117, ""animal"": 1.8e-05, ""animal_focus"": 1e-06, ""bare_shoulders"": 0.007835, ""bikini"": 5.8e-05, ""bird"": 1.1e-05, ""cleavage"": 0.001564, ""corset"": 5.4e-05, ""crop_top"": 0.811845, ""dog"": 3e-06, ""faceless"": 1e-06, ""food_focus"": 0.0, ""garter_straps"": 0.000148, ""helmet"": 4.7e-05, ""lingerie"": 7e-06, ""looking_at_viewer"": 0.943045, ""mask"": 0.000226, ""midriff"": 0.549894, ""multiple_girls"": 0.000182, ""navel"": 0.004698, ""no_humans"": 7e-06, ""onsen"": 0.0, ""panties"": 0.000941, ""penguin"": 0.0, ""school_swimsuit"": 4e-06, ""solo"": 0.984686, ""swimsuit"": 0.00011, ""thighhighs"": 0.000413, ""underwear"": 0.00129}",visual_review
bangdream_009_live_event_239_ssr,classified,soft_review,"[""crop_top"", ""midriff"", ""soft_review_tag""]",rendered,src/data/deskpet/bangdream-rendered-resource-audit/rendered/bangdream_009_live_event_239_ssr.png,completed,"{""1girl"": 0.995252, ""2girls"": 0.000186, ""animal"": 1.1e-05, ""animal_focus"": 1e-06, ""bare_shoulders"": 0.003693, ""bikini"": 0.000117, ""bird"": 4e-05, ""cleavage"": 0.005806, ""corset"": 0.000577, ""crop_top"": 0.553551, ""dog"": 6e-06, ""faceless"": 2e-06, ""food_focus"": 0.0, ""garter_straps"": 0.000106, ""helmet"": 1.4e-05, ""lingerie"": 8e-06, ""looking_at_viewer"": 0.8032, ""mask"": 0.00037, ""midriff"": 0.560067, ""multiple_girls"": 0.00028, ""navel"": 0.23612, ""no_humans"": 1.6e-05, ""onsen"": 1e-06, ""panties"": 0.000368, ""penguin"": 7e-06, ""school_swimsuit"": 2e-06, ""solo"": 0.969106, ""swimsuit"": 0.00022, ""thighhighs"": 0.910068, ""underwear"": 0.001501}",visual_review
bangdream_009_live_event_247_ur,classified,soft_review,"[""midriff"", ""navel"", ""soft_review_tag""]",rendered,src/data/deskpet/bangdream-rendered-resource-audit/rendered/bangdream_009_live_event_247_ur.png,completed,"{""1girl"": 0.997727, ""2girls"": 0.000154, ""animal"": 6e-06, ""animal_focus"": 0.0, ""bare_shoulders"": 0.000512, ""bikini"": 0.000173, ""bird"": 3.3e-05, ""cleavage"": 0.003126, ""corset"": 0.00015, ""crop_top"": 0.347877, ""dog"": 2e-06, ""faceless"": 2e-06, ""food_focus"": 0.0, ""garter_straps"": 2.6e-05, ""helmet"": 2.6e-05, ""lingerie"": 6e-06, ""looking_at_viewer"": 0.852594, ""mask"": 5e-05, ""midriff"": 0.898884, ""multiple_girls"": 0.000238, ""navel"": 0.924348, ""no_humans"": 2e-06, ""onsen"": 1e-06, ""panties"": 0.000262, ""penguin"": 1e-06, ""school_swimsuit"": 2e-06, ""solo"": 0.982107, ""swimsuit"": 0.000247, ""thighhighs"": 0.000688, ""underwear"": 0.000471}",visual_review
bangdream_009_live_event_258_r,classified,soft_review,"[""crop_top"", ""midriff"", ""navel"", ""soft_review_tag""]",rendered,src/data/deskpet/bangdream-rendered-resource-audit/rendered/bangdream_009_live_event_258_r.png,completed,"{""1girl"": 0.99266, ""2girls"": 0.000131, ""animal"": 2e-06, ""animal_focus"": 0.0, ""bare_shoulders"": 0.05389, ""bikini"": 0.000153, ""bird"": 1.6e-05, ""cleavage"": 0.000607, ""corset"": 7.2e-05, ""crop_top"": 0.583025, ""dog"": 0.0, ""faceless"": 3e-06, ""food_focus"": 0.0, ""garter_straps"": 0.000175, ""helmet"": 1.3e-05, ""lingerie"": 4e-06, ""looking_at_viewer"": 0.885887, ""mask"": 3.5e-05, ""midriff"": 0.83917, ""multiple_girls"": 0.000216, ""navel"": 0.69974, ""no_humans"": 3e-06, ""onsen"": 0.0, ""panties"": 0.000961, ""penguin"": 1e-06, ""school_swimsuit"": 2e-06, ""solo"": 0.989774, ""swimsuit"": 0.000204, ""thighhighs"": 0.079313, ""underwear"": 0.00298}",visual_review
bangdream_009_live_event_268_sr,classified,soft_review,"[""garter_straps"", ""soft_review_tag""]",rendered,src/data/deskpet/bangdream-rendered-resource-audit/rendered/bangdream_009_live_event_268_sr.png,completed,"{""1girl"": 0.997542, ""2girls"": 0.000207, ""animal"": 5e-06, ""animal_focus"": 0.0, ""bare_shoulders"": 0.050548, ""bikini"": 4.6e-05, ""bird"": 5.8e-05, ""cleavage"": 0.001016, ""corset"": 1.9e-05, ""crop_top"": 0.000842, ""dog"": 2e-06, ""faceless"": 1e-06, ""food_focus"": 0.0, ""garter_straps"": 0.928803, ""helmet"": 4e-06, ""lingerie"": 1e-06, ""looking_at_viewer"": 0.879857, ""mask"": 0.000124, ""midriff"": 0.000515, ""multiple_girls"": 0.000246, ""navel"": 0.000564, ""no_humans"": 7e-06, ""onsen"": 1e-06, ""panties"": 0.000142, ""penguin"": 0.0, ""school_swimsuit"": 3e-06, ""solo"": 0.979385, ""swimsuit"": 0.0001, ""thighhighs"": 0.926396, ""underwear"": 0.000187}",visual_review
bangdream_009_live_event_279_ur,classified,soft_review,"[""crop_top"", ""midriff"", ""soft_review_tag""]",rendered,src/data/deskpet/bangdream-rendered-resource-audit/rendered/bangdream_009_live_event_279_ur.png,completed,"{""1girl"": 0.995095, ""2girls"": 0.000218, ""animal"": 0.001271, ""animal_focus"": 2e-06, ""bare_shoulders"": 0.007002, ""bikini"": 0.000677, ""bird"": 0.000134, ""cleavage"": 0.069588, ""corset"": 1.1e-05, ""crop_top"": 0.882544, ""dog"": 0.000292, ""faceless"": 0.0, ""food_focus"": 0.0, ""garter_straps"": 9e-06, ""helmet"": 3.7e-05, ""lingerie"": 9e-06, ""looking_at_viewer"": 0.923019, ""mask"": 0.000328, ""midriff"": 0.876855, ""multiple_girls"": 0.000386, ""navel"": 0.323986, ""no_humans"": 4e-06, ""onsen"": 1e-06, ""panties"": 0.000141, ""penguin"": 0.000176, ""school_swimsuit"": 3e-06, ""solo"": 0.976467, ""swimsuit"": 0.000699, ""thighhighs"": 0.001295, ""underwear"": 0.00038}",visual_review
bangdream_009_live_event_294_ur,classified,soft_review,"[""midriff"", ""navel"", ""soft_review_tag""]",rendered,src/data/deskpet/bangdream-rendered-resource-audit/rendered/bangdream_009_live_event_294_ur.png,completed,"{""1girl"": 0.995376, ""2girls"": 0.000238, ""animal"": 2.4e-05, ""animal_focus"": 1e-06, ""bare_shoulders"": 0.045852, ""bikini"": 0.000151, ""bird"": 0.000101, ""cleavage"": 0.008273, ""corset"": 0.004397, ""crop_top"": 0.138349, ""dog"": 2.2e-05, ""faceless"": 8e-06, ""food_focus"": 0.0, ""garter_straps"": 2.4e-05, ""helmet"": 0.000412, ""lingerie"": 7.9e-05, ""looking_at_viewer"": 0.701587, ""mask"": 8e-05, ""midriff"": 0.589928, ""multiple_girls"": 0.000303, ""navel"": 0.91403, ""no_humans"": 5e-06, ""onsen"": 1e-06, ""panties"": 0.000654, ""penguin"": 0.0, ""school_swimsuit"": 1e-06, ""solo"": 0.934362, ""swimsuit"": 0.000267, ""thighhighs"": 0.001084, ""underwear"": 0.006061}",visual_review
bangdream_009_live_event_306_sr,classified,soft_review,"[""garter_straps"", ""soft_review_tag""]",rendered,src/data/deskpet/bangdream-rendered-resource-audit/rendered/bangdream_009_live_event_306_sr.png,completed,"{""1girl"": 0.997126, ""2girls"": 0.000247, ""animal"": 2.6e-05, ""animal_focus"": 2e-06, ""bare_shoulders"": 0.052393, ""bikini"": 5.8e-05, ""bird"": 4.2e-05, ""cleavage"": 0.000401, ""corset"": 5.1e-05, ""crop_top"": 0.001959, ""dog"": 2e-06, ""faceless"": 2e-06, ""food_focus"": 0.0, ""garter_straps"": 0.962891, ""helmet"": 1.7e-05, ""lingerie"": 2e-05, ""looking_at_viewer"": 0.809152, ""mask"": 7.1e-05, ""midriff"": 0.000535, ""multiple_girls"": 0.000305, ""navel"": 0.001052, ""no_humans"": 4e-06, ""onsen"": 1e-06, ""panties"": 0.000401, ""penguin"": 1e-06, ""school_swimsuit"": 4e-06, ""solo"": 0.988261, ""swimsuit"": 0.00017, ""thighhighs"": 0.906159, ""underwear"": 0.00106}",visual_review
bangdream_009_live_event_325_ur,classified,soft_review,"[""crop_top"", ""midriff"", ""soft_review_tag""]",rendered,src/data/deskpet/bangdream-rendered-resource-audit/rendered/bangdream_009_live_event_325_ur.png,completed,"{""1girl"": 0.99675, ""2girls"": 0.000219, ""animal"": 1.3e-05, ""animal_focus"": 0.0, ""bare_shoulders"": 0.000494, ""bikini"": 0.000153, ""bird"": 1.9e-05, ""cleavage"": 0.000673, ""corset"": 5e-05, ""crop_top"": 0.855667, ""dog"": 1e-06, ""faceless"": 3e-06, ""food_focus"": 0.0, ""garter_straps"": 0.000854, ""helmet"": 1.5e-05, ""lingerie"": 2e-06, ""looking_at_viewer"": 0.935387, ""mask"": 5.1e-05, ""midriff"": 0.801696, ""multiple_girls"": 0.000225, ""navel"": 0.012901, ""no_humans"": 4e-06, ""onsen"": 0.0, ""panties"": 0.000393, ""penguin"": 0.0, ""school_swimsuit"": 2e-06, ""solo"": 0.966984, ""swimsuit"": 0.000181, ""thighhighs"": 0.000853, ""underwear"": 0.001471}",visual_review
bangdream_009_live_event_49_sr,classified,soft_review,"[""mask"", ""qualification_review""]",rendered,src/data/deskpet/bangdream-rendered-resource-audit/rendered/bangdream_009_live_event_49_sr.png,completed,"{""1girl"": 0.995013, ""2girls"": 0.000209, ""animal"": 7e-05, ""animal_focus"": 8e-06, ""bare_shoulders"": 0.136955, ""bikini"": 0.000133, ""bird"": 7.7e-05, ""cleavage"": 0.00459, ""corset"": 0.096883, ""crop_top"": 0.000265, ""dog"": 5e-06, ""faceless"": 3e-06, ""food_focus"": 1e-06, ""garter_straps"": 0.00033, ""helmet"": 0.001118, ""lingerie"": 2.1e-05, ""looking_at_viewer"": 0.866413, ""mask"": 0.727485, ""midriff"": 0.000462, ""multiple_girls"": 0.000282, ""navel"": 0.001633, ""no_humans"": 5.2e-05, ""onsen"": 0.0, ""panties"": 0.000516, ""penguin"": 2e-06, ""school_swimsuit"": 1.5e-05, ""solo"": 0.940991, ""swimsuit"": 0.000625, ""thighhighs"": 0.00913, ""underwear"": 0.001054}",visual_review
bangdream_009_live_event_51_ssr,classified,soft_review,"[""midriff"", ""soft_review_tag""]",rendered,src/data/deskpet/bangdream-rendered-resource-audit/rendered/bangdream_009_live_event_51_ssr.png,completed,"{""1girl"": 0.996109, ""2girls"": 0.000217, ""animal"": 3.7e-05, ""animal_focus"": 1e-06, ""bare_shoulders"": 0.000977, ""bikini"": 0.000145, ""bird"": 1.8e-05, ""cleavage"": 0.000514, ""corset"": 0.001081, ""crop_top"": 0.361162, ""dog"": 1e-05, ""faceless"": 3e-06, ""food_focus"": 0.0, ""garter_straps"": 3.5e-05, ""helmet"": 1.9e-05, ""lingerie"": 3e-05, ""looking_at_viewer"": 0.86708, ""mask"": 8.4e-05, ""midriff"": 0.719201, ""multiple_girls"": 0.000266, ""navel"": 0.066815, ""no_humans"": 1e-05, ""onsen"": 0.0, ""panties"": 0.000344, ""penguin"": 1e-06, ""school_swimsuit"": 5e-06, ""solo"": 0.961757, ""swimsuit"": 0.000133, ""thighhighs"": 0.000933, ""underwear"": 0.000695}",visual_review
bangdream_009_live_event_54_sr,classified,soft_review,"[""crop_top"", ""garter_straps"", ""midriff"", ""navel"", ""soft_review_tag""]",rendered,src/data/deskpet/bangdream-rendered-resource-audit/rendered/bangdream_009_live_event_54_sr.png,completed,"{""1girl"": 0.998049, ""2girls"": 0.000151, ""animal"": 6e-06, ""animal_focus"": 1e-06, ""bare_shoulders"": 0.000673, ""bikini"": 0.0001, ""bird"": 1.5e-05, ""cleavage"": 0.006182, ""corset"": 0.013593, ""crop_top"": 0.846864, ""dog"": 1e-06, ""faceless"": 1e-06, ""food_focus"": 0.0, ""garter_straps"": 0.74934, ""helmet"": 9e-06, ""lingerie"": 5e-06, ""looking_at_viewer"": 0.909297, ""mask"": 1.8e-05, ""midriff"": 0.891239, ""multiple_girls"": 0.000151, ""navel"": 0.919828, ""no_humans"": 4e-06, ""onsen"": 0.0, ""panties"": 0.000457, ""penguin"": 1e-06, ""school_swimsuit"": 4e-06, ""solo"": 0.991804, ""swimsuit"": 0.000231, ""thighhighs"": 0.967635, ""underwear"": 0.001903}",visual_review
bangdream_009_live_event_62_sr,classified,soft_review,"[""crop_top"", ""midriff"", ""navel"", ""soft_review_tag""]",rendered,src/data/deskpet/bangdream-rendered-resource-audit/rendered/bangdream_009_live_event_62_sr.png,completed,"{""1girl"": 0.996959, ""2girls"": 0.000262, ""animal"": 1.6e-05, ""animal_focus"": 0.0, ""bare_shoulders"": 0.054911, ""bikini"": 0.000389, ""bird"": 3.7e-05, ""cleavage"": 0.00399, ""corset"": 0.001653, ""crop_top"": 0.651922, ""dog"": 1e-05, ""faceless"": 8e-06, ""food_focus"": 0.0, ""garter_straps"": 0.00084, ""helmet"": 4e-06, ""lingerie"": 5.5e-05, ""looking_at_viewer"": 0.86439, ""mask"": 6.3e-05, ""midriff"": 0.628861, ""multiple_girls"": 0.000318, ""navel"": 0.825454, ""no_humans"": 3e-06, ""onsen"": 1e-06, ""panties"": 0.000386, ""penguin"": 1e-06, ""school_swimsuit"": 3e-06, ""solo"": 0.94935, ""swimsuit"": 0.000646, ""thighhighs"": 0.888808, ""underwear"": 0.000553}",visual_review
bangdream_009_live_event_69_ssr,classified,soft_review,"[""crop_top"", ""garter_straps"", ""midriff"", ""navel"", ""soft_review_tag""]",rendered,src/data/deskpet/bangdream-rendered-resource-audit/rendered/bangdream_009_live_event_69_ssr.png,completed,"{""1girl"": 0.998893, ""2girls"": 0.000178, ""animal"": 2.5e-05, ""animal_focus"": 0.0, ""bare_shoulders"": 0.003365, ""bikini"": 0.000212, ""bird"": 3e-06, ""cleavage"": 0.124429, ""corset"": 9e-05, ""crop_top"": 0.684379, ""dog"": 3e-06, ""faceless"": 5e-06, ""food_focus"": 0.0, ""garter_straps"": 0.548421, ""helmet"": 7e-06, ""lingerie"": 3e-06, ""looking_at_viewer"": 0.90507, ""mask"": 3.5e-05, ""midriff"": 0.8671, ""multiple_girls"": 0.000224, ""navel"": 0.904786, ""no_humans"": 1e-06, ""onsen"": 0.0, ""panties"": 0.000146, ""penguin"": 2e-06, ""school_swimsuit"": 2e-06, ""solo"": 0.985812, ""swimsuit"": 0.00035, ""thighhighs"": 0.641856, ""underwear"": 0.000305}",visual_review
bangdream_009_live_event_75_sr,classified,soft_review,"[""crop_top"", ""soft_review_tag""]",rendered,src/data/deskpet/bangdream-rendered-resource-audit/rendered/bangdream_009_live_event_75_sr.png,completed,"{""1girl"": 0.995635, ""2girls"": 0.000182, ""animal"": 1.8e-05, ""animal_focus"": 0.0, ""bare_shoulders"": 0.000683, ""bikini"": 6.2e-05, ""bird"": 3.3e-05, ""cleavage"": 0.001559, ""corset"": 9.6e-05, ""crop_top"": 0.933735, ""dog"": 1.7e-05, ""faceless"": 1e-06, ""food_focus"": 0.0, ""garter_straps"": 0.000477, ""helmet"": 2e-05, ""lingerie"": 1e-06, ""looking_at_viewer"": 0.818719, ""mask"": 3.9e-05, ""midriff"": 0.397236, ""multiple_girls"": 0.000229, ""navel"": 0.006276, ""no_humans"": 8e-06, ""onsen"": 2e-06, ""panties"": 7.9e-05, ""penguin"": 3e-06, ""school_swimsuit"": 2e-06, ""solo"": 0.96972, ""swimsuit"": 0.000121, ""thighhighs"": 0.000687, ""underwear"": 0.000375}",visual_review
bangdream_009_live_event_85_ssr,classified,soft_review,"[""garter_straps"", ""soft_review_tag""]",rendered,src/data/deskpet/bangdream-rendered-resource-audit/rendered/bangdream_009_live_event_85_ssr.png,completed,"{""1girl"": 0.997364, ""2girls"": 0.000153, ""animal"": 6.3e-05, ""animal_focus"": 1e-06, ""bare_shoulders"": 0.288254, ""bikini"": 5.2e-05, ""bird"": 2.1e-05, ""cleavage"": 0.001549, ""corset"": 0.002156, ""crop_top"": 0.000102, ""dog"": 2e-06, ""faceless"": 0.0, ""food_focus"": 0.0, ""garter_straps"": 0.946316, ""helmet"": 8e-06, ""lingerie"": 8e-06, ""looking_at_viewer"": 0.272419, ""mask"": 4.4e-05, ""midriff"": 0.000379, ""multiple_girls"": 0.00023, ""navel"": 0.000606, ""no_humans"": 5e-06, ""onsen"": 0.0, ""panties"": 0.000143, ""penguin"": 0.0, ""school_swimsuit"": 4e-06, ""solo"": 0.975425, ""swimsuit"": 0.000115, ""thighhighs"": 0.920567, ""underwear"": 0.000246}",visual_review
bangdream_009_live_r_2018,classified,soft_review,"[""crop_top"", ""midriff"", ""navel"", ""soft_review_tag""]",rendered,src/data/deskpet/bangdream-rendered-resource-audit/rendered/bangdream_009_live_r_2018.png,completed,"{""1girl"": 0.997588, ""2girls"": 0.000107, ""animal"": 1.6e-05, ""animal_focus"": 3e-06, ""bare_shoulders"": 0.040671, ""bikini"": 0.000475, ""bird"": 9e-06, ""cleavage"": 0.014482, ""corset"": 0.000665, ""crop_top"": 0.828969, ""dog"": 1e-06, ""faceless"": 0.0, ""food_focus"": 0.0, ""garter_straps"": 1.6e-05, ""helmet"": 1e-05, ""lingerie"": 1.8e-05, ""looking_at_viewer"": 0.956368, ""mask"": 8.4e-05, ""midriff"": 0.810025, ""multiple_girls"": 0.00016, ""navel"": 0.54319, ""no_humans"": 6e-06, ""onsen"": 0.0, ""panties"": 0.00136, ""penguin"": 1e-06, ""school_swimsuit"": 2e-06, ""solo"": 0.988475, ""swimsuit"": 0.000487, ""thighhighs"": 0.00022, ""underwear"": 0.467805}",visual_review
bangdream_009_live_r_2019,classified,soft_review,"[""crop_top"", ""midriff"", ""navel"", ""soft_review_tag""]",rendered,src/data/deskpet/bangdream-rendered-resource-audit/rendered/bangdream_009_live_r_2019.png,completed,"{""1girl"": 0.997415, ""2girls"": 0.000152, ""animal"": 1.1e-05, ""animal_focus"": 1e-06, ""bare_shoulders"": 0.001109, ""bikini"": 0.000197, ""bird"": 2.9e-05, ""cleavage"": 0.001699, ""corset"": 0.001013, ""crop_top"": 0.840518, ""dog"": 7e-06, ""faceless"": 1e-06, ""food_focus"": 0.0, ""garter_straps"": 2.6e-05, ""helmet"": 2.5e-05, ""lingerie"": 5e-06, ""looking_at_viewer"": 0.933713, ""mask"": 3.9e-05, ""midriff"": 0.846052, ""multiple_girls"": 0.000222, ""navel"": 0.890631, ""no_humans"": 6e-06, ""onsen"": 1e-06, ""panties"": 0.000356, ""penguin"": 1e-06, ""school_swimsuit"": 1e-06, ""solo"": 0.982999, ""swimsuit"": 0.00032, ""thighhighs"": 0.000462, ""underwear"": 0.00126}",visual_review
bangdream_009_live_r_2023,classified,soft_review,"[""crop_top"", ""midriff"", ""navel"", ""soft_review_tag""]",rendered,src/data/deskpet/bangdream-rendered-resource-audit/rendered/bangdream_009_live_r_2023.png,completed,"{""1girl"": 0.996369, ""2girls"": 0.000127, ""animal"": 1.2e-05, ""animal_focus"": 0.0, ""bare_shoulders"": 0.000436, ""bikini"": 0.000252, ""bird"": 1.9e-05, ""cleavage"": 0.010676, ""corset"": 5.2e-05, ""crop_top"": 0.573646, ""dog"": 1e-06, ""faceless"": 0.0, ""food_focus"": 0.0, ""garter_straps"": 6.8e-05, ""helmet"": 5e-06, ""lingerie"": 1e-06, ""looking_at_viewer"": 0.881344, ""mask"": 2e-05, ""midriff"": 0.861053, ""multiple_girls"": 0.000152, ""navel"": 0.895666, ""no_humans"": 3e-06, ""onsen"": 0.0, ""panties"": 0.000254, ""penguin"": 0.0, ""school_swimsuit"": 2e-06, ""solo"": 0.977325, ""swimsuit"": 0.000273, ""thighhighs"": 0.000915, ""underwear"": 0.000779}",visual_review
bangdream_009_live_sr_01,classified,soft_review,"[""crop_top"", ""midriff"", ""navel"", ""soft_review_tag""]",rendered,src/data/deskpet/bangdream-rendered-resource-audit/rendered/bangdream_009_live_sr_01.png,completed,"{""1girl"": 0.997358, ""2girls"": 0.000144, ""animal"": 2.1e-05, ""animal_focus"": 0.0, ""bare_shoulders"": 0.024077, ""bikini"": 0.001115, ""bird"": 4.1e-05, ""cleavage"": 0.000845, ""corset"": 1e-05, ""crop_top"": 0.96232, ""dog"": 1e-06, ""faceless"": 1e-06, ""food_focus"": 0.0, ""garter_straps"": 0.00044, ""helmet"": 1e-05, ""lingerie"": 5e-06, ""looking_at_viewer"": 0.900697, ""mask"": 7.7e-05, ""midriff"": 0.871534, ""multiple_girls"": 0.000294, ""navel"": 0.835341, ""no_humans"": 5e-06, ""onsen"": 0.0, ""panties"": 0.000629, ""penguin"": 1.1e-05, ""school_swimsuit"": 2e-06, ""solo"": 0.973929, ""swimsuit"": 0.001523, ""thighhighs"": 0.985325, ""underwear"": 0.005164}",visual_review
bangdream_010_2018_dog,classified,soft_review,"[""qualification_review"", ""variant_keyword:dog""]",rendered,src/data/deskpet/bangdream-rendered-resource-audit/rendered/bangdream_010_2018_dog.png,completed,"{""1girl"": 0.996503, ""2girls"": 0.000194, ""animal"": 0.000134, ""animal_focus"": 3e-06, ""bare_shoulders"": 0.000693, ""bikini"": 2e-05, ""bird"": 8.2e-05, ""cleavage"": 0.000459, ""corset"": 3e-05, ""crop_top"": 2.9e-05, ""dog"": 2.1e-05, ""faceless"": 2.6e-05, ""food_focus"": 0.0, ""garter_straps"": 2.4e-05, ""helmet"": 3.5e-05, ""lingerie"": 2e-06, ""looking_at_viewer"": 0.739714, ""mask"": 1.9e-05, ""midriff"": 5.6e-05, ""multiple_girls"": 0.000339, ""navel"": 0.000362, ""no_humans"": 1.3e-05, ""onsen"": 1e-06, ""panties"": 9.9e-05, ""penguin"": 1e-06, ""school_swimsuit"": 2e-06, ""solo"": 0.964916, ""swimsuit"": 4.4e-05, ""thighhighs"": 0.001709, ""underwear"": 0.000216}",visual_review
bangdream_010_2021af,classified,soft_review,"[""low_1girl_score"", ""qualification_review""]",rendered,src/data/deskpet/bangdream-rendered-resource-audit/rendered/bangdream_010_2021af.png,completed,"{""1girl"": 0.46676, ""2girls"": 0.00063, ""animal"": 2.7e-05, ""animal_focus"": 2e-06, ""bare_shoulders"": 0.000669, ""bikini"": 1.9e-05, ""bird"": 0.000103, ""cleavage"": 0.000174, ""corset"": 0.000108, ""crop_top"": 2.3e-05, ""dog"": 6.1e-05, ""faceless"": 2.2e-05, ""food_focus"": 0.0, ""garter_straps"": 2.9e-05, ""helmet"": 7.9e-05, ""lingerie"": 2e-06, ""looking_at_viewer"": 0.651493, ""mask"": 3e-05, ""midriff"": 0.00011, ""multiple_girls"": 0.001138, ""navel"": 0.000236, ""no_humans"": 2.9e-05, ""onsen"": 1e-06, ""panties"": 0.000123, ""penguin"": 1e-06, ""school_swimsuit"": 1e-06, ""solo"": 0.867893, ""swimsuit"": 4.7e-05, ""thighhighs"": 0.000919, ""underwear"": 0.000296}",visual_review
bangdream_010_birthday_2022,classified,soft_review,"[""garter_straps"", ""soft_review_tag""]",rendered,src/data/deskpet/bangdream-rendered-resource-audit/rendered/bangdream_010_birthday_2022.png,completed,"{""1girl"": 0.99659, ""2girls"": 0.000219, ""animal"": 0.000155, ""animal_focus"": 3e-06, ""bare_shoulders"": 0.502272, ""bikini"": 7.7e-05, ""bird"": 0.000143, ""cleavage"": 0.002726, ""corset"": 0.608368, ""crop_top"": 0.000118, ""dog"": 3.4e-05, ""faceless"": 2e-06, ""food_focus"": 2.6e-05, ""garter_straps"": 0.633367, ""helmet"": 2e-05, ""lingerie"": 7.1e-05, ""looking_at_viewer"": 0.806659, ""mask"": 2.5e-05, ""midriff"": 0.00015, ""multiple_girls"": 0.000267, ""navel"": 0.00114, ""no_humans"": 1.1e-05, ""onsen"": 1e-06, ""panties"": 0.000382, ""penguin"": 6e-06, ""school_swimsuit"": 5e-06, ""solo"": 0.976636, ""swimsuit"": 0.000124, ""thighhighs"": 0.847789, ""underwear"": 0.000513}",visual_review
bangdream_010_live_event_107_ssr,classified,soft_review,"[""garter_straps"", ""soft_review_tag""]",rendered,src/data/deskpet/bangdream-rendered-resource-audit/rendered/bangdream_010_live_event_107_ssr.png,completed,"{""1girl"": 0.995304, ""2girls"": 0.000345, ""animal"": 7.4e-05, ""animal_focus"": 4e-06, ""bare_shoulders"": 0.002802, ""bikini"": 9.3e-05, ""bird"": 0.000465, ""cleavage"": 0.005471, ""corset"": 0.705572, ""crop_top"": 0.000308, ""dog"": 5.9e-05, ""faceless"": 2e-05, ""food_focus"": 2e-06, ""garter_straps"": 0.707795, ""helmet"": 3.4e-05, ""lingerie"": 0.000108, ""looking_at_viewer"": 0.667068, ""mask"": 5.7e-05, ""midriff"": 0.00042, ""multiple_girls"": 0.000654, ""navel"": 0.001623, ""no_humans"": 1e-05, ""onsen"": 8e-06, ""panties"": 0.000325, ""penguin"": 1.2e-05, ""school_swimsuit"": 6e-06, ""solo"": 0.919125, ""swimsuit"": 0.000193, ""thighhighs"": 0.846621, ""underwear"": 0.000894}",visual_review
bangdream_010_live_event_12_r,classified,soft_review,"[""garter_straps"", ""soft_review_tag""]",rendered,src/data/deskpet/bangdream-rendered-resource-audit/rendered/bangdream_010_live_event_12_r.png,completed,"{""1girl"": 0.996807, ""2girls"": 0.000408, ""animal"": 3.3e-05, ""animal_focus"": 4e-06, ""bare_shoulders"": 0.000882, ""bikini"": 8.5e-05, ""bird"": 7e-05, ""cleavage"": 0.000701, ""corset"": 2.4e-05, ""crop_top"": 8.3e-05, ""dog"": 9e-06, ""faceless"": 2.4e-05, ""food_focus"": 1e-06, ""garter_straps"": 0.803909, ""helmet"": 3.8e-05, ""lingerie"": 7.8e-05, ""looking_at_viewer"": 0.733246, ""mask"": 3.5e-05, ""midriff"": 0.000127, ""multiple_girls"": 0.000491, ""navel"": 0.000816, ""no_humans"": 1.5e-05, ""onsen"": 3e-06, ""panties"": 0.00032, ""penguin"": 3e-06, ""school_swimsuit"": 3.7e-05, ""solo"": 0.932536, ""swimsuit"": 0.000333, ""thighhighs"": 0.772901, ""underwear"": 0.000777}",visual_review
bangdream_010_live_event_152_sr,classified,soft_review,"[""navel"", ""soft_review_tag""]",rendered,src/data/deskpet/bangdream-rendered-resource-audit/rendered/bangdream_010_live_event_152_sr.png,completed,"{""1girl"": 0.996197, ""2girls"": 0.000489, ""animal"": 0.000164, ""animal_focus"": 9e-06, ""bare_shoulders"": 0.550879, ""bikini"": 0.000307, ""bird"": 0.000162, ""cleavage"": 0.116201, ""corset"": 0.000231, ""crop_top"": 0.000567, ""dog"": 1.9e-05, ""faceless"": 1.3e-05, ""food_focus"": 6e-06, ""garter_straps"": 2e-05, ""helmet"": 2.7e-05, ""lingerie"": 2.8e-05, ""looking_at_viewer"": 0.869903, ""mask"": 7.1e-05, ""midriff"": 0.014953, ""multiple_girls"": 0.000389, ""navel"": 0.874693, ""no_humans"": 4.5e-05, ""onsen"": 2e-06, ""panties"": 0.000379, ""penguin"": 3e-06, ""school_swimsuit"": 6e-06, ""solo"": 0.944703, ""swimsuit"": 0.000606, ""thighhighs"": 0.000865, ""underwear"": 0.000761}",visual_review
bangdream_010_live_event_16_r,classified,soft_review,"[""midriff"", ""navel"", ""soft_review_tag""]",rendered,src/data/deskpet/bangdream-rendered-resource-audit/rendered/bangdream_010_live_event_16_r.png,completed,"{""1girl"": 0.99754, ""2girls"": 0.000202, ""animal"": 0.000113, ""animal_focus"": 4e-06, ""bare_shoulders"": 0.010895, ""bikini"": 0.000687, ""bird"": 3.4e-05, ""cleavage"": 0.004592, ""corset"": 2.3e-05, ""crop_top"": 0.126001, ""dog"": 1.1e-05, ""faceless"": 3.2e-05, ""food_focus"": 0.0, ""garter_straps"": 0.000107, ""helmet"": 4.2e-05, ""lingerie"": 3.1e-05, ""looking_at_viewer"": 0.595312, ""mask"": 0.000121, ""midriff"": 0.598668, ""multiple_girls"": 0.000251, ""navel"": 0.9078, ""no_humans"": 2.4e-05, ""onsen"": 0.0, ""panties"": 0.00087, ""penguin"": 0.0, ""school_swimsuit"": 1.3e-05, ""solo"": 0.957593, ""swimsuit"": 0.00083, ""thighhighs"": 0.397774, ""underwear"": 0.006211}",visual_review
bangdream_010_live_event_182_ssr,classified,soft_review,"[""midriff"", ""soft_review_tag""]",rendered,src/data/deskpet/bangdream-rendered-resource-audit/rendered/bangdream_010_live_event_182_ssr.png,completed,"{""1girl"": 0.996677, ""2girls"": 0.000195, ""animal"": 2.3e-05, ""animal_focus"": 1e-06, ""bare_shoulders"": 0.00369, ""bikini"": 0.00019, ""bird"": 0.000401, ""cleavage"": 0.004014, ""corset"": 0.01685, ""crop_top"": 0.399753, ""dog"": 3.5e-05, ""faceless"": 2e-06, ""food_focus"": 0.0, ""garter_straps"": 0.12716, ""helmet"": 3.9e-05, ""lingerie"": 6e-06, ""looking_at_viewer"": 0.862296, ""mask"": 0.000104, ""midriff"": 0.620949, ""multiple_girls"": 0.000291, ""navel"": 0.020681, ""no_humans"": 5e-06, ""onsen"": 1e-06, ""panties"": 0.000567, ""penguin"": 3e-06, ""school_swimsuit"": 1e-06, ""solo"": 0.971489, ""swimsuit"": 0.000127, ""thighhighs"": 0.101929, ""underwear"": 0.001198}",visual_review
bangdream_010_live_event_247_sr,classified,soft_review,"[""midriff"", ""navel"", ""soft_review_tag""]",rendered,src/data/deskpet/bangdream-rendered-resource-audit/rendered/bangdream_010_live_event_247_sr.png,completed,"{""1girl"": 0.995376, ""2girls"": 0.00045, ""animal"": 4.3e-05, ""animal_focus"": 2e-06, ""bare_shoulders"": 0.002433, ""bikini"": 0.000135, ""bird"": 0.000129, ""cleavage"": 0.001221, ""corset"": 0.000318, ""crop_top"": 0.433873, ""dog"": 1.1e-05, ""faceless"": 2.3e-05, ""food_focus"": 1e-06, ""garter_straps"": 0.007695, ""helmet"": 5e-05, ""lingerie"": 1.2e-05, ""looking_at_viewer"": 0.8086, ""mask"": 4.5e-05, ""midriff"": 0.800462, ""multiple_girls"": 0.000562, ""navel"": 0.846421, ""no_humans"": 1.2e-05, ""onsen"": 1e-06, ""panties"": 0.000307, ""penguin"": 2e-06, ""school_swimsuit"": 5e-06, ""solo"": 0.920032, ""swimsuit"": 0.000191, ""thighhighs"": 0.688937, ""underwear"": 0.000588}",visual_review
bangdream_010_live_event_277_ur,classified,soft_review,"[""garter_straps"", ""soft_review_tag""]",rendered,src/data/deskpet/bangdream-rendered-resource-audit/rendered/bangdream_010_live_event_277_ur.png,completed,"{""1girl"": 0.996567, ""2girls"": 0.000435, ""animal"": 5.6e-05, ""animal_focus"": 3e-06, ""bare_shoulders"": 0.036333, ""bikini"": 4.9e-05, ""bird"": 4.3e-05, ""cleavage"": 0.109812, ""corset"": 0.000643, ""crop_top"": 0.000241, ""dog"": 2.9e-05, ""faceless"": 5e-06, ""food_focus"": 0.0, ""garter_straps"": 0.920338, ""helmet"": 6e-05, ""lingerie"": 0.000115, ""looking_at_viewer"": 0.84812, ""mask"": 0.000164, ""midriff"": 0.000353, ""multiple_girls"": 0.000427, ""navel"": 0.000674, ""no_humans"": 7e-06, ""onsen"": 1e-06, ""panties"": 0.000297, ""penguin"": 9e-06, ""school_swimsuit"": 5e-06, ""solo"": 0.9474, ""swimsuit"": 8.2e-05, ""thighhighs"": 0.892097, ""underwear"": 0.000982}",visual_review
bangdream_010_live_event_279_sr,classified,soft_review,"[""crop_top"", ""midriff"", ""navel"", ""soft_review_tag""]",rendered,src/data/deskpet/bangdream-rendered-resource-audit/rendered/bangdream_010_live_event_279_sr.png,completed,"{""1girl"": 0.996645, ""2girls"": 0.0003, ""animal"": 7.1e-05, ""animal_focus"": 0.0, ""bare_shoulders"": 0.2675, ""bikini"": 0.000207, ""bird"": 0.000141, ""cleavage"": 0.002796, ""corset"": 8e-06, ""crop_top"": 0.596216, ""dog"": 5.3e-05, ""faceless"": 6e-06, ""food_focus"": 0.0, ""garter_straps"": 0.000108, ""helmet"": 3.5e-05, ""lingerie"": 1e-05, ""looking_at_viewer"": 0.854893, ""mask"": 9.1e-05, ""midriff"": 0.830348, ""multiple_girls"": 0.000252, ""navel"": 0.941254, ""no_humans"": 9e-06, ""onsen"": 1e-06, ""panties"": 0.000387, ""penguin"": 2e-06, ""school_swimsuit"": 5e-06, ""solo"": 0.98228, ""swimsuit"": 0.000417, ""thighhighs"": 0.013931, ""underwear"": 0.000904}",visual_review
bangdream_010_live_event_294_ur,classified,soft_review,"[""garter_straps"", ""soft_review_tag""]",rendered,src/data/deskpet/bangdream-rendered-resource-audit/rendered/bangdream_010_live_event_294_ur.png,completed,"{""1girl"": 0.997325, ""2girls"": 0.000201, ""animal"": 2.1e-05, ""animal_focus"": 2e-06, ""bare_shoulders"": 0.112966, ""bikini"": 4e-05, ""bird"": 8.2e-05, ""cleavage"": 0.000535, ""corset"": 0.409098, ""crop_top"": 0.000157, ""dog"": 1.1e-05, ""faceless"": 6e-06, ""food_focus"": 0.0, ""garter_straps"": 0.777145, ""helmet"": 0.000362, ""lingerie"": 1.9e-05, ""looking_at_viewer"": 0.787766, ""mask"": 7.5e-05, ""midriff"": 0.000326, ""multiple_girls"": 0.000326, ""navel"": 0.000745, ""no_humans"": 9e-06, ""onsen"": 6e-06, ""panties"": 0.000205, ""penguin"": 1e-06, ""school_swimsuit"": 2e-06, ""solo"": 0.972213, ""swimsuit"": 9.2e-05, ""thighhighs"": 0.102031, ""underwear"": 0.000346}",visual_review
bangdream_010_live_event_54_sr,classified,soft_review,"[""garter_straps"", ""soft_review_tag""]",rendered,src/data/deskpet/bangdream-rendered-resource-audit/rendered/bangdream_010_live_event_54_sr.png,completed,"{""1girl"": 0.994212, ""2girls"": 0.000378, ""animal"": 4.1e-05, ""animal_focus"": 7e-06, ""bare_shoulders"": 0.00877, ""bikini"": 7.5e-05, ""bird"": 5.2e-05, ""cleavage"": 0.002157, ""corset"": 0.02101, ""crop_top"": 0.001412, ""dog"": 4e-06, ""faceless"": 2e-06, ""food_focus"": 2e-06, ""garter_straps"": 0.620034, ""helmet"": 3.3e-05, ""lingerie"": 8e-06, ""looking_at_viewer"": 0.794829, ""mask"": 3.3e-05, ""midriff"": 0.000591, ""multiple_girls"": 0.000354, ""navel"": 0.002106, ""no_humans"": 2e-05, ""onsen"": 2e-06, ""panties"": 0.000486, ""penguin"": 1e-06, ""school_swimsuit"": 7e-06, ""solo"": 0.946703, ""swimsuit"": 0.000192, ""thighhighs"": 0.14668, ""underwear"": 0.00157}",visual_review
bangdream_010_live_event_62_ssr,classified,soft_review,"[""navel"", ""soft_review_tag""]",rendered,src/data/deskpet/bangdream-rendered-resource-audit/rendered/bangdream_010_live_event_62_ssr.png,completed,"{""1girl"": 0.995148, ""2girls"": 0.000277, ""animal"": 9.1e-05, ""animal_focus"": 2e-06, ""bare_shoulders"": 0.03177, ""bikini"": 0.000382, ""bird"": 0.000149, ""cleavage"": 0.004205, ""corset"": 0.015819, ""crop_top"": 0.082785, ""dog"": 3.5e-05, ""faceless"": 1.3e-05, ""food_focus"": 0.0, ""garter_straps"": 0.483922, ""helmet"": 3.2e-05, ""lingerie"": 3.6e-05, ""looking_at_viewer"": 0.843105, ""mask"": 4.2e-05, ""midriff"": 0.411911, ""multiple_girls"": 0.00043, ""navel"": 0.644229, ""no_humans"": 9e-06, ""onsen"": 3e-06, ""panties"": 0.000554, ""penguin"": 2e-06, ""school_swimsuit"": 4e-06, ""solo"": 0.90595, ""swimsuit"": 0.000432, ""thighhighs"": 0.789289, ""underwear"": 0.001994}",visual_review
bangdream_010_live_r_2019,classified,soft_review,"[""crop_top"", ""midriff"", ""navel"", ""soft_review_tag""]",rendered,src/data/deskpet/bangdream-rendered-resource-audit/rendered/bangdream_010_live_r_2019.png,completed,"{""1girl"": 0.994553, ""2girls"": 0.000263, ""animal"": 1.8e-05, ""animal_focus"": 3e-06, ""bare_shoulders"": 0.001234, ""bikini"": 8e-05, ""bird"": 0.000136, ""cleavage"": 0.001458, ""corset"": 0.005219, ""crop_top"": 0.538242, ""dog"": 7e-06, ""faceless"": 7e-06, ""food_focus"": 0.0, ""garter_straps"": 0.001433, ""helmet"": 2.1e-05, ""lingerie"": 1.2e-05, ""looking_at_viewer"": 0.904948, ""mask"": 2.5e-05, ""midriff"": 0.683654, ""multiple_girls"": 0.000352, ""navel"": 0.775245, ""no_humans"": 1.3e-05, ""onsen"": 1e-06, ""panties"": 0.000126, ""penguin"": 5e-06, ""school_swimsuit"": 4e-06, ""solo"": 0.978279, ""swimsuit"": 0.000159, ""thighhighs"": 0.83056, ""underwear"": 0.000242}",visual_review
bangdream_010_live_r_2022,classified,soft_review,"[""crop_top"", ""midriff"", ""soft_review_tag""]",rendered,src/data/deskpet/bangdream-rendered-resource-audit/rendered/bangdream_010_live_r_2022.png,completed,"{""1girl"": 0.996833, ""2girls"": 0.000241, ""animal"": 1.4e-05, ""animal_focus"": 2e-06, ""bare_shoulders"": 0.084528, ""bikini"": 8.6e-05, ""bird"": 0.000113, ""cleavage"": 0.004938, ""corset"": 0.001855, ""crop_top"": 0.621629, ""dog"": 2e-06, ""faceless"": 5e-06, ""food_focus"": 0.0, ""garter_straps"": 0.083696, ""helmet"": 1.9e-05, ""lingerie"": 8e-06, ""looking_at_viewer"": 0.882734, ""mask"": 0.000109, ""midriff"": 0.530923, ""multiple_girls"": 0.000184, ""navel"": 0.008188, ""no_humans"": 2.3e-05, ""onsen"": 1e-06, ""panties"": 0.000323, ""penguin"": 3e-06, ""school_swimsuit"": 2e-06, ""solo"": 0.987068, ""swimsuit"": 0.000131, ""thighhighs"": 0.010564, ""underwear"": 0.001484}",visual_review
bangdream_010_live_r_2023,classified,soft_review,"[""garter_straps"", ""soft_review_tag""]",rendered,src/data/deskpet/bangdream-rendered-resource-audit/rendered/bangdream_010_live_r_2023.png,completed,"{""1girl"": 0.998479, ""2girls"": 0.000179, ""animal"": 1.2e-05, ""animal_focus"": 1e-06, ""bare_shoulders"": 0.132905, ""bikini"": 7.7e-05, ""bird"": 0.000212, ""cleavage"": 0.001211, ""corset"": 0.007569, ""crop_top"": 0.027048, ""dog"": 6e-06, ""faceless"": 5e-06, ""food_focus"": 0.0, ""garter_straps"": 0.96403, ""helmet"": 3.5e-05, ""lingerie"": 1.1e-05, ""looking_at_viewer"": 0.764668, ""mask"": 3.7e-05, ""midriff"": 0.176064, ""multiple_girls"": 0.000236, ""navel"": 0.00497, ""no_humans"": 8e-06, ""onsen"": 0.0, ""panties"": 0.000161, ""penguin"": 1e-06, ""school_swimsuit"": 2e-06, ""solo"": 0.966698, ""swimsuit"": 9.8e-05, ""thighhighs"": 0.946248, ""underwear"": 0.000321}",visual_review
bangdream_011_2018_dog,classified,soft_review,"[""qualification_review"", ""variant_keyword:dog""]",rendered,src/data/deskpet/bangdream-rendered-resource-audit/rendered/bangdream_011_2018_dog.png,completed,"{""1girl"": 0.997722, ""2girls"": 0.000123, ""animal"": 0.000146, ""animal_focus"": 1e-06, ""bare_shoulders"": 0.000802, ""bikini"": 2.4e-05, ""bird"": 8e-05, ""cleavage"": 0.000393, ""corset"": 7e-06, ""crop_top"": 2.5e-05, ""dog"": 0.002458, ""faceless"": 4e-06, ""food_focus"": 0.0, ""garter_straps"": 3e-06, ""helmet"": 9e-06, ""lingerie"": 1e-06, ""looking_at_viewer"": 0.910395, ""mask"": 1.2e-05, ""midriff"": 4.1e-05, ""multiple_girls"": 0.00023, ""navel"": 0.000217, ""no_humans"": 1.6e-05, ""onsen"": 0.0, ""panties"": 9.3e-05, ""penguin"": 0.0, ""school_swimsuit"": 1e-06, ""solo"": 0.984306, ""swimsuit"": 5.3e-05, ""thighhighs"": 0.000615, ""underwear"": 0.000164}",visual_review
bangdream_011_delta,classified,soft_review,"[""navel"", ""soft_review_tag""]",rendered,src/data/deskpet/bangdream-rendered-resource-audit/rendered/bangdream_011_delta.png,completed,"{""1girl"": 0.99603, ""2girls"": 0.000446, ""animal"": 2.5e-05, ""animal_focus"": 1e-06, ""bare_shoulders"": 0.017248, ""bikini"": 0.000272, ""bird"": 1.3e-05, ""cleavage"": 0.004993, ""corset"": 3e-05, ""crop_top"": 0.022836, ""dog"": 2e-06, ""faceless"": 1.5e-05, ""food_focus"": 0.0, ""garter_straps"": 0.000252, ""helmet"": 1.8e-05, ""lingerie"": 1e-06, ""looking_at_viewer"": 0.745145, ""mask"": 5.3e-05, ""midriff"": 0.428605, ""multiple_girls"": 0.000448, ""navel"": 0.84657, ""no_humans"": 2.4e-05, ""onsen"": 0.0, ""panties"": 0.00023, ""penguin"": 1e-06, ""school_swimsuit"": 1.1e-05, ""solo"": 0.89793, ""swimsuit"": 0.000534, ""thighhighs"": 0.933659, ""underwear"": 0.000421}",visual_review
bangdream_011_dream_festival,classified,soft_review,"[""mask"", ""qualification_review""]",rendered,src/data/deskpet/bangdream-rendered-resource-audit/rendered/bangdream_011_dream_festival.png,completed,"{""1girl"": 0.995414, ""2girls"": 0.000293, ""animal"": 9.6e-05, ""animal_focus"": 2e-06, ""bare_shoulders"": 0.241873, ""bikini"": 5.6e-05, ""bird"": 0.000106, ""cleavage"": 0.001966, ""corset"": 0.020108, ""crop_top"": 6.8e-05, ""dog"": 3e-06, ""faceless"": 2e-06, ""food_focus"": 0.0, ""garter_straps"": 0.095344, ""helmet"": 0.000119, ""lingerie"": 5e-06, ""looking_at_viewer"": 0.833607, ""mask"": 0.933374, ""midriff"": 0.000824, ""multiple_girls"": 0.000414, ""navel"": 0.00201, ""no_humans"": 2.8e-05, ""onsen"": 0.0, ""panties"": 0.000177, ""penguin"": 1e-06, ""school_swimsuit"": 5e-06, ""solo"": 0.934308, ""swimsuit"": 0.000116, ""thighhighs"": 0.457071, ""underwear"": 0.000637}",visual_review
bangdream_011_live_event_110_r,classified,soft_review,"[""midriff"", ""navel"", ""soft_review_tag""]",rendered,src/data/deskpet/bangdream-rendered-resource-audit/rendered/bangdream_011_live_event_110_r.png,completed,"{""1girl"": 0.997235, ""2girls"": 0.000199, ""animal"": 3.1e-05, ""animal_focus"": 0.0, ""bare_shoulders"": 0.002149, ""bikini"": 0.001257, ""bird"": 8.6e-05, ""cleavage"": 0.002624, ""corset"": 4.9e-05, ""crop_top"": 0.011417, ""dog"": 2e-06, ""faceless"": 1e-06, ""food_focus"": 1e-06, ""garter_straps"": 0.000231, ""helmet"": 0.000257, ""lingerie"": 6e-06, ""looking_at_viewer"": 0.886115, ""mask"": 2.8e-05, ""midriff"": 0.679267, ""multiple_girls"": 0.000206, ""navel"": 0.814193, ""no_humans"": 1.6e-05, ""onsen"": 0.0, ""panties"": 0.00038, ""penguin"": 1e-06, ""school_swimsuit"": 8e-06, ""solo"": 0.949109, ""swimsuit"": 0.001642, ""thighhighs"": 0.00256, ""underwear"": 0.00123}",visual_review
bangdream_011_live_event_153_sr,classified,soft_review,"[""navel"", ""soft_review_tag""]",rendered,src/data/deskpet/bangdream-rendered-resource-audit/rendered/bangdream_011_live_event_153_sr.png,completed,"{""1girl"": 0.996439, ""2girls"": 0.000126, ""animal"": 5.2e-05, ""animal_focus"": 1e-06, ""bare_shoulders"": 0.004158, ""bikini"": 0.000134, ""bird"": 1.5e-05, ""cleavage"": 0.000789, ""corset"": 9.6e-05, ""crop_top"": 0.084081, ""dog"": 1.3e-05, ""faceless"": 7e-06, ""food_focus"": 0.0, ""garter_straps"": 0.000171, ""helmet"": 5e-06, ""lingerie"": 3e-06, ""looking_at_viewer"": 0.76915, ""mask"": 6.3e-05, ""midriff"": 0.407858, ""multiple_girls"": 0.00027, ""navel"": 0.777153, ""no_humans"": 5.1e-05, ""onsen"": 0.0, ""panties"": 0.000275, ""penguin"": 0.0, ""school_swimsuit"": 4e-06, ""solo"": 0.971269, ""swimsuit"": 0.00025, ""thighhighs"": 0.8043, ""underwear"": 0.000765}",visual_review
bangdream_011_live_event_164_ssr,classified,soft_review,"[""navel"", ""soft_review_tag""]",rendered,src/data/deskpet/bangdream-rendered-resource-audit/rendered/bangdream_011_live_event_164_ssr.png,completed,"{""1girl"": 0.996501, ""2girls"": 0.000282, ""animal"": 0.000124, ""animal_focus"": 1e-06, ""bare_shoulders"": 0.006263, ""bikini"": 0.000581, ""bird"": 0.000147, ""cleavage"": 0.438615, ""corset"": 0.039713, ""crop_top"": 0.001335, ""dog"": 6e-06, ""faceless"": 4e-06, ""food_focus"": 0.0, ""garter_straps"": 0.001735, ""helmet"": 4e-05, ""lingerie"": 3.3e-05, ""looking_at_viewer"": 0.892137, ""mask"": 0.000207, ""midriff"": 0.05334, ""multiple_girls"": 0.000349, ""navel"": 0.622885, ""no_humans"": 2.3e-05, ""onsen"": 1e-06, ""panties"": 0.000373, ""penguin"": 4e-06, ""school_swimsuit"": 5e-06, ""solo"": 0.974984, ""swimsuit"": 0.000941, ""thighhighs"": 0.243524, ""underwear"": 0.001074}",visual_review
bangdream_011_live_event_18_sr,classified,soft_review,"[""crop_top"", ""midriff"", ""navel"", ""soft_review_tag""]",rendered,src/data/deskpet/bangdream-rendered-resource-audit/rendered/bangdream_011_live_event_18_sr.png,completed,"{""1girl"": 0.995756, ""2girls"": 0.000268, ""animal"": 0.000152, ""animal_focus"": 0.0, ""bare_shoulders"": 0.104843, ""bikini"": 0.000666, ""bird"": 0.000219, ""cleavage"": 0.001586, ""corset"": 2.3e-05, ""crop_top"": 0.93279, ""dog"": 1.8e-05, ""faceless"": 3e-06, ""food_focus"": 0.0, ""garter_straps"": 2.7e-05, ""helmet"": 1.6e-05, ""lingerie"": 4e-06, ""looking_at_viewer"": 0.662586, ""mask"": 4.9e-05, ""midriff"": 0.967168, ""multiple_girls"": 0.000263, ""navel"": 0.971306, ""no_humans"": 4e-06, ""onsen"": 0.0, ""panties"": 0.000235, ""penguin"": 3e-06, ""school_swimsuit"": 1.3e-05, ""solo"": 0.956295, ""swimsuit"": 0.001289, ""thighhighs"": 0.003518, ""underwear"": 0.000379}",visual_review
bangdream_011_live_event_25_r,classified,soft_review,"[""midriff"", ""navel"", ""soft_review_tag""]",rendered,src/data/deskpet/bangdream-rendered-resource-audit/rendered/bangdream_011_live_event_25_r.png,completed,"{""1girl"": 0.99822, ""2girls"": 0.000232, ""animal"": 1.2e-05, ""animal_focus"": 0.0, ""bare_shoulders"": 0.746818, ""bikini"": 0.000304, ""bird"": 5e-06, ""cleavage"": 0.00246, ""corset"": 0.000172, ""crop_top"": 0.484078, ""dog"": 3e-06, ""faceless"": 2e-06, ""food_focus"": 0.0, ""garter_straps"": 8e-05, ""helmet"": 1.6e-05, ""lingerie"": 5e-06, ""looking_at_viewer"": 0.954831, ""mask"": 7e-06, ""midriff"": 0.939709, ""multiple_girls"": 0.000231, ""navel"": 0.986298, ""no_humans"": 3e-06, ""onsen"": 0.0, ""panties"": 0.000306, ""penguin"": 0.0, ""school_swimsuit"": 2e-06, ""solo"": 0.981829, ""swimsuit"": 0.000466, ""thighhighs"": 0.002853, ""underwear"": 0.000686}",visual_review
bangdream_011_live_event_57_ssr,classified,soft_review,"[""garter_straps"", ""soft_review_tag""]",rendered,src/data/deskpet/bangdream-rendered-resource-audit/rendered/bangdream_011_live_event_57_ssr.png,completed,"{""1girl"": 0.996531, ""2girls"": 0.000228, ""animal"": 9.4e-05, ""animal_focus"": 1e-06, ""bare_shoulders"": 0.008962, ""bikini"": 9.4e-05, ""bird"": 1.5e-05, ""cleavage"": 0.011855, ""corset"": 0.933267, ""crop_top"": 8.9e-05, ""dog"": 3.1e-05, ""faceless"": 0.0, ""food_focus"": 0.0, ""garter_straps"": 0.949631, ""helmet"": 1.5e-05, ""lingerie"": 1.3e-05, ""looking_at_viewer"": 0.891366, ""mask"": 5.1e-05, ""midriff"": 0.000401, ""multiple_girls"": 0.000479, ""navel"": 0.001319, ""no_humans"": 1.6e-05, ""onsen"": 0.0, ""panties"": 0.001612, ""penguin"": 1e-06, ""school_swimsuit"": 3e-06, ""solo"": 0.982524, ""swimsuit"": 0.000143, ""thighhighs"": 0.917102, ""underwear"": 0.290479}",visual_review
bangdream_011_live_event_79_ssr,classified,soft_review,"[""midriff"", ""navel"", ""soft_review_tag""]",rendered,src/data/deskpet/bangdream-rendered-resource-audit/rendered/bangdream_011_live_event_79_ssr.png,completed,"{""1girl"": 0.997291, ""2girls"": 0.000166, ""animal"": 0.000164, ""animal_focus"": 0.0, ""bare_shoulders"": 0.008448, ""bikini"": 0.000175, ""bird"": 4.1e-05, ""cleavage"": 0.003246, ""corset"": 0.000281, ""crop_top"": 0.088328, ""dog"": 1.8e-05, ""faceless"": 1e-06, ""food_focus"": 0.0, ""garter_straps"": 0.157237, ""helmet"": 1e-05, ""lingerie"": 4e-06, ""looking_at_viewer"": 0.914464, ""mask"": 8e-06, ""midriff"": 0.86241, ""multiple_girls"": 0.000281, ""navel"": 0.63845, ""no_humans"": 4e-06, ""onsen"": 0.0, ""panties"": 0.000352, ""penguin"": 1e-06, ""school_swimsuit"": 6e-06, ""solo"": 0.978804, ""swimsuit"": 0.000275, ""thighhighs"": 0.958121, ""underwear"": 0.000824}",visual_review
bangdream_011_live_event_98_sr,classified,soft_review,"[""cleavage"", ""soft_review_tag""]",rendered,src/data/deskpet/bangdream-rendered-resource-audit/rendered/bangdream_011_live_event_98_sr.png,completed,"{""1girl"": 0.997281, ""2girls"": 0.000243, ""animal"": 0.000107, ""animal_focus"": 1e-06, ""bare_shoulders"": 0.00908, ""bikini"": 0.000164, ""bird"": 4.9e-05, ""cleavage"": 0.818677, ""corset"": 0.000194, ""crop_top"": 0.00011, ""dog"": 4e-06, ""faceless"": 4e-06, ""food_focus"": 0.0, ""garter_straps"": 0.000199, ""helmet"": 1.2e-05, ""lingerie"": 2e-06, ""looking_at_viewer"": 0.897398, ""mask"": 1.8e-05, ""midriff"": 0.000206, ""multiple_girls"": 0.000366, ""navel"": 0.002193, ""no_humans"": 5e-06, ""onsen"": 0.0, ""panties"": 0.000213, ""penguin"": 1e-06, ""school_swimsuit"": 2e-06, ""solo"": 0.977095, ""swimsuit"": 0.000246, ""thighhighs"": 0.350292, ""underwear"": 0.00044}",visual_review
bangdream_011_live_r_2018,classified,soft_review,"[""cleavage"", ""soft_review_tag""]",rendered,src/data/deskpet/bangdream-rendered-resource-audit/rendered/bangdream_011_live_r_2018.png,completed,"{""1girl"": 0.999002, ""2girls"": 0.000113, ""animal"": 4.5e-05, ""animal_focus"": 0.0, ""bare_shoulders"": 0.270336, ""bikini"": 0.000272, ""bird"": 1.6e-05, ""cleavage"": 0.881485, ""corset"": 0.000452, ""crop_top"": 6e-05, ""dog"": 7e-06, ""faceless"": 0.0, ""food_focus"": 0.0, ""garter_straps"": 6e-05, ""helmet"": 1e-06, ""lingerie"": 4e-06, ""looking_at_viewer"": 0.904381, ""mask"": 2.1e-05, ""midriff"": 0.000175, ""multiple_girls"": 0.00014, ""navel"": 0.000964, ""no_humans"": 2e-06, ""onsen"": 0.0, ""panties"": 0.000207, ""penguin"": 1e-06, ""school_swimsuit"": 1e-06, ""solo"": 0.992411, ""swimsuit"": 0.000555, ""thighhighs"": 0.00327, ""underwear"": 0.000286}",visual_review
bangdream_011_live_r_2019,classified,soft_review,"[""navel"", ""soft_review_tag""]",rendered,src/data/deskpet/bangdream-rendered-resource-audit/rendered/bangdream_011_live_r_2019.png,completed,"{""1girl"": 0.996582, ""2girls"": 0.000188, ""animal"": 4.4e-05, ""animal_focus"": 1e-06, ""bare_shoulders"": 0.001212, ""bikini"": 8.7e-05, ""bird"": 2.3e-05, ""cleavage"": 0.040448, ""corset"": 0.000623, ""crop_top"": 0.005332, ""dog"": 3e-06, ""faceless"": 5e-06, ""food_focus"": 0.0, ""garter_straps"": 3.5e-05, ""helmet"": 2.9e-05, ""lingerie"": 4e-06, ""looking_at_viewer"": 0.927408, ""mask"": 1.3e-05, ""midriff"": 0.325864, ""multiple_girls"": 0.000285, ""navel"": 0.929357, ""no_humans"": 1.3e-05, ""onsen"": 0.0, ""panties"": 0.000719, ""penguin"": 0.0, ""school_swimsuit"": 2e-06, ""solo"": 0.9799, ""swimsuit"": 8.6e-05, ""thighhighs"": 0.002757, ""underwear"": 0.003616}",visual_review
bangdream_012_2018_dog,classified,soft_review,"[""qualification_review"", ""variant_keyword:dog""]",rendered,src/data/deskpet/bangdream-rendered-resource-audit/rendered/bangdream_012_2018_dog.png,completed,"{""1girl"": 0.997532, ""2girls"": 0.000255, ""animal"": 0.000198, ""animal_focus"": 0.0, ""bare_shoulders"": 0.000828, ""bikini"": 4.7e-05, ""bird"": 3.2e-05, ""cleavage"": 0.001446, ""corset"": 8e-06, ""crop_top"": 0.45704, ""dog"": 2.6e-05, ""faceless"": 1e-06, ""food_focus"": 0.0, ""garter_straps"": 4e-05, ""helmet"": 7.6e-05, ""lingerie"": 1e-06, ""looking_at_viewer"": 0.869752, ""mask"": 5.4e-05, ""midriff"": 0.161337, ""multiple_girls"": 0.000219, ""navel"": 0.033608, ""no_humans"": 1.2e-05, ""onsen"": 0.0, ""panties"": 0.000159, ""penguin"": 0.0, ""school_swimsuit"": 3e-06, ""solo"": 0.987446, ""swimsuit"": 8.9e-05, ""thighhighs"": 0.001187, ""underwear"": 0.000371}",visual_review
bangdream_012_birthday_2022,classified,soft_review,"[""garter_straps"", ""soft_review_tag""]",rendered,src/data/deskpet/bangdream-rendered-resource-audit/rendered/bangdream_012_birthday_2022.png,completed,"{""1girl"": 0.995825, ""2girls"": 0.000141, ""animal"": 4.6e-05, ""animal_focus"": 1e-06, ""bare_shoulders"": 0.385927, ""bikini"": 5.3e-05, ""bird"": 1.5e-05, ""cleavage"": 0.001341, ""corset"": 0.005829, ""crop_top"": 0.001185, ""dog"": 6e-06, ""faceless"": 1e-06, ""food_focus"": 0.0, ""garter_straps"": 0.971728, ""helmet"": 2.2e-05, ""lingerie"": 1.3e-05, ""looking_at_viewer"": 0.805719, ""mask"": 2.8e-05, ""midriff"": 0.002488, ""multiple_girls"": 0.000134, ""navel"": 0.001081, ""no_humans"": 1.1e-05, ""onsen"": 1e-06, ""panties"": 0.000222, ""penguin"": 0.0, ""school_swimsuit"": 3e-06, ""solo"": 0.98111, ""swimsuit"": 9.9e-05, ""thighhighs"": 0.790642, ""underwear"": 0.000358}",visual_review
bangdream_012_delta,classified,soft_review,"[""navel"", ""soft_review_tag""]",rendered,src/data/deskpet/bangdream-rendered-resource-audit/rendered/bangdream_012_delta.png,completed,"{""1girl"": 0.995271, ""2girls"": 0.000403, ""animal"": 0.000118, ""animal_focus"": 1e-06, ""bare_shoulders"": 0.025531, ""bikini"": 0.00017, ""bird"": 9e-06, ""cleavage"": 0.004245, ""corset"": 1.8e-05, ""crop_top"": 0.003133, ""dog"": 4e-06, ""faceless"": 1.7e-05, ""food_focus"": 0.0, ""garter_straps"": 0.001733, ""helmet"": 8e-05, ""lingerie"": 4e-06, ""looking_at_viewer"": 0.70098, ""mask"": 0.000159, ""midriff"": 0.167912, ""multiple_girls"": 0.000579, ""navel"": 0.871712, ""no_humans"": 5.7e-05, ""onsen"": 0.0, ""panties"": 0.000646, ""penguin"": 2e-06, ""school_swimsuit"": 5e-06, ""solo"": 0.960394, ""swimsuit"": 0.000333, ""thighhighs"": 0.930509, ""underwear"": 0.001437}",visual_review
bangdream_012_dream_festival_3_ur,classified,soft_review,"[""navel"", ""soft_review_tag""]",rendered,src/data/deskpet/bangdream-rendered-resource-audit/rendered/bangdream_012_dream_festival_3_ur.png,completed,"{""1girl"": 0.998645, ""2girls"": 0.00012, ""animal"": 5.2e-05, ""animal_focus"": 0.0, ""bare_shoulders"": 0.327084, ""bikini"": 0.000829, ""bird"": 1e-05, ""cleavage"": 0.00944, ""corset"": 0.00082, ""crop_top"": 0.001079, ""dog"": 4e-06, ""faceless"": 3e-06, ""food_focus"": 0.0, ""garter_straps"": 0.000117, ""helmet"": 5.1e-05, ""lingerie"": 5.1e-05, ""looking_at_viewer"": 0.875163, ""mask"": 2.3e-05, ""midriff"": 0.048406, ""multiple_girls"": 9.3e-05, ""navel"": 0.919007, ""no_humans"": 6e-06, ""onsen"": 1e-06, ""panties"": 0.000303, ""penguin"": 2e-06, ""school_swimsuit"": 6e-06, ""solo"": 0.982092, ""swimsuit"": 0.004029, ""thighhighs"": 0.000874, ""underwear"": 0.000712}",visual_review
bangdream_012_live_event_03_sr,classified,soft_review,"[""low_1girl_score"", ""mask"", ""qualification_review""]",rendered,src/data/deskpet/bangdream-rendered-resource-audit/rendered/bangdream_012_live_event_03_sr.png,completed,"{""1girl"": 0.733958, ""2girls"": 0.000415, ""animal"": 8.6e-05, ""animal_focus"": 3e-06, ""bare_shoulders"": 0.000236, ""bikini"": 2.8e-05, ""bird"": 5e-05, ""cleavage"": 0.000157, ""corset"": 0.000136, ""crop_top"": 6.7e-05, ""dog"": 7e-06, ""faceless"": 1.2e-05, ""food_focus"": 0.0, ""garter_straps"": 0.000118, ""helmet"": 7.3e-05, ""lingerie"": 8e-06, ""looking_at_viewer"": 0.835008, ""mask"": 0.988058, ""midriff"": 5.2e-05, ""multiple_girls"": 0.000437, ""navel"": 0.00023, ""no_humans"": 7.3e-05, ""onsen"": 1e-06, ""panties"": 0.000135, ""penguin"": 0.0, ""school_swimsuit"": 2e-06, ""solo"": 0.97134, ""swimsuit"": 6.5e-05, ""thighhighs"": 0.000425, ""underwear"": 0.000359}",visual_review
bangdream_012_live_event_110_ssr,classified,soft_review,"[""crop_top"", ""midriff"", ""navel"", ""soft_review_tag""]",rendered,src/data/deskpet/bangdream-rendered-resource-audit/rendered/bangdream_012_live_event_110_ssr.png,completed,"{""1girl"": 0.99795, ""2girls"": 0.000155, ""animal"": 0.000143, ""animal_focus"": 0.0, ""bare_shoulders"": 0.003193, ""bikini"": 0.000202, ""bird"": 2e-05, ""cleavage"": 0.001108, ""corset"": 0.00013, ""crop_top"": 0.705614, ""dog"": 8e-06, ""faceless"": 0.0, ""food_focus"": 0.0, ""garter_straps"": 0.001287, ""helmet"": 6.3e-05, ""lingerie"": 0.0, ""looking_at_viewer"": 0.899348, ""mask"": 5.6e-05, ""midriff"": 0.910939, ""multiple_girls"": 0.000111, ""navel"": 0.948474, ""no_humans"": 4e-06, ""onsen"": 0.0, ""panties"": 0.000228, ""penguin"": 0.0, ""school_swimsuit"": 2e-06, ""solo"": 0.984954, ""swimsuit"": 0.000278, ""thighhighs"": 0.939969, ""underwear"": 0.000356}",visual_review
bangdream_012_live_event_137_sr,classified,soft_review,"[""garter_straps"", ""navel"", ""soft_review_tag""]",rendered,src/data/deskpet/bangdream-rendered-resource-audit/rendered/bangdream_012_live_event_137_sr.png,completed,"{""1girl"": 0.997852, ""2girls"": 0.000109, ""animal"": 3.9e-05, ""animal_focus"": 1e-06, ""bare_shoulders"": 0.439514, ""bikini"": 0.000173, ""bird"": 7e-06, ""cleavage"": 0.003569, ""corset"": 0.001176, ""crop_top"": 0.011921, ""dog"": 4e-06, ""faceless"": 2e-06, ""food_focus"": 0.0, ""garter_straps"": 0.821623, ""helmet"": 2.7e-05, ""lingerie"": 1.5e-05, ""looking_at_viewer"": 0.879313, ""mask"": 3e-05, ""midriff"": 0.232097, ""multiple_girls"": 0.000158, ""navel"": 0.944267, ""no_humans"": 8e-06, ""onsen"": 1e-06, ""panties"": 0.000448, ""penguin"": 0.0, ""school_swimsuit"": 6e-06, ""solo"": 0.971848, ""swimsuit"": 0.000301, ""thighhighs"": 0.934701, ""underwear"": 0.000669}",visual_review
bangdream_012_live_event_153_r,classified,soft_review,"[""midriff"", ""navel"", ""soft_review_tag""]",rendered,src/data/deskpet/bangdream-rendered-resource-audit/rendered/bangdream_012_live_event_153_r.png,completed,"{""1girl"": 0.992949, ""2girls"": 0.000267, ""animal"": 0.000346, ""animal_focus"": 9e-06, ""bare_shoulders"": 0.202225, ""bikini"": 0.000711, ""bird"": 2.7e-05, ""cleavage"": 0.000911, ""corset"": 5.7e-05, ""crop_top"": 0.441145, ""dog"": 1e-05, ""faceless"": 3.8e-05, ""food_focus"": 3e-06, ""garter_straps"": 0.000161, ""helmet"": 0.000206, ""lingerie"": 3e-06, ""looking_at_viewer"": 0.867421, ""mask"": 0.000103, ""midriff"": 0.727507, ""multiple_girls"": 0.000367, ""navel"": 0.911632, ""no_humans"": 6.2e-05, ""onsen"": 1e-06, ""panties"": 0.000265, ""penguin"": 0.0, ""school_swimsuit"": 8e-06, ""solo"": 0.969747, ""swimsuit"": 0.001125, ""thighhighs"": 0.001515, ""underwear"": 0.000448}",visual_review
bangdream_012_live_event_175_ssr,classified,soft_review,"[""mask"", ""qualification_review""]",rendered,src/data/deskpet/bangdream-rendered-resource-audit/rendered/bangdream_012_live_event_175_ssr.png,completed,"{""1girl"": 0.945973, ""2girls"": 0.000842, ""animal"": 0.000204, ""animal_focus"": 5e-06, ""bare_shoulders"": 0.000971, ""bikini"": 6.1e-05, ""bird"": 2e-05, ""cleavage"": 0.000243, ""corset"": 0.001042, ""crop_top"": 5.4e-05, ""dog"": 3e-06, ""faceless"": 5e-06, ""food_focus"": 0.0, ""garter_straps"": 0.000401, ""helmet"": 5.5e-05, ""lingerie"": 5e-06, ""looking_at_viewer"": 0.79611, ""mask"": 0.885235, ""midriff"": 7.3e-05, ""multiple_girls"": 0.000929, ""navel"": 0.000249, ""no_humans"": 7.7e-05, ""onsen"": 0.0, ""panties"": 0.000247, ""penguin"": 0.0, ""school_swimsuit"": 2e-06, ""solo"": 0.961859, ""swimsuit"": 0.000134, ""thighhighs"": 0.000777, ""underwear"": 0.000327}",visual_review
bangdream_012_live_event_196_sr,classified,soft_review,"[""low_1girl_score"", ""qualification_review""]",rendered,src/data/deskpet/bangdream-rendered-resource-audit/rendered/bangdream_012_live_event_196_sr.png,completed,"{""1girl"": 0.08673, ""2girls"": 0.000815, ""animal"": 5.6e-05, ""animal_focus"": 3e-06, ""bare_shoulders"": 0.000986, ""bikini"": 4.8e-05, ""bird"": 1e-05, ""cleavage"": 0.000152, ""corset"": 1.8e-05, ""crop_top"": 0.000157, ""dog"": 1e-06, ""faceless"": 5e-06, ""food_focus"": 0.0, ""garter_straps"": 2.4e-05, ""helmet"": 5.2e-05, ""lingerie"": 2e-06, ""looking_at_viewer"": 0.814498, ""mask"": 4.3e-05, ""midriff"": 0.000165, ""multiple_girls"": 0.001626, ""navel"": 0.000428, ""no_humans"": 3e-05, ""onsen"": 0.0, ""panties"": 0.000173, ""penguin"": 0.0, ""school_swimsuit"": 3e-06, ""solo"": 0.962335, ""swimsuit"": 0.000159, ""thighhighs"": 0.000699, ""underwear"": 0.00035}",visual_review
bangdream_012_live_event_225_sr,classified,soft_review,"[""garter_straps"", ""soft_review_tag""]",rendered,src/data/deskpet/bangdream-rendered-resource-audit/rendered/bangdream_012_live_event_225_sr.png,completed,"{""1girl"": 0.997238, ""2girls"": 0.000195, ""animal"": 0.000168, ""animal_focus"": 1e-06, ""bare_shoulders"": 0.001215, ""bikini"": 7e-05, ""bird"": 1.6e-05, ""cleavage"": 0.000497, ""corset"": 6.4e-05, ""crop_top"": 0.000256, ""dog"": 2.5e-05, ""faceless"": 4e-06, ""food_focus"": 0.0, ""garter_straps"": 0.836185, ""helmet"": 3.6e-05, ""lingerie"": 3e-06, ""looking_at_viewer"": 0.885069, ""mask"": 8.8e-05, ""midriff"": 0.000299, ""multiple_girls"": 0.000152, ""navel"": 0.000581, ""no_humans"": 1.4e-05, ""onsen"": 1e-06, ""panties"": 0.000133, ""penguin"": 1e-06, ""school_swimsuit"": 1e-06, ""solo"": 0.990884, ""swimsuit"": 0.000133, ""thighhighs"": 0.590128, ""underwear"": 0.000274}",visual_review
bangdream_012_live_event_226_ur,classified,soft_review,"[""crop_top"", ""midriff"", ""navel"", ""soft_review_tag""]",rendered,src/data/deskpet/bangdream-rendered-resource-audit/rendered/bangdream_012_live_event_226_ur.png,completed,"{""1girl"": 0.989858, ""2girls"": 0.000272, ""animal"": 2.8e-05, ""animal_focus"": 1e-06, ""bare_shoulders"": 0.093271, ""bikini"": 0.000159, ""bird"": 4.6e-05, ""cleavage"": 0.006379, ""corset"": 5.4e-05, ""crop_top"": 0.918761, ""dog"": 2e-06, ""faceless"": 3e-06, ""food_focus"": 0.0, ""garter_straps"": 0.000493, ""helmet"": 0.000162, ""lingerie"": 8e-06, ""looking_at_viewer"": 0.859541, ""mask"": 0.000233, ""midriff"": 0.753682, ""multiple_girls"": 0.000349, ""navel"": 0.863282, ""no_humans"": 3.1e-05, ""onsen"": 1e-06, ""panties"": 0.000533, ""penguin"": 2e-06, ""school_swimsuit"": 2e-06, ""solo"": 0.961618, ""swimsuit"": 0.000226, ""thighhighs"": 0.00719, ""underwear"": 0.001529}",visual_review
bangdream_012_live_event_283_ur,classified,soft_review,"[""garter_straps"", ""soft_review_tag""]",rendered,src/data/deskpet/bangdream-rendered-resource-audit/rendered/bangdream_012_live_event_283_ur.png,completed,"{""1girl"": 0.996732, ""2girls"": 0.00025, ""animal"": 7e-06, ""animal_focus"": 1e-06, ""bare_shoulders"": 0.005756, ""bikini"": 4.1e-05, ""bird"": 6e-06, ""cleavage"": 0.007007, ""corset"": 0.050835, ""crop_top"": 0.000918, ""dog"": 1e-06, ""faceless"": 6e-06, ""food_focus"": 0.0, ""garter_straps"": 0.910966, ""helmet"": 8.6e-05, ""lingerie"": 3.1e-05, ""looking_at_viewer"": 0.889347, ""mask"": 5.6e-05, ""midriff"": 0.000502, ""multiple_girls"": 0.000216, ""navel"": 0.001587, ""no_humans"": 2.7e-05, ""onsen"": 0.0, ""panties"": 0.000121, ""penguin"": 0.0, ""school_swimsuit"": 4e-06, ""solo"": 0.989045, ""swimsuit"": 0.000106, ""thighhighs"": 0.415669, ""underwear"": 0.00032}",visual_review
bangdream_012_live_event_292_ur,classified,soft_review,"[""garter_straps"", ""soft_review_tag""]",rendered,src/data/deskpet/bangdream-rendered-resource-audit/rendered/bangdream_012_live_event_292_ur.png,completed,"{""1girl"": 0.994627, ""2girls"": 0.000236, ""animal"": 5e-05, ""animal_focus"": 2e-06, ""bare_shoulders"": 0.000726, ""bikini"": 2.6e-05, ""bird"": 2e-05, ""cleavage"": 0.000284, ""corset"": 0.080482, ""crop_top"": 0.000131, ""dog"": 4e-06, ""faceless"": 8e-06, ""food_focus"": 0.0, ""garter_straps"": 0.97657, ""helmet"": 8.2e-05, ""lingerie"": 3e-06, ""looking_at_viewer"": 0.855445, ""mask"": 7.2e-05, ""midriff"": 0.000147, ""multiple_girls"": 0.000266, ""navel"": 0.000317, ""no_humans"": 8e-06, ""onsen"": 1e-06, ""panties"": 0.00023, ""penguin"": 0.0, ""school_swimsuit"": 2e-06, ""solo"": 0.976475, ""swimsuit"": 4.8e-05, ""thighhighs"": 0.92543, ""underwear"": 0.000364}",visual_review
bangdream_012_live_event_303_sr,classified,soft_review,"[""crop_top"", ""midriff"", ""navel"", ""soft_review_tag""]",rendered,src/data/deskpet/bangdream-rendered-resource-audit/rendered/bangdream_012_live_event_303_sr.png,completed,"{""1girl"": 0.995865, ""2girls"": 0.000287, ""animal"": 6.1e-05, ""animal_focus"": 1e-06, ""bare_shoulders"": 0.325899, ""bikini"": 0.00019, ""bird"": 2.9e-05, ""cleavage"": 0.092955, ""corset"": 0.011748, ""crop_top"": 0.562487, ""dog"": 6e-06, ""faceless"": 5e-06, ""food_focus"": 5e-06, ""garter_straps"": 0.000846, ""helmet"": 6.7e-05, ""lingerie"": 1.3e-05, ""looking_at_viewer"": 0.719184, ""mask"": 0.000152, ""midriff"": 0.671814, ""multiple_girls"": 0.000321, ""navel"": 0.850905, ""no_humans"": 4.4e-05, ""onsen"": 1e-06, ""panties"": 0.000459, ""penguin"": 1e-06, ""school_swimsuit"": 6e-06, ""solo"": 0.962791, ""swimsuit"": 0.000262, ""thighhighs"": 0.876646, ""underwear"": 0.001445}",visual_review
bangdream_012_live_event_327_ur,classified,soft_review,"[""garter_straps"", ""soft_review_tag""]",rendered,src/data/deskpet/bangdream-rendered-resource-audit/rendered/bangdream_012_live_event_327_ur.png,completed,"{""1girl"": 0.9983, ""2girls"": 0.000151, ""animal"": 0.000128, ""animal_focus"": 0.0, ""bare_shoulders"": 0.000787, ""bikini"": 2.4e-05, ""bird"": 4.3e-05, ""cleavage"": 0.000373, ""corset"": 5.1e-05, ""crop_top"": 4.4e-05, ""dog"": 6e-06, ""faceless"": 6e-06, ""food_focus"": 0.0, ""garter_straps"": 0.971058, ""helmet"": 6.4e-05, ""lingerie"": 4e-06, ""looking_at_viewer"": 0.942554, ""mask"": 0.000106, ""midriff"": 9.7e-05, ""multiple_girls"": 0.000168, ""navel"": 0.000444, ""no_humans"": 1.2e-05, ""onsen"": 1e-06, ""panties"": 8.7e-05, ""penguin"": 3e-06, ""school_swimsuit"": 1e-06, ""solo"": 0.988924, ""swimsuit"": 3.8e-05, ""thighhighs"": 0.951826, ""underwear"": 0.000145}",visual_review
bangdream_012_live_event_40_r,classified,soft_review,"[""crop_top"", ""midriff"", ""navel"", ""soft_review_tag""]",rendered,src/data/deskpet/bangdream-rendered-resource-audit/rendered/bangdream_012_live_event_40_r.png,completed,"{""1girl"": 0.993988, ""2girls"": 0.000187, ""animal"": 0.000151, ""animal_focus"": 2e-06, ""bare_shoulders"": 0.001727, ""bikini"": 0.000184, ""bird"": 2.2e-05, ""cleavage"": 0.000862, ""corset"": 1.1e-05, ""crop_top"": 0.770965, ""dog"": 8e-06, ""faceless"": 9e-06, ""food_focus"": 0.0, ""garter_straps"": 1.4e-05, ""helmet"": 3.3e-05, ""lingerie"": 3e-06, ""looking_at_viewer"": 0.875034, ""mask"": 4.6e-05, ""midriff"": 0.536367, ""multiple_girls"": 0.000193, ""navel"": 0.81151, ""no_humans"": 2e-05, ""onsen"": 0.0, ""panties"": 0.000517, ""penguin"": 0.0, ""school_swimsuit"": 2e-06, ""solo"": 0.987055, ""swimsuit"": 0.000226, ""thighhighs"": 0.002628, ""underwear"": 0.001111}",visual_review
bangdream_012_ranger,classified,soft_review,"[""mask"", ""qualification_review""]",rendered,src/data/deskpet/bangdream-rendered-resource-audit/rendered/bangdream_012_ranger.png,completed,"{""1girl"": 0.995161, ""2girls"": 0.000191, ""animal"": 2.2e-05, ""animal_focus"": 1e-06, ""bare_shoulders"": 0.000386, ""bikini"": 4.9e-05, ""bird"": 9.7e-05, ""cleavage"": 0.000913, ""corset"": 0.000169, ""crop_top"": 4.1e-05, ""dog"": 2e-06, ""faceless"": 7.6e-05, ""food_focus"": 0.0, ""garter_straps"": 1.1e-05, ""helmet"": 0.232574, ""lingerie"": 1e-06, ""looking_at_viewer"": 0.073729, ""mask"": 0.841331, ""midriff"": 0.000194, ""multiple_girls"": 0.00034, ""navel"": 0.000452, ""no_humans"": 9e-06, ""onsen"": 1e-06, ""panties"": 0.000133, ""penguin"": 1e-06, ""school_swimsuit"": 1e-06, ""solo"": 0.956276, ""swimsuit"": 0.000111, ""thighhighs"": 0.000368, ""underwear"": 0.00025}",visual_review
bangdream_013_2018_dog,classified,soft_review,"[""qualification_review"", ""variant_keyword:dog""]",rendered,src/data/deskpet/bangdream-rendered-resource-audit/rendered/bangdream_013_2018_dog.png,completed,"{""1girl"": 0.996372, ""2girls"": 0.000244, ""animal"": 0.000192, ""animal_focus"": 1e-06, ""bare_shoulders"": 0.000463, ""bikini"": 3.3e-05, ""bird"": 0.00021, ""cleavage"": 0.000653, ""corset"": 3e-06, ""crop_top"": 4.5e-05, ""dog"": 0.000256, ""faceless"": 1.5e-05, ""food_focus"": 0.0, ""garter_straps"": 6e-06, ""helmet"": 1.5e-05, ""lingerie"": 1.8e-05, ""looking_at_viewer"": 0.739652, ""mask"": 2.9e-05, ""midriff"": 7.6e-05, ""multiple_girls"": 0.000388, ""navel"": 0.000433, ""no_humans"": 2.2e-05, ""onsen"": 0.0, ""panties"": 0.000195, ""penguin"": 1e-06, ""school_swimsuit"": 3e-06, ""solo"": 0.973191, ""swimsuit"": 8.3e-05, ""thighhighs"": 0.000966, ""underwear"": 0.000514}",visual_review
bangdream_013_delta,classified,soft_review,"[""midriff"", ""navel"", ""soft_review_tag""]",rendered,src/data/deskpet/bangdream-rendered-resource-audit/rendered/bangdream_013_delta.png,completed,"{""1girl"": 0.993491, ""2girls"": 0.000563, ""animal"": 2.6e-05, ""animal_focus"": 2e-06, ""bare_shoulders"": 0.016036, ""bikini"": 0.00029, ""bird"": 2.7e-05, ""cleavage"": 0.006488, ""corset"": 6.2e-05, ""crop_top"": 0.010331, ""dog"": 7e-06, ""faceless"": 1.9e-05, ""food_focus"": 0.0, ""garter_straps"": 0.002244, ""helmet"": 1.3e-05, ""lingerie"": 6e-06, ""looking_at_viewer"": 0.680565, ""mask"": 6.4e-05, ""midriff"": 0.552595, ""multiple_girls"": 0.000509, ""navel"": 0.976412, ""no_humans"": 1.6e-05, ""onsen"": 0.0, ""panties"": 0.000344, ""penguin"": 3e-06, ""school_swimsuit"": 3e-06, ""solo"": 0.951839, ""swimsuit"": 0.00044, ""thighhighs"": 0.907159, ""underwear"": 0.002375}",visual_review
bangdream_013_dream_festival_2,classified,soft_review,"[""crop_top"", ""midriff"", ""navel"", ""soft_review_tag""]",rendered,src/data/deskpet/bangdream-rendered-resource-audit/rendered/bangdream_013_dream_festival_2.png,completed,"{""1girl"": 0.997467, ""2girls"": 0.00011, ""animal"": 0.000126, ""animal_focus"": 1e-06, ""bare_shoulders"": 0.196711, ""bikini"": 0.000538, ""bird"": 0.000514, ""cleavage"": 0.009373, ""corset"": 1e-05, ""crop_top"": 0.8652, ""dog"": 6e-06, ""faceless"": 1e-06, ""food_focus"": 0.0, ""garter_straps"": 0.00192, ""helmet"": 1.8e-05, ""lingerie"": 9e-06, ""looking_at_viewer"": 0.938599, ""mask"": 2.9e-05, ""midriff"": 0.927656, ""multiple_girls"": 0.000182, ""navel"": 0.965289, ""no_humans"": 7e-06, ""onsen"": 0.0, ""panties"": 0.000429, ""penguin"": 4e-06, ""school_swimsuit"": 3e-06, ""solo"": 0.975747, ""swimsuit"": 0.001228, ""thighhighs"": 0.768235, ""underwear"": 0.001073}",visual_review
bangdream_013_dream_festival_4_ur,classified,soft_review,"[""midriff"", ""soft_review_tag""]",rendered,src/data/deskpet/bangdream-rendered-resource-audit/rendered/bangdream_013_dream_festival_4_ur.png,completed,"{""1girl"": 0.997617, ""2girls"": 0.000146, ""animal"": 0.000143, ""animal_focus"": 2e-06, ""bare_shoulders"": 0.004113, ""bikini"": 7.1e-05, ""bird"": 4.3e-05, ""cleavage"": 0.00131, ""corset"": 0.000594, ""crop_top"": 0.446866, ""dog"": 1e-06, ""faceless"": 1e-06, ""food_focus"": 0.0, ""garter_straps"": 0.049848, ""helmet"": 1e-05, ""lingerie"": 5e-06, ""looking_at_viewer"": 0.914971, ""mask"": 3.7e-05, ""midriff"": 0.803574, ""multiple_girls"": 0.000196, ""navel"": 0.04934, ""no_humans"": 7e-06, ""onsen"": 1e-06, ""panties"": 8.2e-05, ""penguin"": 1e-06, ""school_swimsuit"": 2e-06, ""solo"": 0.985113, ""swimsuit"": 0.000128, ""thighhighs"": 0.851474, ""underwear"": 0.000434}",visual_review
bangdream_013_live_event_110_ssr,classified,soft_review,"[""midriff"", ""navel"", ""soft_review_tag""]",rendered,src/data/deskpet/bangdream-rendered-resource-audit/rendered/bangdream_013_live_event_110_ssr.png,completed,"{""1girl"": 0.99754, ""2girls"": 0.00019, ""animal"": 5.6e-05, ""animal_focus"": 1e-06, ""bare_shoulders"": 0.002083, ""bikini"": 0.000943, ""bird"": 0.000122, ""cleavage"": 0.001398, ""corset"": 0.000167, ""crop_top"": 0.044379, ""dog"": 2e-06, ""faceless"": 1e-06, ""food_focus"": 0.0, ""garter_straps"": 0.029665, ""helmet"": 7.2e-05, ""lingerie"": 7e-06, ""looking_at_viewer"": 0.770178, ""mask"": 6.2e-05, ""midriff"": 0.63333, ""multiple_girls"": 0.000262, ""navel"": 0.902039, ""no_humans"": 3e-06, ""onsen"": 0.0, ""panties"": 0.00039, ""penguin"": 0.0, ""school_swimsuit"": 3e-06, ""solo"": 0.968123, ""swimsuit"": 0.000888, ""thighhighs"": 0.814881, ""underwear"": 0.00103}",visual_review
bangdream_013_live_event_141_sr,classified,soft_review,"[""garter_straps"", ""soft_review_tag""]",rendered,src/data/deskpet/bangdream-rendered-resource-audit/rendered/bangdream_013_live_event_141_sr.png,completed,"{""1girl"": 0.995838, ""2girls"": 0.000233, ""animal"": 3.7e-05, ""animal_focus"": 3e-06, ""bare_shoulders"": 0.000968, ""bikini"": 7.4e-05, ""bird"": 4.8e-05, ""cleavage"": 0.000431, ""corset"": 0.347298, ""crop_top"": 0.000186, ""dog"": 2e-06, ""faceless"": 5e-06, ""food_focus"": 0.0, ""garter_straps"": 0.923276, ""helmet"": 5.7e-05, ""lingerie"": 1.3e-05, ""looking_at_viewer"": 0.766826, ""mask"": 8.4e-05, ""midriff"": 0.000339, ""multiple_girls"": 0.000363, ""navel"": 0.00088, ""no_humans"": 2e-05, ""onsen"": 0.0, ""panties"": 0.000137, ""penguin"": 2e-06, ""school_swimsuit"": 2e-06, ""solo"": 0.973487, ""swimsuit"": 9.3e-05, ""thighhighs"": 0.937177, ""underwear"": 0.00063}",visual_review
bangdream_013_live_event_144_r,classified,soft_review,"[""navel"", ""soft_review_tag""]",rendered,src/data/deskpet/bangdream-rendered-resource-audit/rendered/bangdream_013_live_event_144_r.png,completed,"{""1girl"": 0.98878, ""2girls"": 0.000269, ""animal"": 0.000333, ""animal_focus"": 2.6e-05, ""bare_shoulders"": 0.003406, ""bikini"": 0.000363, ""bird"": 0.000107, ""cleavage"": 0.001026, ""corset"": 0.000154, ""crop_top"": 0.066035, ""dog"": 0.000633, ""faceless"": 8e-06, ""food_focus"": 0.0, ""garter_straps"": 0.000136, ""helmet"": 1.4e-05, ""lingerie"": 1.1e-05, ""looking_at_viewer"": 0.822399, ""mask"": 0.00021, ""midriff"": 0.275086, ""multiple_girls"": 0.000588, ""navel"": 0.722423, ""no_humans"": 6.4e-05, ""onsen"": 0.0, ""panties"": 0.000312, ""penguin"": 0.0, ""school_swimsuit"": 4e-06, ""solo"": 0.950181, ""swimsuit"": 0.000617, ""thighhighs"": 0.783222, ""underwear"": 0.000683}",visual_review
bangdream_013_live_event_153_ssr,classified,soft_review,"[""midriff"", ""navel"", ""soft_review_tag""]",rendered,src/data/deskpet/bangdream-rendered-resource-audit/rendered/bangdream_013_live_event_153_ssr.png,completed,"{""1girl"": 0.995071, ""2girls"": 0.000166, ""animal"": 0.000896, ""animal_focus"": 1e-05, ""bare_shoulders"": 0.014249, ""bikini"": 0.00293, ""bird"": 5.3e-05, ""cleavage"": 0.001276, ""corset"": 0.000112, ""crop_top"": 0.480886, ""dog"": 4.9e-05, ""faceless"": 3e-06, ""food_focus"": 0.0, ""garter_straps"": 0.000902, ""helmet"": 3.9e-05, ""lingerie"": 1.2e-05, ""looking_at_viewer"": 0.720677, ""mask"": 2.5e-05, ""midriff"": 0.860734, ""multiple_girls"": 0.00034, ""navel"": 0.926483, ""no_humans"": 6e-05, ""onsen"": 0.0, ""panties"": 0.0002, ""penguin"": 0.0, ""school_swimsuit"": 1e-06, ""solo"": 0.954128, ""swimsuit"": 0.003869, ""thighhighs"": 0.926245, ""underwear"": 0.00044}",visual_review
bangdream_013_live_event_164_r,classified,soft_review,"[""garter_straps"", ""soft_review_tag""]",rendered,src/data/deskpet/bangdream-rendered-resource-audit/rendered/bangdream_013_live_event_164_r.png,completed,"{""1girl"": 0.996013, ""2girls"": 0.000197, ""animal"": 6.3e-05, ""animal_focus"": 9e-06, ""bare_shoulders"": 0.116049, ""bikini"": 0.001886, ""bird"": 0.000132, ""cleavage"": 0.006045, ""corset"": 0.001642, ""crop_top"": 0.000391, ""dog"": 2e-06, ""faceless"": 3e-06, ""food_focus"": 0.0, ""garter_straps"": 0.916906, ""helmet"": 5e-06, ""lingerie"": 0.000445, ""looking_at_viewer"": 0.713417, ""mask"": 6.7e-05, ""midriff"": 0.000847, ""multiple_girls"": 0.000426, ""navel"": 0.002403, ""no_humans"": 9e-06, ""onsen"": 0.0, ""panties"": 0.030311, ""penguin"": 1e-06, ""school_swimsuit"": 8e-06, ""solo"": 0.962278, ""swimsuit"": 0.005411, ""thighhighs"": 0.909544, ""underwear"": 0.055336}",visual_review
bangdream_013_live_event_174_ssr,classified,soft_review,"[""low_1girl_score"", ""qualification_review""]",rendered,src/data/deskpet/bangdream-rendered-resource-audit/rendered/bangdream_013_live_event_174_ssr.png,completed,"{""1girl"": 0.133797, ""2girls"": 0.00051, ""animal"": 4e-05, ""animal_focus"": 1e-06, ""bare_shoulders"": 0.003274, ""bikini"": 5.5e-05, ""bird"": 2.2e-05, ""cleavage"": 0.000251, ""corset"": 5.5e-05, ""crop_top"": 9.9e-05, ""dog"": 1e-05, ""faceless"": 0.0, ""food_focus"": 0.0, ""garter_straps"": 3.7e-05, ""helmet"": 1.9e-05, ""lingerie"": 1e-06, ""looking_at_viewer"": 0.770617, ""mask"": 8e-05, ""midriff"": 0.000825, ""multiple_girls"": 0.000963, ""navel"": 0.000721, ""no_humans"": 3.6e-05, ""onsen"": 0.0, ""panties"": 8.5e-05, ""penguin"": 1e-06, ""school_swimsuit"": 2e-06, ""solo"": 0.930391, ""swimsuit"": 8e-05, ""thighhighs"": 0.881129, ""underwear"": 0.000272}",visual_review
bangdream_013_live_event_22_ssr,classified,soft_review,"[""midriff"", ""navel"", ""soft_review_tag""]",rendered,src/data/deskpet/bangdream-rendered-resource-audit/rendered/bangdream_013_live_event_22_ssr.png,completed,"{""1girl"": 0.997281, ""2girls"": 0.000178, ""animal"": 1.7e-05, ""animal_focus"": 0.0, ""bare_shoulders"": 0.0011, ""bikini"": 9.5e-05, ""bird"": 6e-06, ""cleavage"": 0.001634, ""corset"": 9e-06, ""crop_top"": 0.288171, ""dog"": 2e-06, ""faceless"": 2e-06, ""food_focus"": 0.0, ""garter_straps"": 0.000266, ""helmet"": 2.2e-05, ""lingerie"": 2e-06, ""looking_at_viewer"": 0.741938, ""mask"": 6e-06, ""midriff"": 0.826135, ""multiple_girls"": 0.000252, ""navel"": 0.950471, ""no_humans"": 7e-06, ""onsen"": 0.0, ""panties"": 0.000366, ""penguin"": 0.0, ""school_swimsuit"": 4e-06, ""solo"": 0.941912, ""swimsuit"": 0.000204, ""thighhighs"": 0.001976, ""underwear"": 0.00113}",visual_review
bangdream_013_live_event_260_ur,classified,soft_review,"[""navel"", ""soft_review_tag""]",rendered,src/data/deskpet/bangdream-rendered-resource-audit/rendered/bangdream_013_live_event_260_ur.png,completed,"{""1girl"": 0.997697, ""2girls"": 0.000196, ""animal"": 8e-05, ""animal_focus"": 2e-06, ""bare_shoulders"": 0.06962, ""bikini"": 0.000394, ""bird"": 0.000117, ""cleavage"": 0.001809, ""corset"": 0.000224, ""crop_top"": 0.001803, ""dog"": 5e-06, ""faceless"": 6e-06, ""food_focus"": 0.0, ""garter_straps"": 0.000436, ""helmet"": 9e-06, ""lingerie"": 2.1e-05, ""looking_at_viewer"": 0.874582, ""mask"": 5e-05, ""midriff"": 0.097408, ""multiple_girls"": 0.000245, ""navel"": 0.924962, ""no_humans"": 1.7e-05, ""onsen"": 0.0, ""panties"": 0.000446, ""penguin"": 1e-06, ""school_swimsuit"": 2e-06, ""solo"": 0.976913, ""swimsuit"": 0.000506, ""thighhighs"": 0.001735, ""underwear"": 0.001028}",visual_review
bangdream_013_live_event_262_sr,classified,soft_review,"[""midriff"", ""soft_review_tag""]",rendered,src/data/deskpet/bangdream-rendered-resource-audit/rendered/bangdream_013_live_event_262_sr.png,completed,"{""1girl"": 0.999011, ""2girls"": 8.9e-05, ""animal"": 1.8e-05, ""animal_focus"": 2e-06, ""bare_shoulders"": 0.002687, ""bikini"": 8.5e-05, ""bird"": 1.5e-05, ""cleavage"": 0.006249, ""corset"": 2.3e-05, ""crop_top"": 0.07978, ""dog"": 0.0, ""faceless"": 3e-06, ""food_focus"": 0.0, ""garter_straps"": 2.5e-05, ""helmet"": 2e-06, ""lingerie"": 1e-06, ""looking_at_viewer"": 0.922901, ""mask"": 2.3e-05, ""midriff"": 0.526245, ""multiple_girls"": 0.000107, ""navel"": 0.004393, ""no_humans"": 6e-06, ""onsen"": 0.0, ""panties"": 0.000217, ""penguin"": 0.0, ""school_swimsuit"": 1e-06, ""solo"": 0.995467, ""swimsuit"": 0.000213, ""thighhighs"": 0.007768, ""underwear"": 0.000463}",visual_review
bangdream_013_live_event_331_ur,classified,soft_review,"[""garter_straps"", ""soft_review_tag""]",rendered,src/data/deskpet/bangdream-rendered-resource-audit/rendered/bangdream_013_live_event_331_ur.png,completed,"{""1girl"": 0.997758, ""2girls"": 0.000156, ""animal"": 1.6e-05, ""animal_focus"": 2e-06, ""bare_shoulders"": 0.001675, ""bikini"": 4.6e-05, ""bird"": 3.7e-05, ""cleavage"": 0.000387, ""corset"": 0.012002, ""crop_top"": 2.4e-05, ""dog"": 2e-06, ""faceless"": 1e-06, ""food_focus"": 1e-06, ""garter_straps"": 0.775958, ""helmet"": 6.9e-05, ""lingerie"": 9e-06, ""looking_at_viewer"": 0.956467, ""mask"": 1.1e-05, ""midriff"": 6.3e-05, ""multiple_girls"": 0.000209, ""navel"": 0.000276, ""no_humans"": 1e-05, ""onsen"": 0.0, ""panties"": 0.00012, ""penguin"": 0.0, ""school_swimsuit"": 9e-06, ""solo"": 0.983899, ""swimsuit"": 0.000118, ""thighhighs"": 0.073876, ""underwear"": 0.000196}",visual_review
bangdream_013_live_event_33_ssr,classified,soft_review,"[""navel"", ""soft_review_tag""]",rendered,src/data/deskpet/bangdream-rendered-resource-audit/rendered/bangdream_013_live_event_33_ssr.png,completed,"{""1girl"": 0.996317, ""2girls"": 0.000246, ""animal"": 8.1e-05, ""animal_focus"": 6e-06, ""bare_shoulders"": 0.004549, ""bikini"": 0.000201, ""bird"": 3.7e-05, ""cleavage"": 0.001195, ""corset"": 4.9e-05, ""crop_top"": 0.011467, ""dog"": 3e-06, ""faceless"": 3e-06, ""food_focus"": 0.0, ""garter_straps"": 5.9e-05, ""helmet"": 6e-06, ""lingerie"": 2.5e-05, ""looking_at_viewer"": 0.724743, ""mask"": 6.7e-05, ""midriff"": 0.376477, ""multiple_girls"": 0.000364, ""navel"": 0.901084, ""no_humans"": 1.8e-05, ""onsen"": 0.0, ""panties"": 0.000373, ""penguin"": 3e-06, ""school_swimsuit"": 2e-06, ""solo"": 0.956552, ""swimsuit"": 0.000366, ""thighhighs"": 0.171383, ""underwear"": 0.00067}",visual_review
bangdream_013_live_event_63_ssr,classified,soft_review,"[""midriff"", ""navel"", ""soft_review_tag""]",rendered,src/data/deskpet/bangdream-rendered-resource-audit/rendered/bangdream_013_live_event_63_ssr.png,completed,"{""1girl"": 0.997715, ""2girls"": 0.000342, ""animal"": 0.001436, ""animal_focus"": 1e-06, ""bare_shoulders"": 0.005352, ""bikini"": 0.001228, ""bird"": 0.00021, ""cleavage"": 0.002578, ""corset"": 1.1e-05, ""crop_top"": 0.443354, ""dog"": 1.1e-05, ""faceless"": 0.0, ""food_focus"": 0.0, ""garter_straps"": 0.000536, ""helmet"": 7e-06, ""lingerie"": 1e-06, ""looking_at_viewer"": 0.674921, ""mask"": 0.00063, ""midriff"": 0.802805, ""multiple_girls"": 0.000327, ""navel"": 0.94744, ""no_humans"": 3e-06, ""onsen"": 0.0, ""panties"": 0.000136, ""penguin"": 2e-06, ""school_swimsuit"": 4e-06, ""solo"": 0.941656, ""swimsuit"": 0.00183, ""thighhighs"": 0.403143, ""underwear"": 0.000419}",visual_review
bangdream_013_live_event_67_sr,classified,soft_review,"[""garter_straps"", ""soft_review_tag""]",rendered,src/data/deskpet/bangdream-rendered-resource-audit/rendered/bangdream_013_live_event_67_sr.png,completed,"{""1girl"": 0.996504, ""2girls"": 0.000221, ""animal"": 5.7e-05, ""animal_focus"": 2e-06, ""bare_shoulders"": 0.00067, ""bikini"": 5.5e-05, ""bird"": 4.6e-05, ""cleavage"": 0.000517, ""corset"": 0.010363, ""crop_top"": 9.9e-05, ""dog"": 3e-06, ""faceless"": 3e-06, ""food_focus"": 0.0, ""garter_straps"": 0.831632, ""helmet"": 1.6e-05, ""lingerie"": 2e-06, ""looking_at_viewer"": 0.847445, ""mask"": 2.3e-05, ""midriff"": 0.000238, ""multiple_girls"": 0.000371, ""navel"": 0.000871, ""no_humans"": 6e-06, ""onsen"": 0.0, ""panties"": 7.6e-05, ""penguin"": 0.0, ""school_swimsuit"": 1e-06, ""solo"": 0.973143, ""swimsuit"": 0.000138, ""thighhighs"": 0.931601, ""underwear"": 0.000169}",visual_review
bangdream_013_live_event_69_sr,classified,soft_review,"[""midriff"", ""navel"", ""soft_review_tag""]",rendered,src/data/deskpet/bangdream-rendered-resource-audit/rendered/bangdream_013_live_event_69_sr.png,completed,"{""1girl"": 0.996995, ""2girls"": 0.000232, ""animal"": 0.000144, ""animal_focus"": 3e-06, ""bare_shoulders"": 0.107076, ""bikini"": 0.00041, ""bird"": 8.6e-05, ""cleavage"": 0.002527, ""corset"": 0.000163, ""crop_top"": 0.084261, ""dog"": 1.1e-05, ""faceless"": 1.1e-05, ""food_focus"": 1e-06, ""garter_straps"": 0.000254, ""helmet"": 1e-05, ""lingerie"": 2.1e-05, ""looking_at_viewer"": 0.776643, ""mask"": 5.8e-05, ""midriff"": 0.562461, ""multiple_girls"": 0.00043, ""navel"": 0.920275, ""no_humans"": 2.3e-05, ""onsen"": 0.0, ""panties"": 0.000695, ""penguin"": 1e-06, ""school_swimsuit"": 1.3e-05, ""solo"": 0.938037, ""swimsuit"": 0.000757, ""thighhighs"": 0.012757, ""underwear"": 0.002836}",visual_review
bangdream_013_live_event_79_ssr,classified,soft_review,"[""midriff"", ""navel"", ""soft_review_tag""]",rendered,src/data/deskpet/bangdream-rendered-resource-audit/rendered/bangdream_013_live_event_79_ssr.png,completed,"{""1girl"": 0.99733, ""2girls"": 0.00014, ""animal"": 0.0001, ""animal_focus"": 1e-06, ""bare_shoulders"": 0.001992, ""bikini"": 0.000184, ""bird"": 9.3e-05, ""cleavage"": 0.001954, ""corset"": 0.000534, ""crop_top"": 0.071281, ""dog"": 2.7e-05, ""faceless"": 3e-06, ""food_focus"": 0.0, ""garter_straps"": 0.001087, ""helmet"": 8e-06, ""lingerie"": 1e-06, ""looking_at_viewer"": 0.902467, ""mask"": 1.8e-05, ""midriff"": 0.790654, ""multiple_girls"": 0.000305, ""navel"": 0.89846, ""no_humans"": 7e-06, ""onsen"": 0.0, ""panties"": 0.000211, ""penguin"": 0.0, ""school_swimsuit"": 2e-06, ""solo"": 0.974925, ""swimsuit"": 0.000161, ""thighhighs"": 0.373518, ""underwear"": 0.000618}",visual_review
bangdream_013_live_r_2019,classified,soft_review,"[""midriff"", ""navel"", ""soft_review_tag""]",rendered,src/data/deskpet/bangdream-rendered-resource-audit/rendered/bangdream_013_live_r_2019.png,completed,"{""1girl"": 0.993693, ""2girls"": 0.000383, ""animal"": 0.000229, ""animal_focus"": 3e-06, ""bare_shoulders"": 0.074418, ""bikini"": 0.000679, ""bird"": 0.000133, ""cleavage"": 0.004124, ""corset"": 0.000179, ""crop_top"": 0.082247, ""dog"": 4e-06, ""faceless"": 2.7e-05, ""food_focus"": 1e-06, ""garter_straps"": 6.1e-05, ""helmet"": 5e-06, ""lingerie"": 2.2e-05, ""looking_at_viewer"": 0.750712, ""mask"": 2.3e-05, ""midriff"": 0.844631, ""multiple_girls"": 0.000548, ""navel"": 0.94398, ""no_humans"": 8e-06, ""onsen"": 1e-06, ""panties"": 0.001768, ""penguin"": 0.0, ""school_swimsuit"": 2e-06, ""solo"": 0.945181, ""swimsuit"": 0.000872, ""thighhighs"": 0.001821, ""underwear"": 0.017053}",visual_review
bangdream_013_ranger,classified,soft_review,"[""helmet"", ""mask"", ""qualification_review""]",rendered,src/data/deskpet/bangdream-rendered-resource-audit/rendered/bangdream_013_ranger.png,completed,"{""1girl"": 0.991893, ""2girls"": 0.000401, ""animal"": 3.3e-05, ""animal_focus"": 1e-06, ""bare_shoulders"": 0.001471, ""bikini"": 4.7e-05, ""bird"": 0.000129, ""cleavage"": 0.000845, ""corset"": 1.3e-05, ""crop_top"": 9.8e-05, ""dog"": 3e-06, ""faceless"": 5.3e-05, ""food_focus"": 0.0, ""garter_straps"": 2.4e-05, ""helmet"": 0.583123, ""lingerie"": 3.9e-05, ""looking_at_viewer"": 0.177153, ""mask"": 0.579978, ""midriff"": 0.000257, ""multiple_girls"": 0.000863, ""navel"": 0.001059, ""no_humans"": 2.5e-05, ""onsen"": 1e-06, ""panties"": 0.000261, ""penguin"": 0.0, ""school_swimsuit"": 2e-06, ""solo"": 0.872397, ""swimsuit"": 0.000139, ""thighhighs"": 0.001453, ""underwear"": 0.000677}",visual_review
bangdream_014_2018_dog,classified,soft_review,"[""qualification_review"", ""variant_keyword:dog""]",rendered,src/data/deskpet/bangdream-rendered-resource-audit/rendered/bangdream_014_2018_dog.png,completed,"{""1girl"": 0.997072, ""2girls"": 0.000254, ""animal"": 0.002072, ""animal_focus"": 3e-06, ""bare_shoulders"": 0.001597, ""bikini"": 7.2e-05, ""bird"": 0.000229, ""cleavage"": 0.001921, ""corset"": 1.1e-05, ""crop_top"": 2.2e-05, ""dog"": 0.020083, ""faceless"": 2e-06, ""food_focus"": 0.0, ""garter_straps"": 8.6e-05, ""helmet"": 1.3e-05, ""lingerie"": 1e-06, ""looking_at_viewer"": 0.828907, ""mask"": 5.9e-05, ""midriff"": 1.9e-05, ""multiple_girls"": 0.000478, ""navel"": 0.00044, ""no_humans"": 1.7e-05, ""onsen"": 1e-06, ""panties"": 0.000173, ""penguin"": 8e-06, ""school_swimsuit"": 1.5e-05, ""solo"": 0.981196, ""swimsuit"": 0.000145, ""thighhighs"": 0.041315, ""underwear"": 0.00029}",visual_review
bangdream_014_delta,classified,soft_review,"[""navel"", ""soft_review_tag""]",rendered,src/data/deskpet/bangdream-rendered-resource-audit/rendered/bangdream_014_delta.png,completed,"{""1girl"": 0.998045, ""2girls"": 0.000249, ""animal"": 2.6e-05, ""animal_focus"": 1e-06, ""bare_shoulders"": 0.025086, ""bikini"": 9.4e-05, ""bird"": 6.6e-05, ""cleavage"": 0.006449, ""corset"": 3e-06, ""crop_top"": 0.001648, ""dog"": 1e-06, ""faceless"": 6e-06, ""food_focus"": 0.0, ""garter_straps"": 0.001419, ""helmet"": 3.2e-05, ""lingerie"": 1e-06, ""looking_at_viewer"": 0.705872, ""mask"": 5.3e-05, ""midriff"": 0.144263, ""multiple_girls"": 0.000337, ""navel"": 0.84188, ""no_humans"": 1e-05, ""onsen"": 0.0, ""panties"": 0.000368, ""penguin"": 4e-06, ""school_swimsuit"": 7e-06, ""solo"": 0.925183, ""swimsuit"": 0.000218, ""thighhighs"": 0.968663, ""underwear"": 0.001112}",visual_review
bangdream_014_dream_festival_2,classified,soft_review,"[""navel"", ""soft_review_tag""]",rendered,src/data/deskpet/bangdream-rendered-resource-audit/rendered/bangdream_014_dream_festival_2.png,completed,"{""1girl"": 0.997762, ""2girls"": 0.00021, ""animal"": 0.000175, ""animal_focus"": 7e-06, ""bare_shoulders"": 0.616738, ""bikini"": 0.003839, ""bird"": 0.000259, ""cleavage"": 0.008526, ""corset"": 0.000142, ""crop_top"": 0.007098, ""dog"": 1.7e-05, ""faceless"": 2e-06, ""food_focus"": 0.0, ""garter_straps"": 0.000507, ""helmet"": 9e-06, ""lingerie"": 6.4e-05, ""looking_at_viewer"": 0.858306, ""mask"": 0.00011, ""midriff"": 0.220431, ""multiple_girls"": 0.000244, ""navel"": 0.798281, ""no_humans"": 1.5e-05, ""onsen"": 1e-06, ""panties"": 0.002231, ""penguin"": 4e-06, ""school_swimsuit"": 2.6e-05, ""solo"": 0.976152, ""swimsuit"": 0.011006, ""thighhighs"": 0.011352, ""underwear"": 0.010631}",visual_review
bangdream_014_live_event_110_sr,classified,soft_review,"[""midriff"", ""navel"", ""soft_review_tag""]",rendered,src/data/deskpet/bangdream-rendered-resource-audit/rendered/bangdream_014_live_event_110_sr.png,completed,"{""1girl"": 0.997086, ""2girls"": 0.000186, ""animal"": 3.4e-05, ""animal_focus"": 0.0, ""bare_shoulders"": 0.004251, ""bikini"": 0.000233, ""bird"": 0.0002, ""cleavage"": 0.003293, ""corset"": 9.5e-05, ""crop_top"": 0.106173, ""dog"": 1e-06, ""faceless"": 1e-06, ""food_focus"": 0.0, ""garter_straps"": 0.043752, ""helmet"": 8.3e-05, ""lingerie"": 1e-06, ""looking_at_viewer"": 0.799256, ""mask"": 2.6e-05, ""midriff"": 0.753413, ""multiple_girls"": 0.000316, ""navel"": 0.927142, ""no_humans"": 6e-06, ""onsen"": 0.0, ""panties"": 0.000617, ""penguin"": 0.0, ""school_swimsuit"": 4e-06, ""solo"": 0.961847, ""swimsuit"": 0.000373, ""thighhighs"": 0.952001, ""underwear"": 0.002717}",visual_review
bangdream_014_live_event_11_r,classified,soft_review,"[""cleavage"", ""soft_review_tag""]",rendered,src/data/deskpet/bangdream-rendered-resource-audit/rendered/bangdream_014_live_event_11_r.png,completed,"{""1girl"": 0.997793, ""2girls"": 0.000343, ""animal"": 4e-05, ""animal_focus"": 1e-06, ""bare_shoulders"": 0.184122, ""bikini"": 0.00015, ""bird"": 4.7e-05, ""cleavage"": 0.729424, ""corset"": 0.000117, ""crop_top"": 0.000312, ""dog"": 5e-06, ""faceless"": 3e-06, ""food_focus"": 1e-06, ""garter_straps"": 8.1e-05, ""helmet"": 2.5e-05, ""lingerie"": 5e-06, ""looking_at_viewer"": 0.860702, ""mask"": 9.7e-05, ""midriff"": 0.000527, ""multiple_girls"": 0.000373, ""navel"": 0.00201, ""no_humans"": 2.6e-05, ""onsen"": 1e-06, ""panties"": 0.000305, ""penguin"": 9e-06, ""school_swimsuit"": 9e-06, ""solo"": 0.97858, ""swimsuit"": 0.00051, ""thighhighs"": 0.002375, ""underwear"": 0.000878}",visual_review
bangdream_014_live_event_153_sr,classified,soft_review,"[""navel"", ""soft_review_tag""]",rendered,src/data/deskpet/bangdream-rendered-resource-audit/rendered/bangdream_014_live_event_153_sr.png,completed,"{""1girl"": 0.997922, ""2girls"": 0.000185, ""animal"": 5.9e-05, ""animal_focus"": 3e-06, ""bare_shoulders"": 0.497534, ""bikini"": 0.000469, ""bird"": 9.3e-05, ""cleavage"": 0.010876, ""corset"": 5e-06, ""crop_top"": 0.096526, ""dog"": 3e-06, ""faceless"": 2e-06, ""food_focus"": 0.0, ""garter_straps"": 0.001346, ""helmet"": 5.5e-05, ""lingerie"": 0.0, ""looking_at_viewer"": 0.754582, ""mask"": 2.2e-05, ""midriff"": 0.336163, ""multiple_girls"": 0.00031, ""navel"": 0.809995, ""no_humans"": 7e-06, ""onsen"": 0.0, ""panties"": 0.000402, ""penguin"": 1.5e-05, ""school_swimsuit"": 8e-06, ""solo"": 0.991317, ""swimsuit"": 0.000856, ""thighhighs"": 0.934326, ""underwear"": 0.00083}",visual_review
bangdream_014_live_event_196_ssr,classified,soft_review,"[""garter_straps"", ""navel"", ""soft_review_tag""]",rendered,src/data/deskpet/bangdream-rendered-resource-audit/rendered/bangdream_014_live_event_196_ssr.png,completed,"{""1girl"": 0.996925, ""2girls"": 0.000288, ""animal"": 6.2e-05, ""animal_focus"": 2e-06, ""bare_shoulders"": 0.078834, ""bikini"": 0.00016, ""bird"": 4.8e-05, ""cleavage"": 0.462256, ""corset"": 4.8e-05, ""crop_top"": 0.000374, ""dog"": 2e-06, ""faceless"": 1e-06, ""food_focus"": 0.0, ""garter_straps"": 0.847638, ""helmet"": 2.6e-05, ""lingerie"": 6e-06, ""looking_at_viewer"": 0.723854, ""mask"": 0.000109, ""midriff"": 0.012612, ""multiple_girls"": 0.000485, ""navel"": 0.823623, ""no_humans"": 1.1e-05, ""onsen"": 0.0, ""panties"": 0.000325, ""penguin"": 2e-06, ""school_swimsuit"": 4e-06, ""solo"": 0.96533, ""swimsuit"": 0.000485, ""thighhighs"": 0.137856, ""underwear"": 0.000661}",visual_review
bangdream_014_live_event_226_ssr,classified,soft_review,"[""midriff"", ""navel"", ""soft_review_tag""]",rendered,src/data/deskpet/bangdream-rendered-resource-audit/rendered/bangdream_014_live_event_226_ssr.png,completed,"{""1girl"": 0.996531, ""2girls"": 0.000217, ""animal"": 2.9e-05, ""animal_focus"": 0.0, ""bare_shoulders"": 0.007951, ""bikini"": 0.000606, ""bird"": 0.000101, ""cleavage"": 0.010897, ""corset"": 1.6e-05, ""crop_top"": 0.441697, ""dog"": 6e-06, ""faceless"": 1e-06, ""food_focus"": 0.0, ""garter_straps"": 0.085355, ""helmet"": 2.1e-05, ""lingerie"": 7e-06, ""looking_at_viewer"": 0.847483, ""mask"": 3.6e-05, ""midriff"": 0.783053, ""multiple_girls"": 0.000214, ""navel"": 0.878611, ""no_humans"": 1.6e-05, ""onsen"": 1e-06, ""panties"": 0.000474, ""penguin"": 5e-06, ""school_swimsuit"": 9e-06, ""solo"": 0.984836, ""swimsuit"": 0.000635, ""thighhighs"": 0.972048, ""underwear"": 0.002316}",visual_review
bangdream_014_live_event_28_ssr,classified,soft_review,"[""cleavage"", ""soft_review_tag""]",rendered,src/data/deskpet/bangdream-rendered-resource-audit/rendered/bangdream_014_live_event_28_ssr.png,completed,"{""1girl"": 0.998407, ""2girls"": 0.000188, ""animal"": 0.000406, ""animal_focus"": 1e-06, ""bare_shoulders"": 0.003685, ""bikini"": 0.000119, ""bird"": 8.7e-05, ""cleavage"": 0.828269, ""corset"": 0.003992, ""crop_top"": 8e-05, ""dog"": 2.4e-05, ""faceless"": 1e-06, ""food_focus"": 0.0, ""garter_straps"": 0.000155, ""helmet"": 1.2e-05, ""lingerie"": 3e-06, ""looking_at_viewer"": 0.817232, ""mask"": 6e-05, ""midriff"": 0.000117, ""multiple_girls"": 0.00028, ""navel"": 0.000853, ""no_humans"": 1e-05, ""onsen"": 0.0, ""panties"": 0.000266, ""penguin"": 0.0001, ""school_swimsuit"": 4e-06, ""solo"": 0.98731, ""swimsuit"": 0.000285, ""thighhighs"": 0.010332, ""underwear"": 0.000517}",visual_review
bangdream_014_live_event_325_sr,classified,soft_review,"[""cleavage"", ""soft_review_tag""]",rendered,src/data/deskpet/bangdream-rendered-resource-audit/rendered/bangdream_014_live_event_325_sr.png,completed,"{""1girl"": 0.99741, ""2girls"": 0.000213, ""animal"": 3.5e-05, ""animal_focus"": 2e-06, ""bare_shoulders"": 0.096725, ""bikini"": 0.000115, ""bird"": 8.9e-05, ""cleavage"": 0.534608, ""corset"": 0.023953, ""crop_top"": 4.3e-05, ""dog"": 2.8e-05, ""faceless"": 3e-06, ""food_focus"": 0.0, ""garter_straps"": 8.2e-05, ""helmet"": 3.2e-05, ""lingerie"": 1.7e-05, ""looking_at_viewer"": 0.778644, ""mask"": 5.1e-05, ""midriff"": 0.000164, ""multiple_girls"": 0.000273, ""navel"": 0.001074, ""no_humans"": 1.5e-05, ""onsen"": 1e-06, ""panties"": 0.000292, ""penguin"": 7e-06, ""school_swimsuit"": 4e-06, ""solo"": 0.971846, ""swimsuit"": 0.000171, ""thighhighs"": 0.002515, ""underwear"": 0.000807}",visual_review
bangdream_014_live_event_327_ssr,classified,soft_review,"[""garter_straps"", ""soft_review_tag""]",rendered,src/data/deskpet/bangdream-rendered-resource-audit/rendered/bangdream_014_live_event_327_ssr.png,completed,"{""1girl"": 0.997154, ""2girls"": 0.000255, ""animal"": 7.2e-05, ""animal_focus"": 1e-06, ""bare_shoulders"": 0.000501, ""bikini"": 6e-06, ""bird"": 5.4e-05, ""cleavage"": 0.000134, ""corset"": 1.9e-05, ""crop_top"": 7.4e-05, ""dog"": 3e-06, ""faceless"": 3e-06, ""food_focus"": 0.0, ""garter_straps"": 0.949352, ""helmet"": 2.6e-05, ""lingerie"": 3e-06, ""looking_at_viewer"": 0.855574, ""mask"": 4.4e-05, ""midriff"": 8.2e-05, ""multiple_girls"": 0.000171, ""navel"": 0.00049, ""no_humans"": 1.5e-05, ""onsen"": 0.0, ""panties"": 0.000124, ""penguin"": 7e-06, ""school_swimsuit"": 6e-06, ""solo"": 0.98793, ""swimsuit"": 2.4e-05, ""thighhighs"": 0.942919, ""underwear"": 0.000162}",visual_review
bangdream_014_live_event_40_sr,classified,soft_review,"[""navel"", ""soft_review_tag""]",rendered,src/data/deskpet/bangdream-rendered-resource-audit/rendered/bangdream_014_live_event_40_sr.png,completed,"{""1girl"": 0.99703, ""2girls"": 0.000161, ""animal"": 0.000302, ""animal_focus"": 1e-06, ""bare_shoulders"": 0.00127, ""bikini"": 0.00014, ""bird"": 2.3e-05, ""cleavage"": 0.001182, ""corset"": 1e-05, ""crop_top"": 0.071578, ""dog"": 5e-06, ""faceless"": 4e-06, ""food_focus"": 0.0, ""garter_straps"": 3.2e-05, ""helmet"": 2.5e-05, ""lingerie"": 5e-06, ""looking_at_viewer"": 0.80755, ""mask"": 3e-05, ""midriff"": 0.39652, ""multiple_girls"": 0.000339, ""navel"": 0.607628, ""no_humans"": 7e-06, ""onsen"": 0.0, ""panties"": 0.000225, ""penguin"": 1e-06, ""school_swimsuit"": 2e-06, ""solo"": 0.986539, ""swimsuit"": 0.000246, ""thighhighs"": 0.896636, ""underwear"": 0.000763}",visual_review
bangdream_014_live_event_79_sr,classified,soft_review,"[""midriff"", ""navel"", ""soft_review_tag""]",rendered,src/data/deskpet/bangdream-rendered-resource-audit/rendered/bangdream_014_live_event_79_sr.png,completed,"{""1girl"": 0.997475, ""2girls"": 0.000126, ""animal"": 0.000106, ""animal_focus"": 0.0, ""bare_shoulders"": 0.002256, ""bikini"": 0.00014, ""bird"": 1e-05, ""cleavage"": 0.001676, ""corset"": 0.004251, ""crop_top"": 0.202403, ""dog"": 3.8e-05, ""faceless"": 1e-06, ""food_focus"": 0.0, ""garter_straps"": 0.001235, ""helmet"": 5e-06, ""lingerie"": 3e-06, ""looking_at_viewer"": 0.831625, ""mask"": 2.1e-05, ""midriff"": 0.787176, ""multiple_girls"": 0.000226, ""navel"": 0.838736, ""no_humans"": 9e-06, ""onsen"": 0.0, ""panties"": 0.000512, ""penguin"": 0.0, ""school_swimsuit"": 4e-06, ""solo"": 0.986356, ""swimsuit"": 0.00024, ""thighhighs"": 0.553636, ""underwear"": 0.000823}",visual_review
bangdream_014_live_event_98_r,classified,soft_review,"[""cleavage"", ""soft_review_tag""]",rendered,src/data/deskpet/bangdream-rendered-resource-audit/rendered/bangdream_014_live_event_98_r.png,completed,"{""1girl"": 0.997852, ""2girls"": 0.000409, ""animal"": 0.00013, ""animal_focus"": 0.0, ""bare_shoulders"": 0.05104, ""bikini"": 0.000154, ""bird"": 5e-05, ""cleavage"": 0.615984, ""corset"": 0.008178, ""crop_top"": 0.000277, ""dog"": 4e-06, ""faceless"": 5e-06, ""food_focus"": 0.0, ""garter_straps"": 0.002304, ""helmet"": 1.7e-05, ""lingerie"": 2.3e-05, ""looking_at_viewer"": 0.883688, ""mask"": 0.00014, ""midriff"": 0.000204, ""multiple_girls"": 0.000602, ""navel"": 0.003486, ""no_humans"": 2e-06, ""onsen"": 0.0, ""panties"": 0.000987, ""penguin"": 5e-06, ""school_swimsuit"": 5e-06, ""solo"": 0.985203, ""swimsuit"": 0.00024, ""thighhighs"": 0.924985, ""underwear"": 0.156739}",visual_review
bangdream_015_2018_dog,classified,soft_review,"[""qualification_review"", ""variant_keyword:dog""]",rendered,src/data/deskpet/bangdream-rendered-resource-audit/rendered/bangdream_015_2018_dog.png,completed,"{""1girl"": 0.90487, ""2girls"": 0.000912, ""animal"": 0.000116, ""animal_focus"": 0.000249, ""bare_shoulders"": 0.000112, ""bikini"": 1.5e-05, ""bird"": 3.1e-05, ""cleavage"": 7.3e-05, ""corset"": 2e-06, ""crop_top"": 1.9e-05, ""dog"": 0.000144, ""faceless"": 5e-06, ""food_focus"": 1e-05, ""garter_straps"": 8e-06, ""helmet"": 2.5e-05, ""lingerie"": 1e-06, ""looking_at_viewer"": 0.807605, ""mask"": 0.000192, ""midriff"": 1.5e-05, ""multiple_girls"": 0.001296, ""navel"": 9.7e-05, ""no_humans"": 0.011014, ""onsen"": 0.0, ""panties"": 5.7e-05, ""penguin"": 2e-06, ""school_swimsuit"": 1e-06, ""solo"": 0.982713, ""swimsuit"": 3.1e-05, ""thighhighs"": 0.00079, ""underwear"": 6.3e-05}",visual_review
bangdream_015_4th_general_election_r,classified,soft_review,"[""low_1girl_score"", ""qualification_review""]",rendered,src/data/deskpet/bangdream-rendered-resource-audit/rendered/bangdream_015_4th_general_election_r.png,completed,"{""1girl"": 0.260761, ""2girls"": 0.001025, ""animal"": 0.000758, ""animal_focus"": 0.001012, ""bare_shoulders"": 0.000836, ""bikini"": 2.6e-05, ""bird"": 4.6e-05, ""cleavage"": 0.000107, ""corset"": 0.00233, ""crop_top"": 3.5e-05, ""dog"": 0.000109, ""faceless"": 6e-06, ""food_focus"": 1e-06, ""garter_straps"": 4.4e-05, ""helmet"": 0.000157, ""lingerie"": 2e-06, ""looking_at_viewer"": 0.591573, ""mask"": 0.00579, ""midriff"": 7.6e-05, ""multiple_girls"": 0.003878, ""navel"": 0.000203, ""no_humans"": 0.126118, ""onsen"": 0.0, ""panties"": 0.000125, ""penguin"": 1e-06, ""school_swimsuit"": 8e-06, ""solo"": 0.675701, ""swimsuit"": 8.4e-05, ""thighhighs"": 0.00204, ""underwear"": 0.000182}",visual_review
bangdream_015_cafe,classified,soft_review,"[""low_1girl_score"", ""qualification_review""]",rendered,src/data/deskpet/bangdream-rendered-resource-audit/rendered/bangdream_015_cafe.png,completed,"{""1girl"": 0.545597, ""2girls"": 0.000786, ""animal"": 0.000176, ""animal_focus"": 6.6e-05, ""bare_shoulders"": 0.000327, ""bikini"": 1.8e-05, ""bird"": 7e-06, ""cleavage"": 0.000101, ""corset"": 7e-06, ""crop_top"": 1.4e-05, ""dog"": 1.1e-05, ""faceless"": 1.1e-05, ""food_focus"": 0.0, ""garter_straps"": 1.1e-05, ""helmet"": 3.8e-05, ""lingerie"": 2e-06, ""looking_at_viewer"": 0.822441, ""mask"": 0.001106, ""midriff"": 4.4e-05, ""multiple_girls"": 0.001485, ""navel"": 0.000122, ""no_humans"": 0.003132, ""onsen"": 0.0, ""panties"": 9.2e-05, ""penguin"": 5e-06, ""school_swimsuit"": 3e-06, ""solo"": 0.953393, ""swimsuit"": 4.3e-05, ""thighhighs"": 0.00034, ""underwear"": 0.000127}",visual_review
bangdream_015_delta,classified,soft_review,"[""low_1girl_score"", ""low_solo_score"", ""qualification_review""]",rendered,src/data/deskpet/bangdream-rendered-resource-audit/rendered/bangdream_015_delta.png,completed,"{""1girl"": 0.340382, ""2girls"": 0.000792, ""animal"": 0.000815, ""animal_focus"": 0.001293, ""bare_shoulders"": 0.000618, ""bikini"": 2.1e-05, ""bird"": 2.4e-05, ""cleavage"": 0.000113, ""corset"": 2.5e-05, ""crop_top"": 0.000106, ""dog"": 0.000158, ""faceless"": 2e-06, ""food_focus"": 1e-06, ""garter_straps"": 0.000139, ""helmet"": 1.8e-05, ""lingerie"": 1e-06, ""looking_at_viewer"": 0.556002, ""mask"": 0.067984, ""midriff"": 0.000876, ""multiple_girls"": 0.003704, ""navel"": 0.0003, ""no_humans"": 0.401248, ""onsen"": 0.0, ""panties"": 9.1e-05, ""penguin"": 5e-06, ""school_swimsuit"": 9e-06, ""solo"": 0.629712, ""swimsuit"": 0.000107, ""thighhighs"": 0.208803, ""underwear"": 0.000107}",visual_review
bangdream_015_dream_festival_4_ur,classified,soft_review,"[""low_1girl_score"", ""qualification_review""]",rendered,src/data/deskpet/bangdream-rendered-resource-audit/rendered/bangdream_015_dream_festival_4_ur.png,completed,"{""1girl"": 0.154501, ""2girls"": 0.000911, ""animal"": 0.001367, ""animal_focus"": 0.000366, ""bare_shoulders"": 0.000799, ""bikini"": 3.3e-05, ""bird"": 0.00017, ""cleavage"": 0.000133, ""corset"": 2.9e-05, ""crop_top"": 0.000178, ""dog"": 0.000127, ""faceless"": 2e-06, ""food_focus"": 1e-06, ""garter_straps"": 9.3e-05, ""helmet"": 0.000634, ""lingerie"": 6e-06, ""looking_at_viewer"": 0.866395, ""mask"": 7.5e-05, ""midriff"": 0.000332, ""multiple_girls"": 0.002267, ""navel"": 0.000422, ""no_humans"": 0.001215, ""onsen"": 0.0, ""panties"": 0.000275, ""penguin"": 1.3e-05, ""school_swimsuit"": 1e-06, ""solo"": 0.957231, ""swimsuit"": 7.8e-05, ""thighhighs"": 0.002598, ""underwear"": 0.001002}",visual_review
bangdream_015_event_175_story_01,classified,soft_review,"[""mask"", ""qualification_review""]",rendered,src/data/deskpet/bangdream-rendered-resource-audit/rendered/bangdream_015_event_175_story_01.png,completed,"{""1girl"": 0.997952, ""2girls"": 9.6e-05, ""animal"": 4e-05, ""animal_focus"": 0.0, ""bare_shoulders"": 0.000524, ""bikini"": 5.3e-05, ""bird"": 9.9e-05, ""cleavage"": 0.000237, ""corset"": 2.7e-05, ""crop_top"": 3.8e-05, ""dog"": 5e-06, ""faceless"": 0.0, ""food_focus"": 0.0, ""garter_straps"": 3.2e-05, ""helmet"": 3e-05, ""lingerie"": 5e-06, ""looking_at_viewer"": 0.307657, ""mask"": 0.964825, ""midriff"": 7.6e-05, ""multiple_girls"": 0.00021, ""navel"": 0.000278, ""no_humans"": 6e-06, ""onsen"": 0.0, ""panties"": 0.000109, ""penguin"": 7e-06, ""school_swimsuit"": 2.2e-05, ""solo"": 0.984465, ""swimsuit"": 0.000177, ""thighhighs"": 0.001693, ""underwear"": 0.000298}",visual_review
bangdream_015_event_244_story_01,classified,soft_review,"[""low_1girl_score"", ""qualification_review""]",rendered,src/data/deskpet/bangdream-rendered-resource-audit/rendered/bangdream_015_event_244_story_01.png,completed,"{""1girl"": 0.64793, ""2girls"": 0.00096, ""animal"": 0.006062, ""animal_focus"": 0.000585, ""bare_shoulders"": 0.000149, ""bikini"": 2e-05, ""bird"": 0.000994, ""cleavage"": 0.000198, ""corset"": 0.000298, ""crop_top"": 7e-05, ""dog"": 0.000312, ""faceless"": 1.5e-05, ""food_focus"": 1e-06, ""garter_straps"": 0.000552, ""helmet"": 0.000137, ""lingerie"": 1e-06, ""looking_at_viewer"": 0.878724, ""mask"": 0.00292, ""midriff"": 0.000128, ""multiple_girls"": 0.001798, ""navel"": 0.000417, ""no_humans"": 0.024239, ""onsen"": 0.0, ""panties"": 8.8e-05, ""penguin"": 7e-06, ""school_swimsuit"": 2e-06, ""solo"": 0.914114, ""swimsuit"": 5.3e-05, ""thighhighs"": 0.227924, ""underwear"": 0.000327}",visual_review
bangdream_015_event_315_story_01,classified,soft_review,"[""low_1girl_score"", ""qualification_review""]",rendered,src/data/deskpet/bangdream-rendered-resource-audit/rendered/bangdream_015_event_315_story_01.png,completed,"{""1girl"": 0.677835, ""2girls"": 0.016387, ""animal"": 0.002128, ""animal_focus"": 0.000324, ""bare_shoulders"": 0.000679, ""bikini"": 8.3e-05, ""bird"": 0.051461, ""cleavage"": 0.000443, ""corset"": 0.000108, ""crop_top"": 7.4e-05, ""dog"": 0.000244, ""faceless"": 9e-06, ""food_focus"": 6e-05, ""garter_straps"": 6.2e-05, ""helmet"": 0.000104, ""lingerie"": 1.8e-05, ""looking_at_viewer"": 0.603481, ""mask"": 0.000238, ""midriff"": 0.000212, ""multiple_girls"": 0.01863, ""navel"": 0.000444, ""no_humans"": 0.000873, ""onsen"": 1e-06, ""panties"": 0.000883, ""penguin"": 0.259048, ""school_swimsuit"": 6e-06, ""solo"": 0.808219, ""swimsuit"": 0.000165, ""thighhighs"": 0.006688, ""underwear"": 0.014453}",visual_review
bangdream_015_event_49_story_01,classified,soft_review,"[""low_1girl_score"", ""qualification_review""]",rendered,src/data/deskpet/bangdream-rendered-resource-audit/rendered/bangdream_015_event_49_story_01.png,completed,"{""1girl"": 0.046841, ""2girls"": 0.000984, ""animal"": 0.002648, ""animal_focus"": 0.000448, ""bare_shoulders"": 0.000485, ""bikini"": 7.8e-05, ""bird"": 7.3e-05, ""cleavage"": 0.000252, ""corset"": 3e-06, ""crop_top"": 0.000118, ""dog"": 3.1e-05, ""faceless"": 1.8e-05, ""food_focus"": 9e-06, ""garter_straps"": 1.7e-05, ""helmet"": 0.000834, ""lingerie"": 7e-06, ""looking_at_viewer"": 0.645657, ""mask"": 0.353345, ""midriff"": 0.00123, ""multiple_girls"": 0.003501, ""navel"": 0.028677, ""no_humans"": 0.377403, ""onsen"": 1e-06, ""panties"": 0.000184, ""penguin"": 0.000126, ""school_swimsuit"": 1.3e-05, ""solo"": 0.695827, ""swimsuit"": 0.000269, ""thighhighs"": 0.000675, ""underwear"": 0.000417}",visual_review
bangdream_015_live_event_01_r,classified,soft_review,"[""mask"", ""qualification_review""]",rendered,src/data/deskpet/bangdream-rendered-resource-audit/rendered/bangdream_015_live_event_01_r.png,completed,"{""1girl"": 0.854604, ""2girls"": 0.000993, ""animal"": 0.000554, ""animal_focus"": 2.4e-05, ""bare_shoulders"": 0.000286, ""bikini"": 3.8e-05, ""bird"": 7.6e-05, ""cleavage"": 0.000173, ""corset"": 7.1e-05, ""crop_top"": 7e-06, ""dog"": 0.000396, ""faceless"": 6e-06, ""food_focus"": 1e-06, ""garter_straps"": 4.5e-05, ""helmet"": 6e-05, ""lingerie"": 5e-06, ""looking_at_viewer"": 0.887401, ""mask"": 0.989562, ""midriff"": 2.7e-05, ""multiple_girls"": 0.001064, ""navel"": 0.00029, ""no_humans"": 0.002977, ""onsen"": 0.0, ""panties"": 0.000129, ""penguin"": 1e-06, ""school_swimsuit"": 3e-06, ""solo"": 0.920928, ""swimsuit"": 7.6e-05, ""thighhighs"": 0.001481, ""underwear"": 0.000171}",visual_review
bangdream_015_live_event_03_sr,classified,soft_review,"[""low_1girl_score"", ""qualification_review""]",rendered,src/data/deskpet/bangdream-rendered-resource-audit/rendered/bangdream_015_live_event_03_sr.png,completed,"{""1girl"": 0.536622, ""2girls"": 0.001196, ""animal"": 0.000694, ""animal_focus"": 0.000161, ""bare_shoulders"": 0.000168, ""bikini"": 4.7e-05, ""bird"": 2.5e-05, ""cleavage"": 0.000111, ""corset"": 6.4e-05, ""crop_top"": 1.5e-05, ""dog"": 3e-06, ""faceless"": 1e-06, ""food_focus"": 0.0, ""garter_straps"": 1.7e-05, ""helmet"": 1.4e-05, ""lingerie"": 3e-06, ""looking_at_viewer"": 0.928986, ""mask"": 0.000108, ""midriff"": 5.4e-05, ""multiple_girls"": 0.001351, ""navel"": 0.000127, ""no_humans"": 0.018829, ""onsen"": 0.0, ""panties"": 7e-05, ""penguin"": 4e-06, ""school_swimsuit"": 1e-06, ""solo"": 0.930215, ""swimsuit"": 7.7e-05, ""thighhighs"": 0.000311, ""underwear"": 0.000134}",visual_review
bangdream_015_live_event_103_sr,classified,soft_review,"[""low_1girl_score"", ""qualification_review""]",rendered,src/data/deskpet/bangdream-rendered-resource-audit/rendered/bangdream_015_live_event_103_sr.png,completed,"{""1girl"": 0.680239, ""2girls"": 0.002197, ""animal"": 0.000622, ""animal_focus"": 0.000108, ""bare_shoulders"": 0.031807, ""bikini"": 5.4e-05, ""bird"": 4.4e-05, ""cleavage"": 0.000189, ""corset"": 1.2e-05, ""crop_top"": 5.4e-05, ""dog"": 2.3e-05, ""faceless"": 0.0, ""food_focus"": 0.0, ""garter_straps"": 8e-06, ""helmet"": 0.000154, ""lingerie"": 8e-06, ""looking_at_viewer"": 0.965277, ""mask"": 0.000288, ""midriff"": 0.000188, ""multiple_girls"": 0.00353, ""navel"": 0.0003, ""no_humans"": 0.000737, ""onsen"": 0.0, ""panties"": 9.3e-05, ""penguin"": 6e-06, ""school_swimsuit"": 4e-06, ""solo"": 0.936115, ""swimsuit"": 0.000188, ""thighhighs"": 0.001833, ""underwear"": 0.000187}",visual_review
bangdream_015_live_event_153_ssr,classified,soft_review,"[""low_1girl_score"", ""qualification_review""]",rendered,src/data/deskpet/bangdream-rendered-resource-audit/rendered/bangdream_015_live_event_153_ssr.png,completed,"{""1girl"": 0.082263, ""2girls"": 0.000815, ""animal"": 0.001644, ""animal_focus"": 0.000295, ""bare_shoulders"": 0.000905, ""bikini"": 9e-05, ""bird"": 0.000254, ""cleavage"": 0.000124, ""corset"": 1.3e-05, ""crop_top"": 4.9e-05, ""dog"": 0.007851, ""faceless"": 3.7e-05, ""food_focus"": 0.001388, ""garter_straps"": 1.6e-05, ""helmet"": 0.000255, ""lingerie"": 2e-06, ""looking_at_viewer"": 0.742964, ""mask"": 0.000221, ""midriff"": 8.6e-05, ""multiple_girls"": 0.002049, ""navel"": 9.7e-05, ""no_humans"": 0.075932, ""onsen"": 1e-06, ""panties"": 6.1e-05, ""penguin"": 8e-06, ""school_swimsuit"": 1e-06, ""solo"": 0.858581, ""swimsuit"": 0.00018, ""thighhighs"": 0.00041, ""underwear"": 0.000179}",visual_review
bangdream_015_live_event_164_sr,classified,soft_review,"[""low_1girl_score"", ""qualification_review""]",rendered,src/data/deskpet/bangdream-rendered-resource-audit/rendered/bangdream_015_live_event_164_sr.png,completed,"{""1girl"": 0.348365, ""2girls"": 0.000578, ""animal"": 0.000206, ""animal_focus"": 2e-05, ""bare_shoulders"": 0.000196, ""bikini"": 1.8e-05, ""bird"": 0.000182, ""cleavage"": 0.000188, ""corset"": 0.000945, ""crop_top"": 0.000136, ""dog"": 3e-06, ""faceless"": 5e-06, ""food_focus"": 0.0, ""garter_straps"": 2e-05, ""helmet"": 3.5e-05, ""lingerie"": 0.0, ""looking_at_viewer"": 0.743152, ""mask"": 0.001731, ""midriff"": 0.000282, ""multiple_girls"": 0.001016, ""navel"": 0.000556, ""no_humans"": 0.000418, ""onsen"": 0.0, ""panties"": 0.000297, ""penguin"": 1.8e-05, ""school_swimsuit"": 3e-06, ""solo"": 0.951837, ""swimsuit"": 5.3e-05, ""thighhighs"": 0.000436, ""underwear"": 0.000283}",visual_review
bangdream_015_live_event_175_ssr,classified,soft_review,"[""low_1girl_score"", ""mask"", ""qualification_review""]",rendered,src/data/deskpet/bangdream-rendered-resource-audit/rendered/bangdream_015_live_event_175_ssr.png,completed,"{""1girl"": 0.342141, ""2girls"": 0.001713, ""animal"": 0.000668, ""animal_focus"": 0.000135, ""bare_shoulders"": 0.000447, ""bikini"": 6.3e-05, ""bird"": 1.8e-05, ""cleavage"": 0.000357, ""corset"": 0.001382, ""crop_top"": 1.1e-05, ""dog"": 7e-06, ""faceless"": 4e-06, ""food_focus"": 0.0, ""garter_straps"": 0.000108, ""helmet"": 0.000228, ""lingerie"": 9e-06, ""looking_at_viewer"": 0.732615, ""mask"": 0.915118, ""midriff"": 7e-05, ""multiple_girls"": 0.003025, ""navel"": 0.000251, ""no_humans"": 0.00125, ""onsen"": 1e-06, ""panties"": 0.000459, ""penguin"": 2e-06, ""school_swimsuit"": 3e-06, ""solo"": 0.889012, ""swimsuit"": 0.000117, ""thighhighs"": 0.001113, ""underwear"": 0.000705}",visual_review
bangdream_015_live_event_186_ssr,classified,soft_review,"[""low_solo_score"", ""qualification_review""]",rendered,src/data/deskpet/bangdream-rendered-resource-audit/rendered/bangdream_015_live_event_186_ssr.png,completed,"{""1girl"": 0.870215, ""2girls"": 0.008001, ""animal"": 0.002844, ""animal_focus"": 7.8e-05, ""bare_shoulders"": 0.000591, ""bikini"": 4.7e-05, ""bird"": 0.000108, ""cleavage"": 0.000631, ""corset"": 0.004042, ""crop_top"": 9.1e-05, ""dog"": 0.000328, ""faceless"": 8e-06, ""food_focus"": 3e-06, ""garter_straps"": 0.000118, ""helmet"": 0.000104, ""lingerie"": 1.4e-05, ""looking_at_viewer"": 0.77611, ""mask"": 0.002316, ""midriff"": 0.000115, ""multiple_girls"": 0.00843, ""navel"": 0.000805, ""no_humans"": 0.000682, ""onsen"": 1e-06, ""panties"": 0.000399, ""penguin"": 3.8e-05, ""school_swimsuit"": 2e-06, ""solo"": 0.543096, ""swimsuit"": 9.9e-05, ""thighhighs"": 0.035194, ""underwear"": 0.000784}",visual_review
bangdream_015_live_event_18_ssr,classified,soft_review,"[""low_1girl_score"", ""qualification_review""]",rendered,src/data/deskpet/bangdream-rendered-resource-audit/rendered/bangdream_015_live_event_18_ssr.png,completed,"{""1girl"": 0.01976, ""2girls"": 0.000723, ""animal"": 0.002805, ""animal_focus"": 0.00104, ""bare_shoulders"": 0.000901, ""bikini"": 3.9e-05, ""bird"": 9e-05, ""cleavage"": 0.000187, ""corset"": 4e-06, ""crop_top"": 0.000204, ""dog"": 0.000109, ""faceless"": 1.7e-05, ""food_focus"": 1e-06, ""garter_straps"": 4.5e-05, ""helmet"": 0.001733, ""lingerie"": 3e-06, ""looking_at_viewer"": 0.643929, ""mask"": 6.9e-05, ""midriff"": 0.000437, ""multiple_girls"": 0.001494, ""navel"": 0.000704, ""no_humans"": 0.235702, ""onsen"": 0.0, ""panties"": 0.000191, ""penguin"": 5.7e-05, ""school_swimsuit"": 6e-06, ""solo"": 0.886383, ""swimsuit"": 0.000116, ""thighhighs"": 0.001846, ""underwear"": 0.00081}",visual_review
bangdream_015_live_event_225_ur,classified,soft_review,"[""low_1girl_score"", ""qualification_review""]",rendered,src/data/deskpet/bangdream-rendered-resource-audit/rendered/bangdream_015_live_event_225_ur.png,completed,"{""1girl"": 0.708491, ""2girls"": 0.001684, ""animal"": 0.000713, ""animal_focus"": 9.8e-05, ""bare_shoulders"": 0.000557, ""bikini"": 3.4e-05, ""bird"": 0.108853, ""cleavage"": 0.000199, ""corset"": 0.000235, ""crop_top"": 4e-05, ""dog"": 2.6e-05, ""faceless"": 9e-06, ""food_focus"": 1.8e-05, ""garter_straps"": 2.7e-05, ""helmet"": 0.000135, ""lingerie"": 3e-06, ""looking_at_viewer"": 0.891463, ""mask"": 0.005441, ""midriff"": 7.7e-05, ""multiple_girls"": 0.002932, ""navel"": 0.000287, ""no_humans"": 0.002155, ""onsen"": 0.0, ""panties"": 0.000153, ""penguin"": 0.000283, ""school_swimsuit"": 3e-06, ""solo"": 0.936782, ""swimsuit"": 8.6e-05, ""thighhighs"": 0.001446, ""underwear"": 0.000289}",visual_review
bangdream_015_live_event_22_r,classified,soft_review,"[""low_1girl_score"", ""qualification_review""]",rendered,src/data/deskpet/bangdream-rendered-resource-audit/rendered/bangdream_015_live_event_22_r.png,completed,"{""1girl"": 0.294135, ""2girls"": 0.000531, ""animal"": 0.020561, ""animal_focus"": 0.000485, ""bare_shoulders"": 0.000162, ""bikini"": 2.5e-05, ""bird"": 5.5e-05, ""cleavage"": 7.6e-05, ""corset"": 7e-06, ""crop_top"": 7.9e-05, ""dog"": 4.8e-05, ""faceless"": 1e-06, ""food_focus"": 0.0, ""garter_straps"": 4e-06, ""helmet"": 0.000116, ""lingerie"": 4e-06, ""looking_at_viewer"": 0.784107, ""mask"": 0.000934, ""midriff"": 0.000308, ""multiple_girls"": 0.0008, ""navel"": 0.000244, ""no_humans"": 0.037013, ""onsen"": 0.0, ""panties"": 8.4e-05, ""penguin"": 6e-06, ""school_swimsuit"": 2e-06, ""solo"": 0.882095, ""swimsuit"": 5.9e-05, ""thighhighs"": 0.001759, ""underwear"": 0.000191}",visual_review
bangdream_015_live_event_238_sr,classified,soft_review,"[""low_1girl_score"", ""qualification_review""]",rendered,src/data/deskpet/bangdream-rendered-resource-audit/rendered/bangdream_015_live_event_238_sr.png,completed,"{""1girl"": 0.697644, ""2girls"": 0.000469, ""animal"": 0.000108, ""animal_focus"": 2.7e-05, ""bare_shoulders"": 0.000313, ""bikini"": 2e-05, ""bird"": 2.1e-05, ""cleavage"": 0.000248, ""corset"": 9e-06, ""crop_top"": 9e-06, ""dog"": 5e-06, ""faceless"": 2e-06, ""food_focus"": 0.0, ""garter_straps"": 0.000378, ""helmet"": 2.8e-05, ""lingerie"": 1e-06, ""looking_at_viewer"": 0.839729, ""mask"": 0.001266, ""midriff"": 3.6e-05, ""multiple_girls"": 0.001068, ""navel"": 0.000161, ""no_humans"": 0.01554, ""onsen"": 0.0, ""panties"": 7.3e-05, ""penguin"": 4e-06, ""school_swimsuit"": 1e-06, ""solo"": 0.965573, ""swimsuit"": 4.1e-05, ""thighhighs"": 0.68999, ""underwear"": 0.000148}",visual_review
bangdream_015_live_event_255_ur,classified,soft_review,"[""garter_straps"", ""soft_review_tag""]",rendered,src/data/deskpet/bangdream-rendered-resource-audit/rendered/bangdream_015_live_event_255_ur.png,completed,"{""1girl"": 0.915239, ""2girls"": 0.000589, ""animal"": 0.00056, ""animal_focus"": 7e-06, ""bare_shoulders"": 0.01725, ""bikini"": 2.1e-05, ""bird"": 9e-05, ""cleavage"": 0.000225, ""corset"": 4.9e-05, ""crop_top"": 8.3e-05, ""dog"": 7e-06, ""faceless"": 5e-06, ""food_focus"": 0.0, ""garter_straps"": 0.850801, ""helmet"": 8e-06, ""lingerie"": 1.1e-05, ""looking_at_viewer"": 0.817895, ""mask"": 0.001952, ""midriff"": 0.000322, ""multiple_girls"": 0.001287, ""navel"": 0.000163, ""no_humans"": 0.00123, ""onsen"": 0.0, ""panties"": 0.000166, ""penguin"": 1e-06, ""school_swimsuit"": 1e-06, ""solo"": 0.962449, ""swimsuit"": 4.7e-05, ""thighhighs"": 0.068796, ""underwear"": 0.000358}",visual_review
bangdream_015_live_event_28_r,classified,soft_review,"[""low_1girl_score"", ""qualification_review""]",rendered,src/data/deskpet/bangdream-rendered-resource-audit/rendered/bangdream_015_live_event_28_r.png,completed,"{""1girl"": 0.577229, ""2girls"": 0.000734, ""animal"": 8.3e-05, ""animal_focus"": 8e-06, ""bare_shoulders"": 0.000185, ""bikini"": 1.7e-05, ""bird"": 8e-06, ""cleavage"": 6.4e-05, ""corset"": 7e-06, ""crop_top"": 2.1e-05, ""dog"": 2e-06, ""faceless"": 1e-06, ""food_focus"": 1e-06, ""garter_straps"": 1.5e-05, ""helmet"": 2.6e-05, ""lingerie"": 1e-06, ""looking_at_viewer"": 0.841699, ""mask"": 0.002726, ""midriff"": 4.5e-05, ""multiple_girls"": 0.001172, ""navel"": 0.000153, ""no_humans"": 0.000689, ""onsen"": 0.0, ""panties"": 7.5e-05, ""penguin"": 4e-06, ""school_swimsuit"": 1e-06, ""solo"": 0.963112, ""swimsuit"": 3.6e-05, ""thighhighs"": 0.000448, ""underwear"": 0.000152}",visual_review
bangdream_015_live_event_315_r,classified,soft_review,"[""mask"", ""qualification_review""]",rendered,src/data/deskpet/bangdream-rendered-resource-audit/rendered/bangdream_015_live_event_315_r.png,completed,"{""1girl"": 0.969995, ""2girls"": 0.003417, ""animal"": 0.000312, ""animal_focus"": 1e-05, ""bare_shoulders"": 0.000498, ""bikini"": 2.6e-05, ""bird"": 2.3e-05, ""cleavage"": 0.000165, ""corset"": 5e-06, ""crop_top"": 1.1e-05, ""dog"": 1e-06, ""faceless"": 4e-06, ""food_focus"": 0.0, ""garter_straps"": 6e-06, ""helmet"": 1.9e-05, ""lingerie"": 7.7e-05, ""looking_at_viewer"": 0.798799, ""mask"": 0.80661, ""midriff"": 2.3e-05, ""multiple_girls"": 0.0037, ""navel"": 0.00032, ""no_humans"": 6.6e-05, ""onsen"": 1e-06, ""panties"": 0.000125, ""penguin"": 1e-06, ""school_swimsuit"": 5e-06, ""solo"": 0.923929, ""swimsuit"": 6.9e-05, ""thighhighs"": 0.000487, ""underwear"": 0.000212}",visual_review
bangdream_015_live_event_316_sr,classified,soft_review,"[""low_1girl_score"", ""qualification_review""]",rendered,src/data/deskpet/bangdream-rendered-resource-audit/rendered/bangdream_015_live_event_316_sr.png,completed,"{""1girl"": 0.111345, ""2girls"": 0.001613, ""animal"": 0.001549, ""animal_focus"": 0.001633, ""bare_shoulders"": 0.000319, ""bikini"": 6.5e-05, ""bird"": 8.8e-05, ""cleavage"": 7e-05, ""corset"": 0.000111, ""crop_top"": 2.5e-05, ""dog"": 2e-05, ""faceless"": 1e-06, ""food_focus"": 1e-06, ""garter_straps"": 0.000636, ""helmet"": 4.5e-05, ""lingerie"": 2.3e-05, ""looking_at_viewer"": 0.523152, ""mask"": 0.002188, ""midriff"": 3.8e-05, ""multiple_girls"": 0.004732, ""navel"": 0.000218, ""no_humans"": 0.012601, ""onsen"": 1e-06, ""panties"": 0.000234, ""penguin"": 1.3e-05, ""school_swimsuit"": 4e-06, ""solo"": 0.801366, ""swimsuit"": 0.00013, ""thighhighs"": 0.018015, ""underwear"": 0.000289}",visual_review
bangdream_015_live_event_40_ssr,classified,soft_review,"[""low_1girl_score"", ""qualification_review""]",rendered,src/data/deskpet/bangdream-rendered-resource-audit/rendered/bangdream_015_live_event_40_ssr.png,completed,"{""1girl"": 0.225965, ""2girls"": 0.000589, ""animal"": 0.001259, ""animal_focus"": 0.00095, ""bare_shoulders"": 0.000441, ""bikini"": 2.2e-05, ""bird"": 9e-05, ""cleavage"": 0.000112, ""corset"": 0.031985, ""crop_top"": 6e-06, ""dog"": 7e-06, ""faceless"": 1.3e-05, ""food_focus"": 1e-06, ""garter_straps"": 4e-06, ""helmet"": 3e-05, ""lingerie"": 2e-06, ""looking_at_viewer"": 0.553973, ""mask"": 0.000424, ""midriff"": 2.6e-05, ""multiple_girls"": 0.001225, ""navel"": 0.00013, ""no_humans"": 0.078064, ""onsen"": 0.0, ""panties"": 7.5e-05, ""penguin"": 2e-06, ""school_swimsuit"": 1e-06, ""solo"": 0.942001, ""swimsuit"": 4.7e-05, ""thighhighs"": 0.001669, ""underwear"": 0.000119}",visual_review
bangdream_015_live_event_48_ssr,classified,soft_review,"[""low_1girl_score"", ""qualification_review""]",rendered,src/data/deskpet/bangdream-rendered-resource-audit/rendered/bangdream_015_live_event_48_ssr.png,completed,"{""1girl"": 0.571327, ""2girls"": 0.002186, ""animal"": 0.001414, ""animal_focus"": 5.4e-05, ""bare_shoulders"": 0.000415, ""bikini"": 0.00015, ""bird"": 0.000401, ""cleavage"": 0.000313, ""corset"": 0.008433, ""crop_top"": 0.000192, ""dog"": 0.000166, ""faceless"": 1.5e-05, ""food_focus"": 0.0, ""garter_straps"": 0.000387, ""helmet"": 8.3e-05, ""lingerie"": 5.4e-05, ""looking_at_viewer"": 0.522435, ""mask"": 0.000339, ""midriff"": 0.000632, ""multiple_girls"": 0.004013, ""navel"": 0.000509, ""no_humans"": 0.012294, ""onsen"": 2e-06, ""panties"": 0.000201, ""penguin"": 8e-06, ""school_swimsuit"": 8e-06, ""solo"": 0.652286, ""swimsuit"": 0.000203, ""thighhighs"": 0.003474, ""underwear"": 0.00047}",visual_review
bangdream_015_live_event_79_sr,classified,soft_review,"[""low_1girl_score"", ""qualification_review""]",rendered,src/data/deskpet/bangdream-rendered-resource-audit/rendered/bangdream_015_live_event_79_sr.png,completed,"{""1girl"": 0.654191, ""2girls"": 0.000394, ""animal"": 0.000573, ""animal_focus"": 7.8e-05, ""bare_shoulders"": 0.000145, ""bikini"": 1.6e-05, ""bird"": 1e-05, ""cleavage"": 0.000124, ""corset"": 2.7e-05, ""crop_top"": 1.4e-05, ""dog"": 1e-05, ""faceless"": 4.1e-05, ""food_focus"": 0.0, ""garter_straps"": 1.9e-05, ""helmet"": 6.3e-05, ""lingerie"": 2e-06, ""looking_at_viewer"": 0.718259, ""mask"": 0.009465, ""midriff"": 8.7e-05, ""multiple_girls"": 0.001029, ""navel"": 0.000238, ""no_humans"": 0.00331, ""onsen"": 0.0, ""panties"": 0.000102, ""penguin"": 1e-06, ""school_swimsuit"": 1e-06, ""solo"": 0.949048, ""swimsuit"": 2.5e-05, ""thighhighs"": 0.000307, ""underwear"": 0.000159}",visual_review
bangdream_015_live_event_82_ssr,classified,soft_review,"[""low_1girl_score"", ""qualification_review""]",rendered,src/data/deskpet/bangdream-rendered-resource-audit/rendered/bangdream_015_live_event_82_ssr.png,completed,"{""1girl"": 0.216124, ""2girls"": 0.002313, ""animal"": 0.001255, ""animal_focus"": 0.000429, ""bare_shoulders"": 0.000714, ""bikini"": 5.9e-05, ""bird"": 0.000142, ""cleavage"": 0.00039, ""corset"": 0.001549, ""crop_top"": 4.7e-05, ""dog"": 0.000873, ""faceless"": 1.6e-05, ""food_focus"": 0.0, ""garter_straps"": 7.6e-05, ""helmet"": 5.6e-05, ""lingerie"": 1.6e-05, ""looking_at_viewer"": 0.628994, ""mask"": 0.000572, ""midriff"": 0.000141, ""multiple_girls"": 0.005003, ""navel"": 0.000481, ""no_humans"": 0.008307, ""onsen"": 2e-06, ""panties"": 0.000603, ""penguin"": 5e-06, ""school_swimsuit"": 3.1e-05, ""solo"": 0.716466, ""swimsuit"": 0.000107, ""thighhighs"": 0.003196, ""underwear"": 0.017137}",visual_review
bangdream_015_live_r_2018,classified,soft_review,"[""low_1girl_score"", ""qualification_review""]",rendered,src/data/deskpet/bangdream-rendered-resource-audit/rendered/bangdream_015_live_r_2018.png,completed,"{""1girl"": 0.720989, ""2girls"": 0.00365, ""animal"": 6.7e-05, ""animal_focus"": 1.2e-05, ""bare_shoulders"": 0.000211, ""bikini"": 2.4e-05, ""bird"": 7e-06, ""cleavage"": 0.000197, ""corset"": 1.2e-05, ""crop_top"": 1.5e-05, ""dog"": 6e-06, ""faceless"": 1e-06, ""food_focus"": 0.0, ""garter_straps"": 1.6e-05, ""helmet"": 9e-06, ""lingerie"": 6e-06, ""looking_at_viewer"": 0.77285, ""mask"": 0.000513, ""midriff"": 1.8e-05, ""multiple_girls"": 0.004276, ""navel"": 0.000142, ""no_humans"": 0.001727, ""onsen"": 0.0, ""panties"": 0.000107, ""penguin"": 0.0, ""school_swimsuit"": 4e-06, ""solo"": 0.938222, ""swimsuit"": 5.3e-05, ""thighhighs"": 0.000628, ""underwear"": 0.000127}",visual_review
bangdream_015_live_r_2020,classified,soft_review,"[""low_1girl_score"", ""qualification_review""]",rendered,src/data/deskpet/bangdream-rendered-resource-audit/rendered/bangdream_015_live_r_2020.png,completed,"{""1girl"": 0.281171, ""2girls"": 0.000711, ""animal"": 0.000113, ""animal_focus"": 9e-06, ""bare_shoulders"": 0.001082, ""bikini"": 2.3e-05, ""bird"": 5e-06, ""cleavage"": 0.000192, ""corset"": 4e-06, ""crop_top"": 0.00012, ""dog"": 2e-06, ""faceless"": 3e-06, ""food_focus"": 0.0, ""garter_straps"": 1.7e-05, ""helmet"": 0.000294, ""lingerie"": 2e-06, ""looking_at_viewer"": 0.946992, ""mask"": 0.000466, ""midriff"": 0.000135, ""multiple_girls"": 0.001346, ""navel"": 0.000241, ""no_humans"": 0.000293, ""onsen"": 0.0, ""panties"": 0.000159, ""penguin"": 1.1e-05, ""school_swimsuit"": 1e-06, ""solo"": 0.979595, ""swimsuit"": 2.8e-05, ""thighhighs"": 0.000432, ""underwear"": 0.000359}",visual_review
bangdream_015_michelle_ranger,classified,soft_review,"[""low_1girl_score"", ""qualification_review""]",rendered,src/data/deskpet/bangdream-rendered-resource-audit/rendered/bangdream_015_michelle_ranger.png,completed,"{""1girl"": 0.153321, ""2girls"": 0.000552, ""animal"": 3.1e-05, ""animal_focus"": 0.000136, ""bare_shoulders"": 0.000138, ""bikini"": 1.1e-05, ""bird"": 2.6e-05, ""cleavage"": 0.00012, ""corset"": 2e-06, ""crop_top"": 7e-06, ""dog"": 0.0, ""faceless"": 0.000112, ""food_focus"": 1.3e-05, ""garter_straps"": 2e-06, ""helmet"": 0.20546, ""lingerie"": 2e-06, ""looking_at_viewer"": 0.149517, ""mask"": 0.080804, ""midriff"": 2.8e-05, ""multiple_girls"": 0.001269, ""navel"": 0.000561, ""no_humans"": 0.055471, ""onsen"": 0.0, ""panties"": 5.2e-05, ""penguin"": 1e-06, ""school_swimsuit"": 2e-06, ""solo"": 0.887576, ""swimsuit"": 3.7e-05, ""thighhighs"": 0.000318, ""underwear"": 0.000112}",visual_review
bangdream_015_ranger,classified,soft_review,"[""mask"", ""qualification_review""]",rendered,src/data/deskpet/bangdream-rendered-resource-audit/rendered/bangdream_015_ranger.png,completed,"{""1girl"": 0.995745, ""2girls"": 0.000216, ""animal"": 2.3e-05, ""animal_focus"": 3e-06, ""bare_shoulders"": 0.000428, ""bikini"": 8e-05, ""bird"": 4.2e-05, ""cleavage"": 0.001034, ""corset"": 2e-05, ""crop_top"": 0.002268, ""dog"": 2e-06, ""faceless"": 3.6e-05, ""food_focus"": 0.0, ""garter_straps"": 2.6e-05, ""helmet"": 0.233935, ""lingerie"": 9e-06, ""looking_at_viewer"": 0.082463, ""mask"": 0.777318, ""midriff"": 0.000603, ""multiple_girls"": 0.000377, ""navel"": 0.00101, ""no_humans"": 1e-05, ""onsen"": 7e-06, ""panties"": 0.000308, ""penguin"": 0.0, ""school_swimsuit"": 4e-05, ""solo"": 0.972576, ""swimsuit"": 0.000252, ""thighhighs"": 0.000961, ""underwear"": 0.000696}",visual_review
bangdream_015_story_03,classified,soft_review,"[""low_1girl_score"", ""qualification_review""]",rendered,src/data/deskpet/bangdream-rendered-resource-audit/rendered/bangdream_015_story_03.png,completed,"{""1girl"": 0.163991, ""2girls"": 0.000801, ""animal"": 0.004304, ""animal_focus"": 0.00184, ""bare_shoulders"": 0.000174, ""bikini"": 3.7e-05, ""bird"": 3.7e-05, ""cleavage"": 0.000111, ""corset"": 2e-06, ""crop_top"": 4e-06, ""dog"": 8.6e-05, ""faceless"": 3e-06, ""food_focus"": 1e-06, ""garter_straps"": 2e-06, ""helmet"": 1.4e-05, ""lingerie"": 8e-06, ""looking_at_viewer"": 0.806939, ""mask"": 0.000134, ""midriff"": 3.6e-05, ""multiple_girls"": 0.001546, ""navel"": 0.000542, ""no_humans"": 0.138151, ""onsen"": 0.0, ""panties"": 0.000119, ""penguin"": 1.8e-05, ""school_swimsuit"": 4e-06, ""solo"": 0.820565, ""swimsuit"": 0.000103, ""thighhighs"": 0.000267, ""underwear"": 0.000165}",visual_review
bangdream_016_2018_dog,classified,soft_review,"[""qualification_review"", ""variant_keyword:dog""]",rendered,src/data/deskpet/bangdream-rendered-resource-audit/rendered/bangdream_016_2018_dog.png,completed,"{""1girl"": 0.995838, ""2girls"": 0.000292, ""animal"": 0.000517, ""animal_focus"": 9e-06, ""bare_shoulders"": 0.002321, ""bikini"": 8.8e-05, ""bird"": 4.1e-05, ""cleavage"": 0.000638, ""corset"": 9.4e-05, ""crop_top"": 0.387094, ""dog"": 0.000187, ""faceless"": 7e-06, ""food_focus"": 0.0, ""garter_straps"": 2.6e-05, ""helmet"": 6.7e-05, ""lingerie"": 3e-06, ""looking_at_viewer"": 0.892054, ""mask"": 0.000122, ""midriff"": 0.4113, ""multiple_girls"": 0.000536, ""navel"": 0.427673, ""no_humans"": 1.6e-05, ""onsen"": 1e-06, ""panties"": 9.4e-05, ""penguin"": 1e-06, ""school_swimsuit"": 2e-06, ""solo"": 0.966477, ""swimsuit"": 9.3e-05, ""thighhighs"": 0.001407, ""underwear"": 0.000347}",visual_review
bangdream_016_delta,classified,soft_review,"[""cleavage"", ""soft_review_tag""]",rendered,src/data/deskpet/bangdream-rendered-resource-audit/rendered/bangdream_016_delta.png,completed,"{""1girl"": 0.996901, ""2girls"": 0.000322, ""animal"": 5e-05, ""animal_focus"": 4e-06, ""bare_shoulders"": 0.002464, ""bikini"": 0.000159, ""bird"": 4.5e-05, ""cleavage"": 0.782524, ""corset"": 0.000124, ""crop_top"": 0.00011, ""dog"": 1.8e-05, ""faceless"": 2e-06, ""food_focus"": 6e-06, ""garter_straps"": 8.4e-05, ""helmet"": 1.2e-05, ""lingerie"": 1.1e-05, ""looking_at_viewer"": 0.810012, ""mask"": 5.2e-05, ""midriff"": 0.000207, ""multiple_girls"": 0.000532, ""navel"": 0.000993, ""no_humans"": 7.2e-05, ""onsen"": 1e-06, ""panties"": 0.000334, ""penguin"": 1e-06, ""school_swimsuit"": 2e-06, ""solo"": 0.934862, ""swimsuit"": 0.000375, ""thighhighs"": 0.007963, ""underwear"": 0.000873}",visual_review
bangdream_016_live_event_104_r,classified,soft_review,"[""midriff"", ""navel"", ""soft_review_tag""]",rendered,src/data/deskpet/bangdream-rendered-resource-audit/rendered/bangdream_016_live_event_104_r.png,completed,"{""1girl"": 0.998503, ""2girls"": 0.000184, ""animal"": 9.9e-05, ""animal_focus"": 1e-06, ""bare_shoulders"": 0.006973, ""bikini"": 0.000219, ""bird"": 7.8e-05, ""cleavage"": 0.000668, ""corset"": 0.000815, ""crop_top"": 0.134726, ""dog"": 3e-06, ""faceless"": 7e-06, ""food_focus"": 1e-06, ""garter_straps"": 0.000139, ""helmet"": 1.3e-05, ""lingerie"": 7e-06, ""looking_at_viewer"": 0.922443, ""mask"": 3.4e-05, ""midriff"": 0.624901, ""multiple_girls"": 0.000238, ""navel"": 0.727198, ""no_humans"": 7e-06, ""onsen"": 0.0, ""panties"": 0.000381, ""penguin"": 1e-06, ""school_swimsuit"": 6e-06, ""solo"": 0.986551, ""swimsuit"": 0.000436, ""thighhighs"": 0.00277, ""underwear"": 0.000635}",visual_review
bangdream_016_live_event_146_sr,classified,soft_review,"[""garter_straps"", ""soft_review_tag""]",rendered,src/data/deskpet/bangdream-rendered-resource-audit/rendered/bangdream_016_live_event_146_sr.png,completed,"{""1girl"": 0.99796, ""2girls"": 0.000106, ""animal"": 3.4e-05, ""animal_focus"": 1e-06, ""bare_shoulders"": 0.143262, ""bikini"": 3.8e-05, ""bird"": 4.1e-05, ""cleavage"": 0.001807, ""corset"": 0.022301, ""crop_top"": 0.000157, ""dog"": 2e-06, ""faceless"": 2e-06, ""food_focus"": 0.0, ""garter_straps"": 0.960569, ""helmet"": 2.9e-05, ""lingerie"": 1.5e-05, ""looking_at_viewer"": 0.851238, ""mask"": 4.9e-05, ""midriff"": 0.000507, ""multiple_girls"": 0.000206, ""navel"": 0.001002, ""no_humans"": 1.7e-05, ""onsen"": 0.0, ""panties"": 0.000142, ""penguin"": 0.0, ""school_swimsuit"": 3e-06, ""solo"": 0.985897, ""swimsuit"": 0.000107, ""thighhighs"": 0.813563, ""underwear"": 0.00041}",visual_review
bangdream_016_live_event_19_r,classified,soft_review,"[""cleavage"", ""midriff"", ""navel"", ""soft_review_tag""]",rendered,src/data/deskpet/bangdream-rendered-resource-audit/rendered/bangdream_016_live_event_19_r.png,completed,"{""1girl"": 0.998546, ""2girls"": 0.000159, ""animal"": 0.000123, ""animal_focus"": 0.0, ""bare_shoulders"": 0.00328, ""bikini"": 0.002433, ""bird"": 5.5e-05, ""cleavage"": 0.907409, ""corset"": 3.8e-05, ""crop_top"": 0.087588, ""dog"": 1.4e-05, ""faceless"": 1e-06, ""food_focus"": 0.0, ""garter_straps"": 5.4e-05, ""helmet"": 0.000235, ""lingerie"": 1e-06, ""looking_at_viewer"": 0.872558, ""mask"": 3.9e-05, ""midriff"": 0.712623, ""multiple_girls"": 0.000145, ""navel"": 0.95387, ""no_humans"": 1.8e-05, ""onsen"": 0.0, ""panties"": 0.000107, ""penguin"": 4e-06, ""school_swimsuit"": 5e-06, ""solo"": 0.985142, ""swimsuit"": 0.002155, ""thighhighs"": 0.001199, ""underwear"": 0.000841}",visual_review
bangdream_016_live_event_22_sr,classified,soft_review,"[""crop_top"", ""midriff"", ""navel"", ""soft_review_tag""]",rendered,src/data/deskpet/bangdream-rendered-resource-audit/rendered/bangdream_016_live_event_22_sr.png,completed,"{""1girl"": 0.998728, ""2girls"": 0.000116, ""animal"": 3.5e-05, ""animal_focus"": 1e-06, ""bare_shoulders"": 0.053426, ""bikini"": 0.000245, ""bird"": 9e-06, ""cleavage"": 0.001467, ""corset"": 3e-06, ""crop_top"": 0.909029, ""dog"": 5e-06, ""faceless"": 1e-06, ""food_focus"": 0.0, ""garter_straps"": 1.6e-05, ""helmet"": 5e-06, ""lingerie"": 4e-06, ""looking_at_viewer"": 0.922107, ""mask"": 6e-06, ""midriff"": 0.976109, ""multiple_girls"": 0.000176, ""navel"": 0.976581, ""no_humans"": 3e-06, ""onsen"": 0.0, ""panties"": 0.000181, ""penguin"": 0.0, ""school_swimsuit"": 5e-06, ""solo"": 0.981114, ""swimsuit"": 0.000497, ""thighhighs"": 0.000991, ""underwear"": 0.000506}",visual_review
bangdream_016_live_event_267_ur,classified,soft_review,"[""garter_straps"", ""soft_review_tag""]",rendered,src/data/deskpet/bangdream-rendered-resource-audit/rendered/bangdream_016_live_event_267_ur.png,completed,"{""1girl"": 0.997697, ""2girls"": 0.000183, ""animal"": 5.2e-05, ""animal_focus"": 3e-06, ""bare_shoulders"": 0.002279, ""bikini"": 6.5e-05, ""bird"": 2.6e-05, ""cleavage"": 0.00034, ""corset"": 0.000156, ""crop_top"": 0.051786, ""dog"": 4e-06, ""faceless"": 1.7e-05, ""food_focus"": 0.0, ""garter_straps"": 0.752696, ""helmet"": 2e-05, ""lingerie"": 3.2e-05, ""looking_at_viewer"": 0.880999, ""mask"": 9.2e-05, ""midriff"": 0.179253, ""multiple_girls"": 0.000263, ""navel"": 0.010644, ""no_humans"": 1.2e-05, ""onsen"": 1e-06, ""panties"": 0.000108, ""penguin"": 1e-06, ""school_swimsuit"": 6e-06, ""solo"": 0.976131, ""swimsuit"": 0.000219, ""thighhighs"": 0.039916, ""underwear"": 0.000321}",visual_review
bangdream_016_live_event_300_ssr,classified,soft_review,"[""midriff"", ""soft_review_tag""]",rendered,src/data/deskpet/bangdream-rendered-resource-audit/rendered/bangdream_016_live_event_300_ssr.png,completed,"{""1girl"": 0.997034, ""2girls"": 0.000228, ""animal"": 1.9e-05, ""animal_focus"": 1e-06, ""bare_shoulders"": 0.00248, ""bikini"": 0.0001, ""bird"": 3.7e-05, ""cleavage"": 0.001625, ""corset"": 2.3e-05, ""crop_top"": 0.448302, ""dog"": 1e-06, ""faceless"": 2e-06, ""food_focus"": 0.0, ""garter_straps"": 0.001344, ""helmet"": 1.1e-05, ""lingerie"": 5e-06, ""looking_at_viewer"": 0.809822, ""mask"": 4.4e-05, ""midriff"": 0.599516, ""multiple_girls"": 0.000297, ""navel"": 0.019417, ""no_humans"": 9e-06, ""onsen"": 1e-06, ""panties"": 0.000293, ""penguin"": 0.0, ""school_swimsuit"": 1e-06, ""solo"": 0.97215, ""swimsuit"": 0.000115, ""thighhighs"": 0.937168, ""underwear"": 0.000669}",visual_review
bangdream_016_live_event_302_ur,classified,soft_review,"[""midriff"", ""navel"", ""soft_review_tag""]",rendered,src/data/deskpet/bangdream-rendered-resource-audit/rendered/bangdream_016_live_event_302_ur.png,completed,"{""1girl"": 0.99867, ""2girls"": 0.000133, ""animal"": 6.4e-05, ""animal_focus"": 1e-06, ""bare_shoulders"": 0.671709, ""bikini"": 0.018508, ""bird"": 2.2e-05, ""cleavage"": 0.00506, ""corset"": 0.000194, ""crop_top"": 0.190261, ""dog"": 2e-06, ""faceless"": 2e-06, ""food_focus"": 0.0, ""garter_straps"": 0.071899, ""helmet"": 4e-06, ""lingerie"": 0.000446, ""looking_at_viewer"": 0.898263, ""mask"": 1.6e-05, ""midriff"": 0.763067, ""multiple_girls"": 0.00014, ""navel"": 0.626085, ""no_humans"": 4e-06, ""onsen"": 0.0, ""panties"": 0.000158, ""penguin"": 0.0, ""school_swimsuit"": 7e-06, ""solo"": 0.986123, ""swimsuit"": 0.038262, ""thighhighs"": 0.002347, ""underwear"": 0.000616}",visual_review
bangdream_016_live_event_313_ur,classified,soft_review,"[""cleavage"", ""soft_review_tag""]",rendered,src/data/deskpet/bangdream-rendered-resource-audit/rendered/bangdream_016_live_event_313_ur.png,completed,"{""1girl"": 0.998291, ""2girls"": 0.000225, ""animal"": 1.8e-05, ""animal_focus"": 1e-06, ""bare_shoulders"": 0.002128, ""bikini"": 0.000155, ""bird"": 2.4e-05, ""cleavage"": 0.636338, ""corset"": 0.142386, ""crop_top"": 0.000144, ""dog"": 3e-06, ""faceless"": 7e-06, ""food_focus"": 0.0, ""garter_straps"": 0.420159, ""helmet"": 1.7e-05, ""lingerie"": 5.5e-05, ""looking_at_viewer"": 0.765733, ""mask"": 3.9e-05, ""midriff"": 0.000184, ""multiple_girls"": 0.000342, ""navel"": 0.001561, ""no_humans"": 8e-06, ""onsen"": 1e-06, ""panties"": 0.000205, ""penguin"": 0.0, ""school_swimsuit"": 5e-06, ""solo"": 0.970802, ""swimsuit"": 0.00034, ""thighhighs"": 0.010351, ""underwear"": 0.000605}",visual_review
bangdream_016_live_event_330_ssr,classified,soft_review,"[""midriff"", ""soft_review_tag""]",rendered,src/data/deskpet/bangdream-rendered-resource-audit/rendered/bangdream_016_live_event_330_ssr.png,completed,"{""1girl"": 0.999339, ""2girls"": 0.0001, ""animal"": 9.8e-05, ""animal_focus"": 1e-06, ""bare_shoulders"": 0.006826, ""bikini"": 6.5e-05, ""bird"": 9.7e-05, ""cleavage"": 0.00705, ""corset"": 0.001104, ""crop_top"": 0.2191, ""dog"": 2e-06, ""faceless"": 2e-06, ""food_focus"": 0.0, ""garter_straps"": 3.6e-05, ""helmet"": 6e-06, ""lingerie"": 1.2e-05, ""looking_at_viewer"": 0.956684, ""mask"": 5.2e-05, ""midriff"": 0.501705, ""multiple_girls"": 9.7e-05, ""navel"": 0.009546, ""no_humans"": 1e-05, ""onsen"": 0.0, ""panties"": 0.000164, ""penguin"": 1e-06, ""school_swimsuit"": 1e-06, ""solo"": 0.988719, ""swimsuit"": 0.000149, ""thighhighs"": 0.000772, ""underwear"": 0.000533}",visual_review
bangdream_016_live_event_46_ssr,classified,soft_review,"[""garter_straps"", ""midriff"", ""navel"", ""soft_review_tag""]",rendered,src/data/deskpet/bangdream-rendered-resource-audit/rendered/bangdream_016_live_event_46_ssr.png,completed,"{""1girl"": 0.998071, ""2girls"": 0.000128, ""animal"": 3.8e-05, ""animal_focus"": 1e-06, ""bare_shoulders"": 0.539602, ""bikini"": 0.000136, ""bird"": 1.4e-05, ""cleavage"": 0.002031, ""corset"": 0.004217, ""crop_top"": 0.210755, ""dog"": 1e-06, ""faceless"": 1.5e-05, ""food_focus"": 0.0, ""garter_straps"": 0.96731, ""helmet"": 1.4e-05, ""lingerie"": 1.6e-05, ""looking_at_viewer"": 0.921587, ""mask"": 8.4e-05, ""midriff"": 0.56845, ""multiple_girls"": 0.000223, ""navel"": 0.925632, ""no_humans"": 1.8e-05, ""onsen"": 0.0, ""panties"": 0.000218, ""penguin"": 0.0, ""school_swimsuit"": 2e-06, ""solo"": 0.986309, ""swimsuit"": 0.000178, ""thighhighs"": 0.96384, ""underwear"": 0.000739}",visual_review
bangdream_016_live_event_96_ssr,classified,soft_review,"[""crop_top"", ""midriff"", ""navel"", ""soft_review_tag""]",rendered,src/data/deskpet/bangdream-rendered-resource-audit/rendered/bangdream_016_live_event_96_ssr.png,completed,"{""1girl"": 0.998891, ""2girls"": 8.1e-05, ""animal"": 9.5e-05, ""animal_focus"": 0.0, ""bare_shoulders"": 0.009316, ""bikini"": 7.6e-05, ""bird"": 5.7e-05, ""cleavage"": 0.001076, ""corset"": 0.004511, ""crop_top"": 0.806858, ""dog"": 2e-06, ""faceless"": 2e-06, ""food_focus"": 0.0, ""garter_straps"": 0.00622, ""helmet"": 3e-06, ""lingerie"": 6e-06, ""looking_at_viewer"": 0.926581, ""mask"": 2.5e-05, ""midriff"": 0.787842, ""multiple_girls"": 0.000119, ""navel"": 0.784833, ""no_humans"": 3e-06, ""onsen"": 0.0, ""panties"": 0.000195, ""penguin"": 0.0, ""school_swimsuit"": 1e-06, ""solo"": 0.989356, ""swimsuit"": 0.000117, ""thighhighs"": 0.820664, ""underwear"": 0.000357}",visual_review
bangdream_017_2018_dog,classified,soft_review,"[""qualification_review"", ""variant_keyword:dog""]",rendered,src/data/deskpet/bangdream-rendered-resource-audit/rendered/bangdream_017_2018_dog.png,completed,"{""1girl"": 0.997144, ""2girls"": 0.00019, ""animal"": 0.000202, ""animal_focus"": 0.0, ""bare_shoulders"": 0.000355, ""bikini"": 0.000107, ""bird"": 9e-05, ""cleavage"": 0.000826, ""corset"": 1.1e-05, ""crop_top"": 3.1e-05, ""dog"": 0.000884, ""faceless"": 4e-06, ""food_focus"": 0.0, ""garter_straps"": 6e-06, ""helmet"": 3.2e-05, ""lingerie"": 1e-06, ""looking_at_viewer"": 0.78285, ""mask"": 0.000115, ""midriff"": 1.4e-05, ""multiple_girls"": 0.000354, ""navel"": 0.000303, ""no_humans"": 7e-06, ""onsen"": 0.0, ""panties"": 0.000105, ""penguin"": 0.0, ""school_swimsuit"": 1e-06, ""solo"": 0.970676, ""swimsuit"": 0.00012, ""thighhighs"": 0.001961, ""underwear"": 0.000313}",visual_review
bangdream_017_event_278_story_01,classified,soft_review,"[""midriff"", ""soft_review_tag""]",rendered,src/data/deskpet/bangdream-rendered-resource-audit/rendered/bangdream_017_event_278_story_01.png,completed,"{""1girl"": 0.998026, ""2girls"": 0.000184, ""animal"": 6.1e-05, ""animal_focus"": 0.0, ""bare_shoulders"": 0.005386, ""bikini"": 0.000175, ""bird"": 3.8e-05, ""cleavage"": 0.019684, ""corset"": 0.00014, ""crop_top"": 0.449055, ""dog"": 4e-06, ""faceless"": 1e-06, ""food_focus"": 0.0, ""garter_straps"": 0.000209, ""helmet"": 1.5e-05, ""lingerie"": 1.1e-05, ""looking_at_viewer"": 0.844701, ""mask"": 0.000117, ""midriff"": 0.665539, ""multiple_girls"": 0.000285, ""navel"": 0.033035, ""no_humans"": 1e-06, ""onsen"": 1e-06, ""panties"": 0.00016, ""penguin"": 0.0, ""school_swimsuit"": 1e-06, ""solo"": 0.956645, ""swimsuit"": 0.000222, ""thighhighs"": 0.011826, ""underwear"": 0.000636}",visual_review
bangdream_017_event_56_story_01,classified,soft_review,"[""navel"", ""soft_review_tag""]",rendered,src/data/deskpet/bangdream-rendered-resource-audit/rendered/bangdream_017_event_56_story_01.png,completed,"{""1girl"": 0.999138, ""2girls"": 8.5e-05, ""animal"": 3.6e-05, ""animal_focus"": 0.0, ""bare_shoulders"": 0.216313, ""bikini"": 0.00036, ""bird"": 8.2e-05, ""cleavage"": 0.108957, ""corset"": 0.263049, ""crop_top"": 0.000248, ""dog"": 2.3e-05, ""faceless"": 3e-06, ""food_focus"": 0.0, ""garter_straps"": 0.014739, ""helmet"": 8e-06, ""lingerie"": 1.6e-05, ""looking_at_viewer"": 0.805592, ""mask"": 4.4e-05, ""midriff"": 0.018203, ""multiple_girls"": 0.000189, ""navel"": 0.796829, ""no_humans"": 1e-06, ""onsen"": 0.0, ""panties"": 0.000227, ""penguin"": 1e-06, ""school_swimsuit"": 0.0, ""solo"": 0.980011, ""swimsuit"": 0.000528, ""thighhighs"": 0.973395, ""underwear"": 0.000684}",visual_review
bangdream_017_live_event_05_sr,classified,soft_review,"[""garter_straps"", ""soft_review_tag""]",rendered,src/data/deskpet/bangdream-rendered-resource-audit/rendered/bangdream_017_live_event_05_sr.png,completed,"{""1girl"": 0.997278, ""2girls"": 0.000165, ""animal"": 5.1e-05, ""animal_focus"": 0.0, ""bare_shoulders"": 0.002477, ""bikini"": 1.6e-05, ""bird"": 2.8e-05, ""cleavage"": 0.000574, ""corset"": 7.2e-05, ""crop_top"": 6.4e-05, ""dog"": 3e-06, ""faceless"": 2e-06, ""food_focus"": 0.0, ""garter_straps"": 0.839188, ""helmet"": 1.1e-05, ""lingerie"": 4e-06, ""looking_at_viewer"": 0.948448, ""mask"": 0.000207, ""midriff"": 0.000122, ""multiple_girls"": 0.000276, ""navel"": 0.000341, ""no_humans"": 1.2e-05, ""onsen"": 0.0, ""panties"": 0.000294, ""penguin"": 1e-06, ""school_swimsuit"": 0.0, ""solo"": 0.959507, ""swimsuit"": 4.5e-05, ""thighhighs"": 0.534975, ""underwear"": 0.000645}",visual_review
bangdream_017_live_event_104_ssr,classified,soft_review,"[""garter_straps"", ""navel"", ""soft_review_tag""]",rendered,src/data/deskpet/bangdream-rendered-resource-audit/rendered/bangdream_017_live_event_104_ssr.png,completed,"{""1girl"": 0.996042, ""2girls"": 0.000216, ""animal"": 3.2e-05, ""animal_focus"": 1e-06, ""bare_shoulders"": 0.355016, ""bikini"": 0.000155, ""bird"": 5e-05, ""cleavage"": 0.011578, ""corset"": 0.023124, ""crop_top"": 0.003661, ""dog"": 3e-06, ""faceless"": 0.0, ""food_focus"": 0.0, ""garter_straps"": 0.707096, ""helmet"": 1.1e-05, ""lingerie"": 1.7e-05, ""looking_at_viewer"": 0.826304, ""mask"": 2.4e-05, ""midriff"": 0.172519, ""multiple_girls"": 0.000342, ""navel"": 0.579686, ""no_humans"": 8e-06, ""onsen"": 0.0, ""panties"": 0.000117, ""penguin"": 1e-06, ""school_swimsuit"": 2e-06, ""solo"": 0.934731, ""swimsuit"": 0.000339, ""thighhighs"": 0.78299, ""underwear"": 0.000408}",visual_review
bangdream_017_live_event_11_ssr,classified,soft_review,"[""cleavage"", ""midriff"", ""navel"", ""soft_review_tag""]",rendered,src/data/deskpet/bangdream-rendered-resource-audit/rendered/bangdream_017_live_event_11_ssr.png,completed,"{""1girl"": 0.998164, ""2girls"": 0.000104, ""animal"": 5e-06, ""animal_focus"": 0.0, ""bare_shoulders"": 0.668717, ""bikini"": 0.00126, ""bird"": 1.9e-05, ""cleavage"": 0.958567, ""corset"": 9.7e-05, ""crop_top"": 0.212139, ""dog"": 1e-06, ""faceless"": 4e-06, ""food_focus"": 0.0, ""garter_straps"": 0.000402, ""helmet"": 8e-06, ""lingerie"": 8e-06, ""looking_at_viewer"": 0.848212, ""mask"": 5.9e-05, ""midriff"": 0.847319, ""multiple_girls"": 0.000221, ""navel"": 0.964357, ""no_humans"": 4e-06, ""onsen"": 0.0, ""panties"": 0.001628, ""penguin"": 0.0, ""school_swimsuit"": 2e-06, ""solo"": 0.950303, ""swimsuit"": 0.002241, ""thighhighs"": 0.976927, ""underwear"": 0.003284}",visual_review
bangdream_017_live_event_124_ssr,classified,soft_review,"[""navel"", ""soft_review_tag""]",rendered,src/data/deskpet/bangdream-rendered-resource-audit/rendered/bangdream_017_live_event_124_ssr.png,completed,"{""1girl"": 0.996588, ""2girls"": 0.000264, ""animal"": 4.8e-05, ""animal_focus"": 4e-06, ""bare_shoulders"": 0.340969, ""bikini"": 0.00411, ""bird"": 4.8e-05, ""cleavage"": 0.028298, ""corset"": 0.00035, ""crop_top"": 0.026737, ""dog"": 1e-06, ""faceless"": 1e-06, ""food_focus"": 0.0, ""garter_straps"": 0.000282, ""helmet"": 1.6e-05, ""lingerie"": 1e-05, ""looking_at_viewer"": 0.727172, ""mask"": 0.000182, ""midriff"": 0.466621, ""multiple_girls"": 0.000345, ""navel"": 0.776742, ""no_humans"": 1.3e-05, ""onsen"": 0.0, ""panties"": 0.000896, ""penguin"": 0.0, ""school_swimsuit"": 9e-06, ""solo"": 0.950495, ""swimsuit"": 0.010948, ""thighhighs"": 0.006595, ""underwear"": 0.001914}",visual_review
bangdream_017_live_event_146_ssr,classified,soft_review,"[""garter_straps"", ""soft_review_tag""]",rendered,src/data/deskpet/bangdream-rendered-resource-audit/rendered/bangdream_017_live_event_146_ssr.png,completed,"{""1girl"": 0.995612, ""2girls"": 0.000255, ""animal"": 2.6e-05, ""animal_focus"": 1e-06, ""bare_shoulders"": 0.007349, ""bikini"": 5.7e-05, ""bird"": 2.2e-05, ""cleavage"": 0.006278, ""corset"": 0.000144, ""crop_top"": 0.0001, ""dog"": 5e-06, ""faceless"": 1e-06, ""food_focus"": 0.0, ""garter_straps"": 0.873242, ""helmet"": 3.9e-05, ""lingerie"": 4e-06, ""looking_at_viewer"": 0.851424, ""mask"": 0.000335, ""midriff"": 0.000361, ""multiple_girls"": 0.000409, ""navel"": 0.00159, ""no_humans"": 2.5e-05, ""onsen"": 0.0, ""panties"": 0.000203, ""penguin"": 1e-06, ""school_swimsuit"": 2e-06, ""solo"": 0.974809, ""swimsuit"": 0.00018, ""thighhighs"": 0.95833, ""underwear"": 0.000752}",visual_review
bangdream_017_live_event_19_sr,classified,soft_review,"[""cleavage"", ""soft_review_tag""]",rendered,src/data/deskpet/bangdream-rendered-resource-audit/rendered/bangdream_017_live_event_19_sr.png,completed,"{""1girl"": 0.998214, ""2girls"": 0.000199, ""animal"": 0.00035, ""animal_focus"": 1e-06, ""bare_shoulders"": 0.001738, ""bikini"": 0.001342, ""bird"": 0.000104, ""cleavage"": 0.794566, ""corset"": 2e-06, ""crop_top"": 0.014789, ""dog"": 3e-06, ""faceless"": 4e-06, ""food_focus"": 0.0, ""garter_straps"": 6.7e-05, ""helmet"": 0.063492, ""lingerie"": 4e-06, ""looking_at_viewer"": 0.916194, ""mask"": 0.000164, ""midriff"": 0.051257, ""multiple_girls"": 0.000238, ""navel"": 0.00687, ""no_humans"": 1.7e-05, ""onsen"": 0.0, ""panties"": 0.000465, ""penguin"": 1e-06, ""school_swimsuit"": 1e-06, ""solo"": 0.979627, ""swimsuit"": 0.001643, ""thighhighs"": 0.000647, ""underwear"": 0.017332}",visual_review
bangdream_017_live_event_253_ur,classified,soft_review,"[""cleavage"", ""soft_review_tag""]",rendered,src/data/deskpet/bangdream-rendered-resource-audit/rendered/bangdream_017_live_event_253_ur.png,completed,"{""1girl"": 0.996652, ""2girls"": 0.000193, ""animal"": 3.5e-05, ""animal_focus"": 1e-06, ""bare_shoulders"": 0.019747, ""bikini"": 0.00012, ""bird"": 9e-05, ""cleavage"": 0.73066, ""corset"": 0.008066, ""crop_top"": 9.8e-05, ""dog"": 1e-06, ""faceless"": 2e-06, ""food_focus"": 0.0, ""garter_straps"": 0.000617, ""helmet"": 3.7e-05, ""lingerie"": 1.8e-05, ""looking_at_viewer"": 0.823616, ""mask"": 0.00027, ""midriff"": 0.000543, ""multiple_girls"": 0.000321, ""navel"": 0.000828, ""no_humans"": 9e-06, ""onsen"": 1e-06, ""panties"": 0.000212, ""penguin"": 1e-06, ""school_swimsuit"": 3e-06, ""solo"": 0.961071, ""swimsuit"": 0.000239, ""thighhighs"": 0.006452, ""underwear"": 0.000706}",visual_review
bangdream_017_live_event_257_ssr,classified,soft_review,"[""midriff"", ""navel"", ""soft_review_tag""]",rendered,src/data/deskpet/bangdream-rendered-resource-audit/rendered/bangdream_017_live_event_257_ssr.png,completed,"{""1girl"": 0.997262, ""2girls"": 0.000158, ""animal"": 2e-06, ""animal_focus"": 1e-06, ""bare_shoulders"": 0.095061, ""bikini"": 0.000235, ""bird"": 0.000105, ""cleavage"": 0.089936, ""corset"": 0.000182, ""crop_top"": 0.149164, ""dog"": 1e-06, ""faceless"": 1e-06, ""food_focus"": 0.0, ""garter_straps"": 0.000743, ""helmet"": 5e-06, ""lingerie"": 9e-06, ""looking_at_viewer"": 0.860271, ""mask"": 7e-05, ""midriff"": 0.673653, ""multiple_girls"": 0.000214, ""navel"": 0.789989, ""no_humans"": 1e-05, ""onsen"": 0.0, ""panties"": 0.000267, ""penguin"": 1e-06, ""school_swimsuit"": 1e-06, ""solo"": 0.975717, ""swimsuit"": 0.00057, ""thighhighs"": 0.103668, ""underwear"": 0.000631}",visual_review
bangdream_017_live_event_300_r,classified,soft_review,"[""cleavage"", ""midriff"", ""navel"", ""soft_review_tag""]",rendered,src/data/deskpet/bangdream-rendered-resource-audit/rendered/bangdream_017_live_event_300_r.png,completed,"{""1girl"": 0.99797, ""2girls"": 0.000233, ""animal"": 8e-05, ""animal_focus"": 1e-06, ""bare_shoulders"": 0.166045, ""bikini"": 0.000102, ""bird"": 0.000157, ""cleavage"": 0.615417, ""corset"": 7.2e-05, ""crop_top"": 0.089098, ""dog"": 1e-06, ""faceless"": 2e-06, ""food_focus"": 0.0, ""garter_straps"": 0.329384, ""helmet"": 1.6e-05, ""lingerie"": 1.1e-05, ""looking_at_viewer"": 0.759978, ""mask"": 2.9e-05, ""midriff"": 0.79012, ""multiple_girls"": 0.00026, ""navel"": 0.87478, ""no_humans"": 7e-06, ""onsen"": 1e-06, ""panties"": 0.000405, ""penguin"": 0.0, ""school_swimsuit"": 1.3e-05, ""solo"": 0.961922, ""swimsuit"": 0.00036, ""thighhighs"": 0.321321, ""underwear"": 0.001132}",visual_review
bangdream_017_live_event_330_r,classified,soft_review,"[""midriff"", ""soft_review_tag""]",rendered,src/data/deskpet/bangdream-rendered-resource-audit/rendered/bangdream_017_live_event_330_r.png,completed,"{""1girl"": 0.998442, ""2girls"": 8.8e-05, ""animal"": 1.8e-05, ""animal_focus"": 1e-06, ""bare_shoulders"": 0.562833, ""bikini"": 3.6e-05, ""bird"": 1.6e-05, ""cleavage"": 0.001741, ""corset"": 5.9e-05, ""crop_top"": 0.020522, ""dog"": 1e-06, ""faceless"": 1e-06, ""food_focus"": 0.0, ""garter_straps"": 0.000859, ""helmet"": 1.1e-05, ""lingerie"": 2e-06, ""looking_at_viewer"": 0.910711, ""mask"": 4.9e-05, ""midriff"": 0.591738, ""multiple_girls"": 0.000127, ""navel"": 0.43554, ""no_humans"": 8e-06, ""onsen"": 0.0, ""panties"": 9.1e-05, ""penguin"": 0.0, ""school_swimsuit"": 1e-06, ""solo"": 0.979525, ""swimsuit"": 8e-05, ""thighhighs"": 0.467981, ""underwear"": 0.000307}",visual_review
bangdream_017_live_event_33_sr,classified,soft_review,"[""midriff"", ""navel"", ""soft_review_tag""]",rendered,src/data/deskpet/bangdream-rendered-resource-audit/rendered/bangdream_017_live_event_33_sr.png,completed,"{""1girl"": 0.99809, ""2girls"": 0.000186, ""animal"": 3.2e-05, ""animal_focus"": 1e-06, ""bare_shoulders"": 0.003151, ""bikini"": 0.000175, ""bird"": 3.1e-05, ""cleavage"": 0.001557, ""corset"": 0.000125, ""crop_top"": 0.350268, ""dog"": 3e-06, ""faceless"": 1e-06, ""food_focus"": 0.0, ""garter_straps"": 0.000435, ""helmet"": 1.1e-05, ""lingerie"": 9e-06, ""looking_at_viewer"": 0.764328, ""mask"": 8.7e-05, ""midriff"": 0.593022, ""multiple_girls"": 0.000223, ""navel"": 0.920746, ""no_humans"": 6e-06, ""onsen"": 0.0, ""panties"": 0.000395, ""penguin"": 0.0, ""school_swimsuit"": 2e-06, ""solo"": 0.975794, ""swimsuit"": 0.000265, ""thighhighs"": 0.967533, ""underwear"": 0.00161}",visual_review
bangdream_017_live_event_46_sr,classified,soft_review,"[""garter_straps"", ""midriff"", ""navel"", ""soft_review_tag""]",rendered,src/data/deskpet/bangdream-rendered-resource-audit/rendered/bangdream_017_live_event_46_sr.png,completed,"{""1girl"": 0.996154, ""2girls"": 0.000228, ""animal"": 1.3e-05, ""animal_focus"": 1e-06, ""bare_shoulders"": 0.278147, ""bikini"": 0.000323, ""bird"": 4.7e-05, ""cleavage"": 0.005401, ""corset"": 0.011641, ""crop_top"": 0.262514, ""dog"": 1e-06, ""faceless"": 1e-06, ""food_focus"": 0.0, ""garter_straps"": 0.947388, ""helmet"": 1.6e-05, ""lingerie"": 4.9e-05, ""looking_at_viewer"": 0.788548, ""mask"": 0.000163, ""midriff"": 0.670865, ""multiple_girls"": 0.000344, ""navel"": 0.949646, ""no_humans"": 6e-06, ""onsen"": 0.0, ""panties"": 0.000338, ""penguin"": 0.0, ""school_swimsuit"": 3e-06, ""solo"": 0.969857, ""swimsuit"": 0.00076, ""thighhighs"": 0.97158, ""underwear"": 0.002118}",visual_review
bangdream_017_live_event_77_ssr,classified,soft_review,"[""midriff"", ""navel"", ""soft_review_tag""]",rendered,src/data/deskpet/bangdream-rendered-resource-audit/rendered/bangdream_017_live_event_77_ssr.png,completed,"{""1girl"": 0.995127, ""2girls"": 0.000224, ""animal"": 2.3e-05, ""animal_focus"": 1e-06, ""bare_shoulders"": 0.273405, ""bikini"": 5.1e-05, ""bird"": 4.8e-05, ""cleavage"": 0.002888, ""corset"": 0.010024, ""crop_top"": 0.034527, ""dog"": 1e-06, ""faceless"": 0.0, ""food_focus"": 0.0, ""garter_straps"": 0.010862, ""helmet"": 1.1e-05, ""lingerie"": 2e-06, ""looking_at_viewer"": 0.68833, ""mask"": 0.000141, ""midriff"": 0.732704, ""multiple_girls"": 0.000333, ""navel"": 0.842974, ""no_humans"": 1.3e-05, ""onsen"": 2e-06, ""panties"": 0.000333, ""penguin"": 0.0, ""school_swimsuit"": 1e-06, ""solo"": 0.94048, ""swimsuit"": 0.000142, ""thighhighs"": 0.968454, ""underwear"": 0.000682}",visual_review
bangdream_017_live_event_96_r,classified,soft_review,"[""cleavage"", ""midriff"", ""navel"", ""soft_review_tag""]",rendered,src/data/deskpet/bangdream-rendered-resource-audit/rendered/bangdream_017_live_event_96_r.png,completed,"{""1girl"": 0.996839, ""2girls"": 0.000144, ""animal"": 9.8e-05, ""animal_focus"": 0.0, ""bare_shoulders"": 0.002667, ""bikini"": 0.001377, ""bird"": 0.000138, ""cleavage"": 0.734932, ""corset"": 7.1e-05, ""crop_top"": 0.231801, ""dog"": 6e-06, ""faceless"": 0.0, ""food_focus"": 0.0, ""garter_straps"": 2.8e-05, ""helmet"": 3e-06, ""lingerie"": 3e-06, ""looking_at_viewer"": 0.871809, ""mask"": 5.1e-05, ""midriff"": 0.800404, ""multiple_girls"": 0.000238, ""navel"": 0.902983, ""no_humans"": 8e-06, ""onsen"": 0.0, ""panties"": 0.000317, ""penguin"": 4e-06, ""school_swimsuit"": 1e-06, ""solo"": 0.967846, ""swimsuit"": 0.003452, ""thighhighs"": 0.003347, ""underwear"": 0.000828}",visual_review
bangdream_018_2018_dog,classified,soft_review,"[""qualification_review"", ""variant_keyword:dog""]",rendered,src/data/deskpet/bangdream-rendered-resource-audit/rendered/bangdream_018_2018_dog.png,completed,"{""1girl"": 0.996668, ""2girls"": 0.000248, ""animal"": 0.000696, ""animal_focus"": 9e-06, ""bare_shoulders"": 0.002316, ""bikini"": 6.7e-05, ""bird"": 5.2e-05, ""cleavage"": 0.002357, ""corset"": 2e-05, ""crop_top"": 7.1e-05, ""dog"": 0.002109, ""faceless"": 1.1e-05, ""food_focus"": 0.0, ""garter_straps"": 8.6e-05, ""helmet"": 3e-06, ""lingerie"": 1e-06, ""looking_at_viewer"": 0.841459, ""mask"": 1.5e-05, ""midriff"": 4.4e-05, ""multiple_girls"": 0.00042, ""navel"": 0.001015, ""no_humans"": 2.5e-05, ""onsen"": 0.0, ""panties"": 9.7e-05, ""penguin"": 0.0, ""school_swimsuit"": 1.3e-05, ""solo"": 0.975565, ""swimsuit"": 0.000146, ""thighhighs"": 0.005418, ""underwear"": 0.000111}",visual_review
bangdream_018_chisato_other-12,classified,soft_review,"[""mask"", ""qualification_review""]",rendered,src/data/deskpet/bangdream-rendered-resource-audit/rendered/bangdream_018_chisato_other-12.png,completed,"{""1girl"": 0.998233, ""2girls"": 0.000166, ""animal"": 0.000112, ""animal_focus"": 1e-06, ""bare_shoulders"": 0.135011, ""bikini"": 9.9e-05, ""bird"": 2.4e-05, ""cleavage"": 0.033756, ""corset"": 0.942445, ""crop_top"": 0.000146, ""dog"": 6e-06, ""faceless"": 2e-06, ""food_focus"": 0.0, ""garter_straps"": 0.00075, ""helmet"": 1.9e-05, ""lingerie"": 3.2e-05, ""looking_at_viewer"": 0.851497, ""mask"": 0.531025, ""midriff"": 0.000382, ""multiple_girls"": 0.000189, ""navel"": 0.001665, ""no_humans"": 1.5e-05, ""onsen"": 0.0, ""panties"": 0.000242, ""penguin"": 2e-06, ""school_swimsuit"": 6e-06, ""solo"": 0.982713, ""swimsuit"": 0.000213, ""thighhighs"": 0.014537, ""underwear"": 0.000451}",visual_review
bangdream_018_delta,classified,soft_review,"[""cleavage"", ""soft_review_tag""]",rendered,src/data/deskpet/bangdream-rendered-resource-audit/rendered/bangdream_018_delta.png,completed,"{""1girl"": 0.997957, ""2girls"": 0.000207, ""animal"": 6.4e-05, ""animal_focus"": 1e-06, ""bare_shoulders"": 0.004592, ""bikini"": 0.000144, ""bird"": 4.5e-05, ""cleavage"": 0.750504, ""corset"": 0.000214, ""crop_top"": 9.4e-05, ""dog"": 1.5e-05, ""faceless"": 5e-06, ""food_focus"": 3e-06, ""garter_straps"": 0.000147, ""helmet"": 9e-06, ""lingerie"": 1.2e-05, ""looking_at_viewer"": 0.854543, ""mask"": 6.5e-05, ""midriff"": 0.000163, ""multiple_girls"": 0.000353, ""navel"": 0.000941, ""no_humans"": 2.2e-05, ""onsen"": 1e-06, ""panties"": 0.000239, ""penguin"": 1e-06, ""school_swimsuit"": 3e-06, ""solo"": 0.953786, ""swimsuit"": 0.000378, ""thighhighs"": 0.021042, ""underwear"": 0.000664}",visual_review
bangdream_018_event_278_story_01,classified,soft_review,"[""garter_straps"", ""soft_review_tag""]",rendered,src/data/deskpet/bangdream-rendered-resource-audit/rendered/bangdream_018_event_278_story_01.png,completed,"{""1girl"": 0.998557, ""2girls"": 0.000163, ""animal"": 3.9e-05, ""animal_focus"": 1e-06, ""bare_shoulders"": 0.005316, ""bikini"": 7.9e-05, ""bird"": 2.9e-05, ""cleavage"": 0.003421, ""corset"": 0.802645, ""crop_top"": 5.6e-05, ""dog"": 2e-06, ""faceless"": 4e-06, ""food_focus"": 0.0, ""garter_straps"": 0.931074, ""helmet"": 3e-05, ""lingerie"": 3e-06, ""looking_at_viewer"": 0.84859, ""mask"": 2.5e-05, ""midriff"": 8.3e-05, ""multiple_girls"": 0.000211, ""navel"": 0.000723, ""no_humans"": 5e-06, ""onsen"": 0.0, ""panties"": 8.6e-05, ""penguin"": 0.0, ""school_swimsuit"": 1e-06, ""solo"": 0.972289, ""swimsuit"": 0.000114, ""thighhighs"": 0.431707, ""underwear"": 0.000261}",visual_review
bangdream_018_live_event_07_r,classified,soft_review,"[""cleavage"", ""soft_review_tag""]",rendered,src/data/deskpet/bangdream-rendered-resource-audit/rendered/bangdream_018_live_event_07_r.png,completed,"{""1girl"": 0.998168, ""2girls"": 0.000315, ""animal"": 0.000227, ""animal_focus"": 3e-06, ""bare_shoulders"": 0.002662, ""bikini"": 0.000154, ""bird"": 4.5e-05, ""cleavage"": 0.904104, ""corset"": 0.008056, ""crop_top"": 0.00022, ""dog"": 1.2e-05, ""faceless"": 2e-06, ""food_focus"": 0.0, ""garter_straps"": 3.6e-05, ""helmet"": 1.8e-05, ""lingerie"": 4e-06, ""looking_at_viewer"": 0.79835, ""mask"": 5.1e-05, ""midriff"": 0.000236, ""multiple_girls"": 0.000415, ""navel"": 0.000774, ""no_humans"": 1.8e-05, ""onsen"": 0.0, ""panties"": 7.9e-05, ""penguin"": 1e-06, ""school_swimsuit"": 6e-06, ""solo"": 0.966279, ""swimsuit"": 0.000434, ""thighhighs"": 0.000682, ""underwear"": 0.000135}",visual_review
bangdream_018_live_event_100_ssr,classified,soft_review,"[""garter_straps"", ""soft_review_tag""]",rendered,src/data/deskpet/bangdream-rendered-resource-audit/rendered/bangdream_018_live_event_100_ssr.png,completed,"{""1girl"": 0.996472, ""2girls"": 0.000487, ""animal"": 0.000256, ""animal_focus"": 2e-06, ""bare_shoulders"": 0.002906, ""bikini"": 0.00017, ""bird"": 0.000412, ""cleavage"": 0.040864, ""corset"": 0.517767, ""crop_top"": 9.4e-05, ""dog"": 3.2e-05, ""faceless"": 6e-06, ""food_focus"": 0.0, ""garter_straps"": 0.786457, ""helmet"": 0.000526, ""lingerie"": 2.8e-05, ""looking_at_viewer"": 0.757733, ""mask"": 0.000108, ""midriff"": 0.000311, ""multiple_girls"": 0.000637, ""navel"": 0.002186, ""no_humans"": 2.6e-05, ""onsen"": 2e-06, ""panties"": 0.000335, ""penguin"": 6e-06, ""school_swimsuit"": 4e-06, ""solo"": 0.940566, ""swimsuit"": 0.000222, ""thighhighs"": 0.893004, ""underwear"": 0.001376}",visual_review
bangdream_018_live_event_109_sr,classified,soft_review,"[""garter_straps"", ""soft_review_tag""]",rendered,src/data/deskpet/bangdream-rendered-resource-audit/rendered/bangdream_018_live_event_109_sr.png,completed,"{""1girl"": 0.997339, ""2girls"": 0.00032, ""animal"": 5e-05, ""animal_focus"": 1e-06, ""bare_shoulders"": 0.69463, ""bikini"": 0.000142, ""bird"": 4.7e-05, ""cleavage"": 0.003295, ""corset"": 0.000473, ""crop_top"": 9e-05, ""dog"": 1.1e-05, ""faceless"": 3e-06, ""food_focus"": 1e-06, ""garter_straps"": 0.592403, ""helmet"": 3.4e-05, ""lingerie"": 2.5e-05, ""looking_at_viewer"": 0.840614, ""mask"": 3.3e-05, ""midriff"": 0.000326, ""multiple_girls"": 0.000485, ""navel"": 0.001226, ""no_humans"": 2.2e-05, ""onsen"": 1e-06, ""panties"": 0.000188, ""penguin"": 1e-06, ""school_swimsuit"": 5e-06, ""solo"": 0.977494, ""swimsuit"": 0.000287, ""thighhighs"": 0.07473, ""underwear"": 0.000468}",visual_review
bangdream_018_live_event_199_sr,classified,soft_review,"[""cleavage"", ""crop_top"", ""midriff"", ""navel"", ""soft_review_tag""]",rendered,src/data/deskpet/bangdream-rendered-resource-audit/rendered/bangdream_018_live_event_199_sr.png,completed,"{""1girl"": 0.998399, ""2girls"": 0.00019, ""animal"": 1.1e-05, ""animal_focus"": 0.0, ""bare_shoulders"": 0.006258, ""bikini"": 0.000433, ""bird"": 2.2e-05, ""cleavage"": 0.867453, ""corset"": 1.1e-05, ""crop_top"": 0.707811, ""dog"": 2e-06, ""faceless"": 2e-06, ""food_focus"": 0.0, ""garter_straps"": 0.093832, ""helmet"": 5e-05, ""lingerie"": 3e-06, ""looking_at_viewer"": 0.858999, ""mask"": 1.5e-05, ""midriff"": 0.945138, ""multiple_girls"": 0.000209, ""navel"": 0.971953, ""no_humans"": 1e-06, ""onsen"": 0.0, ""panties"": 0.000359, ""penguin"": 0.0, ""school_swimsuit"": 2e-06, ""solo"": 0.967273, ""swimsuit"": 0.000389, ""thighhighs"": 0.926881, ""underwear"": 0.001863}",visual_review
bangdream_018_live_event_19_sr,classified,soft_review,"[""cleavage"", ""midriff"", ""navel"", ""soft_review_tag""]",rendered,src/data/deskpet/bangdream-rendered-resource-audit/rendered/bangdream_018_live_event_19_sr.png,completed,"{""1girl"": 0.997499, ""2girls"": 0.000257, ""animal"": 0.000258, ""animal_focus"": 1e-06, ""bare_shoulders"": 0.004118, ""bikini"": 0.000978, ""bird"": 0.000174, ""cleavage"": 0.893809, ""corset"": 0.000136, ""crop_top"": 0.420352, ""dog"": 1.8e-05, ""faceless"": 3e-06, ""food_focus"": 0.0, ""garter_straps"": 0.000423, ""helmet"": 0.004033, ""lingerie"": 1e-06, ""looking_at_viewer"": 0.827574, ""mask"": 8.2e-05, ""midriff"": 0.912666, ""multiple_girls"": 0.000319, ""navel"": 0.971452, ""no_humans"": 6.1e-05, ""onsen"": 0.0, ""panties"": 0.000148, ""penguin"": 3e-06, ""school_swimsuit"": 4e-06, ""solo"": 0.968627, ""swimsuit"": 0.000901, ""thighhighs"": 0.002373, ""underwear"": 0.000454}",visual_review
bangdream_018_live_event_226_ssr,classified,soft_review,"[""crop_top"", ""garter_straps"", ""midriff"", ""soft_review_tag""]",rendered,src/data/deskpet/bangdream-rendered-resource-audit/rendered/bangdream_018_live_event_226_ssr.png,completed,"{""1girl"": 0.997714, ""2girls"": 0.000156, ""animal"": 8.7e-05, ""animal_focus"": 1e-06, ""bare_shoulders"": 0.012631, ""bikini"": 0.000209, ""bird"": 0.000104, ""cleavage"": 0.000828, ""corset"": 0.000288, ""crop_top"": 0.734649, ""dog"": 3e-06, ""faceless"": 1e-06, ""food_focus"": 0.0, ""garter_straps"": 0.945077, ""helmet"": 3.3e-05, ""lingerie"": 8e-06, ""looking_at_viewer"": 0.809674, ""mask"": 3.7e-05, ""midriff"": 0.585029, ""multiple_girls"": 0.000222, ""navel"": 0.067062, ""no_humans"": 2e-05, ""onsen"": 0.0, ""panties"": 0.000579, ""penguin"": 3e-06, ""school_swimsuit"": 5e-06, ""solo"": 0.966065, ""swimsuit"": 0.000282, ""thighhighs"": 0.93446, ""underwear"": 0.005117}",visual_review
bangdream_018_live_event_257_r,classified,soft_review,"[""crop_top"", ""midriff"", ""navel"", ""soft_review_tag""]",rendered,src/data/deskpet/bangdream-rendered-resource-audit/rendered/bangdream_018_live_event_257_r.png,completed,"{""1girl"": 0.99831, ""2girls"": 0.000195, ""animal"": 2.5e-05, ""animal_focus"": 0.0, ""bare_shoulders"": 0.015766, ""bikini"": 0.000187, ""bird"": 4.3e-05, ""cleavage"": 0.001574, ""corset"": 0.011257, ""crop_top"": 0.748816, ""dog"": 5e-06, ""faceless"": 1.2e-05, ""food_focus"": 0.0, ""garter_straps"": 0.007812, ""helmet"": 2.5e-05, ""lingerie"": 6e-06, ""looking_at_viewer"": 0.794413, ""mask"": 2.5e-05, ""midriff"": 0.793442, ""multiple_girls"": 0.00036, ""navel"": 0.921354, ""no_humans"": 7e-06, ""onsen"": 0.0, ""panties"": 0.000653, ""penguin"": 0.0, ""school_swimsuit"": 7e-06, ""solo"": 0.960311, ""swimsuit"": 0.000406, ""thighhighs"": 0.67807, ""underwear"": 0.001407}",visual_review
bangdream_018_live_event_267_ur,classified,soft_review,"[""crop_top"", ""soft_review_tag""]",rendered,src/data/deskpet/bangdream-rendered-resource-audit/rendered/bangdream_018_live_event_267_ur.png,completed,"{""1girl"": 0.998085, ""2girls"": 0.000188, ""animal"": 0.000173, ""animal_focus"": 1e-06, ""bare_shoulders"": 0.012706, ""bikini"": 6.4e-05, ""bird"": 9.1e-05, ""cleavage"": 0.000506, ""corset"": 9.6e-05, ""crop_top"": 0.672906, ""dog"": 4e-06, ""faceless"": 3.7e-05, ""food_focus"": 0.0, ""garter_straps"": 8.4e-05, ""helmet"": 9e-06, ""lingerie"": 4e-06, ""looking_at_viewer"": 0.884321, ""mask"": 4.5e-05, ""midriff"": 0.374827, ""multiple_girls"": 0.000234, ""navel"": 0.00406, ""no_humans"": 1.3e-05, ""onsen"": 0.0, ""panties"": 0.00011, ""penguin"": 2e-06, ""school_swimsuit"": 1e-06, ""solo"": 0.98465, ""swimsuit"": 7.9e-05, ""thighhighs"": 0.00245, ""underwear"": 0.000316}",visual_review
bangdream_018_live_event_289_ur,classified,soft_review,"[""cleavage"", ""soft_review_tag""]",rendered,src/data/deskpet/bangdream-rendered-resource-audit/rendered/bangdream_018_live_event_289_ur.png,completed,"{""1girl"": 0.997967, ""2girls"": 0.000373, ""animal"": 0.000154, ""animal_focus"": 2e-06, ""bare_shoulders"": 0.547772, ""bikini"": 0.000158, ""bird"": 4.1e-05, ""cleavage"": 0.924865, ""corset"": 0.000208, ""crop_top"": 0.000108, ""dog"": 1.5e-05, ""faceless"": 1e-06, ""food_focus"": 0.0, ""garter_straps"": 3.6e-05, ""helmet"": 2.3e-05, ""lingerie"": 7e-06, ""looking_at_viewer"": 0.795853, ""mask"": 5.5e-05, ""midriff"": 0.000203, ""multiple_girls"": 0.000492, ""navel"": 0.001298, ""no_humans"": 9e-06, ""onsen"": 1e-06, ""panties"": 0.000228, ""penguin"": 2e-06, ""school_swimsuit"": 7e-06, ""solo"": 0.954056, ""swimsuit"": 0.000522, ""thighhighs"": 0.001144, ""underwear"": 0.000383}",visual_review
bangdream_018_live_event_323_ur,classified,soft_review,"[""cleavage"", ""soft_review_tag""]",rendered,src/data/deskpet/bangdream-rendered-resource-audit/rendered/bangdream_018_live_event_323_ur.png,completed,"{""1girl"": 0.998599, ""2girls"": 0.000253, ""animal"": 0.00013, ""animal_focus"": 4e-06, ""bare_shoulders"": 0.24811, ""bikini"": 0.000154, ""bird"": 2.6e-05, ""cleavage"": 0.611271, ""corset"": 0.00081, ""crop_top"": 7.2e-05, ""dog"": 3e-06, ""faceless"": 4e-06, ""food_focus"": 1e-06, ""garter_straps"": 0.000454, ""helmet"": 1.7e-05, ""lingerie"": 4e-06, ""looking_at_viewer"": 0.765222, ""mask"": 3.4e-05, ""midriff"": 0.000669, ""multiple_girls"": 0.000311, ""navel"": 0.001307, ""no_humans"": 2e-05, ""onsen"": 0.0, ""panties"": 0.000172, ""penguin"": 1e-06, ""school_swimsuit"": 9e-06, ""solo"": 0.96369, ""swimsuit"": 0.000469, ""thighhighs"": 0.320087, ""underwear"": 0.000344}",visual_review
bangdream_018_live_event_327_ur,classified,soft_review,"[""garter_straps"", ""soft_review_tag""]",rendered,src/data/deskpet/bangdream-rendered-resource-audit/rendered/bangdream_018_live_event_327_ur.png,completed,"{""1girl"": 0.996877, ""2girls"": 0.00035, ""animal"": 0.000141, ""animal_focus"": 1e-06, ""bare_shoulders"": 0.001224, ""bikini"": 3.8e-05, ""bird"": 8.3e-05, ""cleavage"": 0.001028, ""corset"": 0.000432, ""crop_top"": 9.5e-05, ""dog"": 6e-06, ""faceless"": 2e-06, ""food_focus"": 0.0, ""garter_straps"": 0.886846, ""helmet"": 8.9e-05, ""lingerie"": 8e-06, ""looking_at_viewer"": 0.894541, ""mask"": 5.7e-05, ""midriff"": 0.000382, ""multiple_girls"": 0.000624, ""navel"": 0.00115, ""no_humans"": 4.7e-05, ""onsen"": 2e-06, ""panties"": 8e-05, ""penguin"": 1.1e-05, ""school_swimsuit"": 8e-06, ""solo"": 0.960374, ""swimsuit"": 7e-05, ""thighhighs"": 0.922351, ""underwear"": 0.000105}",visual_review
bangdream_018_live_event_46_ssr,classified,soft_review,"[""garter_straps"", ""midriff"", ""navel"", ""soft_review_tag""]",rendered,src/data/deskpet/bangdream-rendered-resource-audit/rendered/bangdream_018_live_event_46_ssr.png,completed,"{""1girl"": 0.99704, ""2girls"": 0.00022, ""animal"": 0.0001, ""animal_focus"": 4e-06, ""bare_shoulders"": 0.252364, ""bikini"": 0.001448, ""bird"": 1.6e-05, ""cleavage"": 0.004142, ""corset"": 0.002022, ""crop_top"": 0.373682, ""dog"": 5e-06, ""faceless"": 8e-06, ""food_focus"": 0.0, ""garter_straps"": 0.810102, ""helmet"": 3.2e-05, ""lingerie"": 2.3e-05, ""looking_at_viewer"": 0.760899, ""mask"": 0.000158, ""midriff"": 0.745029, ""multiple_girls"": 0.000457, ""navel"": 0.943368, ""no_humans"": 2.8e-05, ""onsen"": 0.0, ""panties"": 0.000272, ""penguin"": 2e-06, ""school_swimsuit"": 8e-06, ""solo"": 0.975929, ""swimsuit"": 0.002551, ""thighhighs"": 0.871262, ""underwear"": 0.000837}",visual_review
bangdream_018_live_event_63_sr,classified,soft_review,"[""midriff"", ""navel"", ""soft_review_tag""]",rendered,src/data/deskpet/bangdream-rendered-resource-audit/rendered/bangdream_018_live_event_63_sr.png,completed,"{""1girl"": 0.998956, ""2girls"": 7.2e-05, ""animal"": 0.000274, ""animal_focus"": 1e-06, ""bare_shoulders"": 0.004983, ""bikini"": 0.000135, ""bird"": 0.000137, ""cleavage"": 0.001503, ""corset"": 7e-06, ""crop_top"": 0.494728, ""dog"": 4e-06, ""faceless"": 3e-06, ""food_focus"": 0.0, ""garter_straps"": 4.2e-05, ""helmet"": 9e-06, ""lingerie"": 1e-06, ""looking_at_viewer"": 0.852633, ""mask"": 2.1e-05, ""midriff"": 0.921903, ""multiple_girls"": 0.000118, ""navel"": 0.941936, ""no_humans"": 4e-06, ""onsen"": 0.0, ""panties"": 7.2e-05, ""penguin"": 3e-06, ""school_swimsuit"": 2e-06, ""solo"": 0.981027, ""swimsuit"": 0.000121, ""thighhighs"": 0.00136, ""underwear"": 0.000318}",visual_review
bangdream_018_live_event_96_sr,classified,soft_review,"[""crop_top"", ""midriff"", ""navel"", ""soft_review_tag""]",rendered,src/data/deskpet/bangdream-rendered-resource-audit/rendered/bangdream_018_live_event_96_sr.png,completed,"{""1girl"": 0.998498, ""2girls"": 0.000128, ""animal"": 6.2e-05, ""animal_focus"": 0.0, ""bare_shoulders"": 0.007083, ""bikini"": 0.000296, ""bird"": 7.2e-05, ""cleavage"": 0.000771, ""corset"": 4e-05, ""crop_top"": 0.675566, ""dog"": 2.9e-05, ""faceless"": 5e-06, ""food_focus"": 0.0, ""garter_straps"": 0.002286, ""helmet"": 1.4e-05, ""lingerie"": 2e-06, ""looking_at_viewer"": 0.845469, ""mask"": 3.1e-05, ""midriff"": 0.843797, ""multiple_girls"": 0.000198, ""navel"": 0.92486, ""no_humans"": 5e-06, ""onsen"": 0.0, ""panties"": 0.000189, ""penguin"": 0.0, ""school_swimsuit"": 4e-06, ""solo"": 0.981602, ""swimsuit"": 0.000309, ""thighhighs"": 0.12308, ""underwear"": 0.000412}",visual_review
bangdream_019_2018_dog,classified,soft_review,"[""qualification_review"", ""variant_keyword:dog""]",rendered,src/data/deskpet/bangdream-rendered-resource-audit/rendered/bangdream_019_2018_dog.png,completed,"{""1girl"": 0.996879, ""2girls"": 0.000204, ""animal"": 0.001203, ""animal_focus"": 1.7e-05, ""bare_shoulders"": 0.001293, ""bikini"": 9.4e-05, ""bird"": 0.000288, ""cleavage"": 0.000777, ""corset"": 1.8e-05, ""crop_top"": 0.579507, ""dog"": 0.004306, ""faceless"": 1.4e-05, ""food_focus"": 0.0, ""garter_straps"": 7e-06, ""helmet"": 3.2e-05, ""lingerie"": 6e-06, ""looking_at_viewer"": 0.605028, ""mask"": 3e-05, ""midriff"": 0.788141, ""multiple_girls"": 0.000312, ""navel"": 0.629428, ""no_humans"": 3.9e-05, ""onsen"": 1e-06, ""panties"": 0.00013, ""penguin"": 2e-06, ""school_swimsuit"": 6e-06, ""solo"": 0.966325, ""swimsuit"": 0.000145, ""thighhighs"": 0.001007, ""underwear"": 0.000293}",visual_review
bangdream_019_birthday_2021,classified,soft_review,"[""garter_straps"", ""soft_review_tag""]",rendered,src/data/deskpet/bangdream-rendered-resource-audit/rendered/bangdream_019_birthday_2021.png,completed,"{""1girl"": 0.996705, ""2girls"": 0.000192, ""animal"": 7e-05, ""animal_focus"": 3e-06, ""bare_shoulders"": 0.135652, ""bikini"": 8.1e-05, ""bird"": 7.5e-05, ""cleavage"": 0.002822, ""corset"": 0.238714, ""crop_top"": 5.1e-05, ""dog"": 4e-06, ""faceless"": 1.2e-05, ""food_focus"": 2e-06, ""garter_straps"": 0.943595, ""helmet"": 2.7e-05, ""lingerie"": 1.3e-05, ""looking_at_viewer"": 0.829293, ""mask"": 5.2e-05, ""midriff"": 0.000117, ""multiple_girls"": 0.000255, ""navel"": 0.000629, ""no_humans"": 1.4e-05, ""onsen"": 1e-06, ""panties"": 0.000265, ""penguin"": 1e-06, ""school_swimsuit"": 9e-06, ""solo"": 0.978462, ""swimsuit"": 0.000171, ""thighhighs"": 0.938029, ""underwear"": 0.000711}",visual_review
bangdream_019_delta,classified,soft_review,"[""cleavage"", ""soft_review_tag""]",rendered,src/data/deskpet/bangdream-rendered-resource-audit/rendered/bangdream_019_delta.png,completed,"{""1girl"": 0.99495, ""2girls"": 0.000307, ""animal"": 0.000103, ""animal_focus"": 8e-06, ""bare_shoulders"": 0.002696, ""bikini"": 0.000176, ""bird"": 0.000137, ""cleavage"": 0.752821, ""corset"": 0.000331, ""crop_top"": 0.000303, ""dog"": 1.5e-05, ""faceless"": 5e-06, ""food_focus"": 6e-06, ""garter_straps"": 5.9e-05, ""helmet"": 1.4e-05, ""lingerie"": 1.1e-05, ""looking_at_viewer"": 0.599528, ""mask"": 3e-05, ""midriff"": 0.000279, ""multiple_girls"": 0.000515, ""navel"": 0.000715, ""no_humans"": 4.7e-05, ""onsen"": 3e-06, ""panties"": 0.000313, ""penguin"": 1e-06, ""school_swimsuit"": 5e-06, ""solo"": 0.93142, ""swimsuit"": 0.000441, ""thighhighs"": 0.009678, ""underwear"": 0.000667}",visual_review
bangdream_019_dream_festival_2,classified,soft_review,"[""crop_top"", ""soft_review_tag""]",rendered,src/data/deskpet/bangdream-rendered-resource-audit/rendered/bangdream_019_dream_festival_2.png,completed,"{""1girl"": 0.996154, ""2girls"": 0.000235, ""animal"": 0.000265, ""animal_focus"": 1e-06, ""bare_shoulders"": 0.012541, ""bikini"": 8.8e-05, ""bird"": 3.6e-05, ""cleavage"": 0.332334, ""corset"": 2e-06, ""crop_top"": 0.541574, ""dog"": 1.5e-05, ""faceless"": 4e-06, ""food_focus"": 0.0, ""garter_straps"": 1.6e-05, ""helmet"": 0.073025, ""lingerie"": 1.1e-05, ""looking_at_viewer"": 0.712606, ""mask"": 0.000123, ""midriff"": 0.079072, ""multiple_girls"": 0.00039, ""navel"": 0.004578, ""no_humans"": 1e-05, ""onsen"": 4e-06, ""panties"": 0.000988, ""penguin"": 0.0, ""school_swimsuit"": 2.8e-05, ""solo"": 0.952605, ""swimsuit"": 0.000206, ""thighhighs"": 0.000476, ""underwear"": 0.001962}",visual_review
bangdream_019_live_event_100_r,classified,soft_review,"[""garter_straps"", ""soft_review_tag""]",rendered,src/data/deskpet/bangdream-rendered-resource-audit/rendered/bangdream_019_live_event_100_r.png,completed,"{""1girl"": 0.997509, ""2girls"": 0.000147, ""animal"": 6.3e-05, ""animal_focus"": 4e-06, ""bare_shoulders"": 0.00195, ""bikini"": 5.3e-05, ""bird"": 7e-05, ""cleavage"": 0.003153, ""corset"": 0.165631, ""crop_top"": 0.000527, ""dog"": 8e-06, ""faceless"": 6e-06, ""food_focus"": 1e-06, ""garter_straps"": 0.798946, ""helmet"": 5.2e-05, ""lingerie"": 4.2e-05, ""looking_at_viewer"": 0.810387, ""mask"": 5e-05, ""midriff"": 0.000579, ""multiple_girls"": 0.000231, ""navel"": 0.001001, ""no_humans"": 2.2e-05, ""onsen"": 3e-06, ""panties"": 0.00027, ""penguin"": 0.0, ""school_swimsuit"": 2e-06, ""solo"": 0.965039, ""swimsuit"": 8.5e-05, ""thighhighs"": 0.480973, ""underwear"": 0.000857}",visual_review
bangdream_019_live_event_104_ssr,classified,soft_review,"[""cleavage"", ""garter_straps"", ""midriff"", ""navel"", ""soft_review_tag""]",rendered,src/data/deskpet/bangdream-rendered-resource-audit/rendered/bangdream_019_live_event_104_ssr.png,completed,"{""1girl"": 0.995253, ""2girls"": 0.000292, ""animal"": 0.000339, ""animal_focus"": 2e-06, ""bare_shoulders"": 0.129228, ""bikini"": 0.000131, ""bird"": 9.9e-05, ""cleavage"": 0.600158, ""corset"": 0.428112, ""crop_top"": 0.025236, ""dog"": 1.4e-05, ""faceless"": 1e-05, ""food_focus"": 1e-06, ""garter_straps"": 0.873864, ""helmet"": 2.6e-05, ""lingerie"": 0.000209, ""looking_at_viewer"": 0.783253, ""mask"": 8.9e-05, ""midriff"": 0.572993, ""multiple_girls"": 0.000523, ""navel"": 0.630846, ""no_humans"": 3.3e-05, ""onsen"": 3e-06, ""panties"": 0.000473, ""penguin"": 1.4e-05, ""school_swimsuit"": 4e-06, ""solo"": 0.973572, ""swimsuit"": 0.00027, ""thighhighs"": 0.980826, ""underwear"": 0.001261}",visual_review
bangdream_019_live_event_124_sr,classified,soft_review,"[""cleavage"", ""midriff"", ""navel"", ""soft_review_tag""]",rendered,src/data/deskpet/bangdream-rendered-resource-audit/rendered/bangdream_019_live_event_124_sr.png,completed,"{""1girl"": 0.995068, ""2girls"": 0.000463, ""animal"": 0.000213, ""animal_focus"": 1.1e-05, ""bare_shoulders"": 0.487971, ""bikini"": 0.0023, ""bird"": 5.6e-05, ""cleavage"": 0.615297, ""corset"": 0.000875, ""crop_top"": 0.301963, ""dog"": 7e-06, ""faceless"": 9e-06, ""food_focus"": 1e-06, ""garter_straps"": 0.002463, ""helmet"": 1.9e-05, ""lingerie"": 7.2e-05, ""looking_at_viewer"": 0.801995, ""mask"": 7.2e-05, ""midriff"": 0.522976, ""multiple_girls"": 0.000488, ""navel"": 0.862408, ""no_humans"": 3.9e-05, ""onsen"": 2e-06, ""panties"": 0.001307, ""penguin"": 8e-06, ""school_swimsuit"": 3.5e-05, ""solo"": 0.977987, ""swimsuit"": 0.004232, ""thighhighs"": 0.005288, ""underwear"": 0.001738}",visual_review
bangdream_019_live_event_199_ssr,classified,soft_review,"[""crop_top"", ""midriff"", ""navel"", ""soft_review_tag""]",rendered,src/data/deskpet/bangdream-rendered-resource-audit/rendered/bangdream_019_live_event_199_ssr.png,completed,"{""1girl"": 0.996277, ""2girls"": 0.000288, ""animal"": 0.000172, ""animal_focus"": 1e-06, ""bare_shoulders"": 0.005315, ""bikini"": 0.001019, ""bird"": 0.000106, ""cleavage"": 0.401965, ""corset"": 0.00016, ""crop_top"": 0.50621, ""dog"": 0.000233, ""faceless"": 3e-06, ""food_focus"": 0.0, ""garter_straps"": 0.001201, ""helmet"": 2.2e-05, ""lingerie"": 2.7e-05, ""looking_at_viewer"": 0.806737, ""mask"": 1.2e-05, ""midriff"": 0.845628, ""multiple_girls"": 0.000416, ""navel"": 0.85949, ""no_humans"": 1.8e-05, ""onsen"": 2e-06, ""panties"": 0.000519, ""penguin"": 2e-06, ""school_swimsuit"": 1.2e-05, ""solo"": 0.971107, ""swimsuit"": 0.001786, ""thighhighs"": 0.004587, ""underwear"": 0.00817}",visual_review
bangdream_019_live_event_19_ssr,classified,soft_review,"[""midriff"", ""navel"", ""soft_review_tag""]",rendered,src/data/deskpet/bangdream-rendered-resource-audit/rendered/bangdream_019_live_event_19_ssr.png,completed,"{""1girl"": 0.997062, ""2girls"": 0.000321, ""animal"": 8.1e-05, ""animal_focus"": 1e-06, ""bare_shoulders"": 0.001448, ""bikini"": 0.000147, ""bird"": 0.000172, ""cleavage"": 0.001541, ""corset"": 1.1e-05, ""crop_top"": 0.463267, ""dog"": 5.2e-05, ""faceless"": 2e-06, ""food_focus"": 0.0, ""garter_straps"": 4e-05, ""helmet"": 0.000475, ""lingerie"": 3e-06, ""looking_at_viewer"": 0.740808, ""mask"": 1.7e-05, ""midriff"": 0.87206, ""multiple_girls"": 0.000364, ""navel"": 0.878803, ""no_humans"": 2.8e-05, ""onsen"": 1e-06, ""panties"": 0.00055, ""penguin"": 2e-06, ""school_swimsuit"": 1e-06, ""solo"": 0.954921, ""swimsuit"": 0.000133, ""thighhighs"": 0.001726, ""underwear"": 0.001386}",visual_review
bangdream_019_live_event_207,classified,soft_review,"[""cleavage"", ""soft_review_tag""]",rendered,src/data/deskpet/bangdream-rendered-resource-audit/rendered/bangdream_019_live_event_207.png,completed,"{""1girl"": 0.99824, ""2girls"": 0.000131, ""animal"": 3.3e-05, ""animal_focus"": 1e-06, ""bare_shoulders"": 0.039497, ""bikini"": 0.000274, ""bird"": 3.7e-05, ""cleavage"": 0.608329, ""corset"": 2e-05, ""crop_top"": 0.325346, ""dog"": 1.8e-05, ""faceless"": 1.2e-05, ""food_focus"": 0.0, ""garter_straps"": 0.000105, ""helmet"": 2.5e-05, ""lingerie"": 5e-06, ""looking_at_viewer"": 0.920729, ""mask"": 4.5e-05, ""midriff"": 0.012685, ""multiple_girls"": 0.000174, ""navel"": 0.001241, ""no_humans"": 2.5e-05, ""onsen"": 0.0, ""panties"": 0.000198, ""penguin"": 1e-06, ""school_swimsuit"": 1e-06, ""solo"": 0.976184, ""swimsuit"": 0.000352, ""thighhighs"": 0.001858, ""underwear"": 0.000806}",visual_review
bangdream_019_live_event_226_ur,classified,soft_review,"[""crop_top"", ""midriff"", ""soft_review_tag""]",rendered,src/data/deskpet/bangdream-rendered-resource-audit/rendered/bangdream_019_live_event_226_ur.png,completed,"{""1girl"": 0.993037, ""2girls"": 0.000545, ""animal"": 0.000111, ""animal_focus"": 2e-06, ""bare_shoulders"": 0.009721, ""bikini"": 0.00035, ""bird"": 7.8e-05, ""cleavage"": 0.003767, ""corset"": 0.002496, ""crop_top"": 0.615781, ""dog"": 3e-06, ""faceless"": 7e-06, ""food_focus"": 1e-06, ""garter_straps"": 0.000659, ""helmet"": 4.9e-05, ""lingerie"": 8e-06, ""looking_at_viewer"": 0.821734, ""mask"": 0.00011, ""midriff"": 0.515057, ""multiple_girls"": 0.000418, ""navel"": 0.012581, ""no_humans"": 2.3e-05, ""onsen"": 2e-06, ""panties"": 0.000443, ""penguin"": 2e-06, ""school_swimsuit"": 2.6e-05, ""solo"": 0.946805, ""swimsuit"": 0.000726, ""thighhighs"": 0.003817, ""underwear"": 0.000942}",visual_review
bangdream_019_live_event_257_ur,classified,soft_review,"[""crop_top"", ""midriff"", ""soft_review_tag""]",rendered,src/data/deskpet/bangdream-rendered-resource-audit/rendered/bangdream_019_live_event_257_ur.png,completed,"{""1girl"": 0.998259, ""2girls"": 0.000225, ""animal"": 1.4e-05, ""animal_focus"": 0.0, ""bare_shoulders"": 0.002004, ""bikini"": 0.000171, ""bird"": 1.2e-05, ""cleavage"": 0.012273, ""corset"": 0.000118, ""crop_top"": 0.545667, ""dog"": 1e-06, ""faceless"": 6e-06, ""food_focus"": 0.0, ""garter_straps"": 0.000741, ""helmet"": 1.9e-05, ""lingerie"": 1.1e-05, ""looking_at_viewer"": 0.921782, ""mask"": 2.4e-05, ""midriff"": 0.515715, ""multiple_girls"": 0.000184, ""navel"": 0.053482, ""no_humans"": 8e-06, ""onsen"": 0.0, ""panties"": 0.000147, ""penguin"": 2e-06, ""school_swimsuit"": 1e-06, ""solo"": 0.984826, ""swimsuit"": 0.000303, ""thighhighs"": 0.06358, ""underwear"": 0.000478}",visual_review
bangdream_019_live_event_300_ur,classified,soft_review,"[""cleavage"", ""midriff"", ""navel"", ""soft_review_tag""]",rendered,src/data/deskpet/bangdream-rendered-resource-audit/rendered/bangdream_019_live_event_300_ur.png,completed,"{""1girl"": 0.997044, ""2girls"": 0.000311, ""animal"": 9.2e-05, ""animal_focus"": 3e-06, ""bare_shoulders"": 0.008178, ""bikini"": 9.7e-05, ""bird"": 8.5e-05, ""cleavage"": 0.911888, ""corset"": 0.000117, ""crop_top"": 0.166393, ""dog"": 1.4e-05, ""faceless"": 2.8e-05, ""food_focus"": 0.0, ""garter_straps"": 0.00898, ""helmet"": 0.00014, ""lingerie"": 9.7e-05, ""looking_at_viewer"": 0.869439, ""mask"": 9.6e-05, ""midriff"": 0.611327, ""multiple_girls"": 0.000372, ""navel"": 0.945784, ""no_humans"": 8e-06, ""onsen"": 2e-06, ""panties"": 0.001765, ""penguin"": 2.9e-05, ""school_swimsuit"": 1.4e-05, ""solo"": 0.97145, ""swimsuit"": 0.000139, ""thighhighs"": 0.25173, ""underwear"": 0.014585}",visual_review
bangdream_019_live_event_330_ur,classified,soft_review,"[""crop_top"", ""soft_review_tag""]",rendered,src/data/deskpet/bangdream-rendered-resource-audit/rendered/bangdream_019_live_event_330_ur.png,completed,"{""1girl"": 0.993515, ""2girls"": 0.000355, ""animal"": 0.00018, ""animal_focus"": 8e-06, ""bare_shoulders"": 0.461914, ""bikini"": 0.000227, ""bird"": 0.000126, ""cleavage"": 0.013883, ""corset"": 9.9e-05, ""crop_top"": 0.78661, ""dog"": 1.8e-05, ""faceless"": 7e-06, ""food_focus"": 1e-06, ""garter_straps"": 0.003232, ""helmet"": 6e-06, ""lingerie"": 0.000673, ""looking_at_viewer"": 0.724384, ""mask"": 0.000139, ""midriff"": 0.154736, ""multiple_girls"": 0.000331, ""navel"": 0.002613, ""no_humans"": 4.4e-05, ""onsen"": 6e-06, ""panties"": 0.019801, ""penguin"": 0.0, ""school_swimsuit"": 1e-05, ""solo"": 0.958873, ""swimsuit"": 0.000393, ""thighhighs"": 0.006043, ""underwear"": 0.077133}",visual_review
bangdream_019_live_event_33_ssr,classified,soft_review,"[""midriff"", ""navel"", ""soft_review_tag""]",rendered,src/data/deskpet/bangdream-rendered-resource-audit/rendered/bangdream_019_live_event_33_ssr.png,completed,"{""1girl"": 0.996433, ""2girls"": 0.000268, ""animal"": 5.5e-05, ""animal_focus"": 6e-06, ""bare_shoulders"": 0.002919, ""bikini"": 0.000186, ""bird"": 7.6e-05, ""cleavage"": 0.003815, ""corset"": 0.000344, ""crop_top"": 0.479644, ""dog"": 5e-06, ""faceless"": 4e-06, ""food_focus"": 0.0, ""garter_straps"": 8.4e-05, ""helmet"": 1.9e-05, ""lingerie"": 1.4e-05, ""looking_at_viewer"": 0.706054, ""mask"": 5.8e-05, ""midriff"": 0.640415, ""multiple_girls"": 0.000425, ""navel"": 0.906921, ""no_humans"": 1.2e-05, ""onsen"": 1e-06, ""panties"": 0.00036, ""penguin"": 1e-06, ""school_swimsuit"": 7e-06, ""solo"": 0.977774, ""swimsuit"": 0.000315, ""thighhighs"": 0.61944, ""underwear"": 0.000835}",visual_review
bangdream_019_live_event_46_sr,classified,soft_review,"[""crop_top"", ""garter_straps"", ""midriff"", ""navel"", ""soft_review_tag""]",rendered,src/data/deskpet/bangdream-rendered-resource-audit/rendered/bangdream_019_live_event_46_sr.png,completed,"{""1girl"": 0.994418, ""2girls"": 0.000463, ""animal"": 5.5e-05, ""animal_focus"": 9e-06, ""bare_shoulders"": 0.577599, ""bikini"": 0.000209, ""bird"": 6.2e-05, ""cleavage"": 0.003508, ""corset"": 0.004848, ""crop_top"": 0.781943, ""dog"": 4e-06, ""faceless"": 5.1e-05, ""food_focus"": 0.0, ""garter_straps"": 0.885907, ""helmet"": 0.000103, ""lingerie"": 0.000133, ""looking_at_viewer"": 0.806709, ""mask"": 5.7e-05, ""midriff"": 0.785794, ""multiple_girls"": 0.000564, ""navel"": 0.937835, ""no_humans"": 3.9e-05, ""onsen"": 1e-06, ""panties"": 0.000365, ""penguin"": 1e-06, ""school_swimsuit"": 7e-06, ""solo"": 0.972614, ""swimsuit"": 0.000516, ""thighhighs"": 0.90304, ""underwear"": 0.000569}",visual_review
bangdream_019_live_event_56_sr,classified,soft_review,"[""midriff"", ""navel"", ""soft_review_tag""]",rendered,src/data/deskpet/bangdream-rendered-resource-audit/rendered/bangdream_019_live_event_56_sr.png,completed,"{""1girl"": 0.995967, ""2girls"": 0.000389, ""animal"": 0.000682, ""animal_focus"": 2.3e-05, ""bare_shoulders"": 0.011747, ""bikini"": 0.000317, ""bird"": 0.000133, ""cleavage"": 0.013151, ""corset"": 0.000613, ""crop_top"": 0.296688, ""dog"": 3.9e-05, ""faceless"": 6e-05, ""food_focus"": 0.0, ""garter_straps"": 8.8e-05, ""helmet"": 3.5e-05, ""lingerie"": 7.3e-05, ""looking_at_viewer"": 0.525337, ""mask"": 0.000134, ""midriff"": 0.596377, ""multiple_girls"": 0.000579, ""navel"": 0.898784, ""no_humans"": 2.5e-05, ""onsen"": 2e-06, ""panties"": 0.000655, ""penguin"": 7e-06, ""school_swimsuit"": 1.4e-05, ""solo"": 0.953553, ""swimsuit"": 0.000598, ""thighhighs"": 0.006087, ""underwear"": 0.001343}",visual_review
bangdream_019_live_event_84_ssr,classified,soft_review,"[""garter_straps"", ""soft_review_tag""]",rendered,src/data/deskpet/bangdream-rendered-resource-audit/rendered/bangdream_019_live_event_84_ssr.png,completed,"{""1girl"": 0.996963, ""2girls"": 0.00025, ""animal"": 1.2e-05, ""animal_focus"": 2e-06, ""bare_shoulders"": 0.003131, ""bikini"": 7.5e-05, ""bird"": 6.1e-05, ""cleavage"": 0.002046, ""corset"": 0.002337, ""crop_top"": 0.000244, ""dog"": 1e-06, ""faceless"": 1.7e-05, ""food_focus"": 0.0, ""garter_straps"": 0.75743, ""helmet"": 5.1e-05, ""lingerie"": 3e-06, ""looking_at_viewer"": 0.742561, ""mask"": 9.7e-05, ""midriff"": 0.000757, ""multiple_girls"": 0.000371, ""navel"": 0.001731, ""no_humans"": 1.2e-05, ""onsen"": 4e-06, ""panties"": 0.000174, ""penguin"": 0.0, ""school_swimsuit"": 1.4e-05, ""solo"": 0.978484, ""swimsuit"": 0.000113, ""thighhighs"": 0.926287, ""underwear"": 0.000443}",visual_review
bangdream_019_live_event_96_sr,classified,soft_review,"[""crop_top"", ""midriff"", ""navel"", ""soft_review_tag""]",rendered,src/data/deskpet/bangdream-rendered-resource-audit/rendered/bangdream_019_live_event_96_sr.png,completed,"{""1girl"": 0.990817, ""2girls"": 0.000328, ""animal"": 5.2e-05, ""animal_focus"": 7e-06, ""bare_shoulders"": 0.003237, ""bikini"": 0.000188, ""bird"": 3.6e-05, ""cleavage"": 0.008831, ""corset"": 8.4e-05, ""crop_top"": 0.591325, ""dog"": 7e-06, ""faceless"": 1e-06, ""food_focus"": 0.0, ""garter_straps"": 0.000194, ""helmet"": 9e-06, ""lingerie"": 4e-05, ""looking_at_viewer"": 0.799663, ""mask"": 4.1e-05, ""midriff"": 0.85674, ""multiple_girls"": 0.00035, ""navel"": 0.829003, ""no_humans"": 4.5e-05, ""onsen"": 2e-06, ""panties"": 0.000339, ""penguin"": 1e-06, ""school_swimsuit"": 2e-06, ""solo"": 0.936612, ""swimsuit"": 0.000363, ""thighhighs"": 0.004119, ""underwear"": 0.000953}",visual_review
bangdream_020_2018_dog,classified,soft_review,"[""qualification_review"", ""variant_keyword:dog""]",rendered,src/data/deskpet/bangdream-rendered-resource-audit/rendered/bangdream_020_2018_dog.png,completed,"{""1girl"": 0.997679, ""2girls"": 0.000151, ""animal"": 0.000172, ""animal_focus"": 1e-06, ""bare_shoulders"": 0.000967, ""bikini"": 0.000125, ""bird"": 4.9e-05, ""cleavage"": 0.026953, ""corset"": 5e-06, ""crop_top"": 0.224032, ""dog"": 3.9e-05, ""faceless"": 2e-06, ""food_focus"": 0.0, ""garter_straps"": 1.5e-05, ""helmet"": 4e-06, ""lingerie"": 1e-06, ""looking_at_viewer"": 0.89291, ""mask"": 6.8e-05, ""midriff"": 0.404838, ""multiple_girls"": 0.000214, ""navel"": 0.733437, ""no_humans"": 1.1e-05, ""onsen"": 0.0, ""panties"": 6.9e-05, ""penguin"": 1e-06, ""school_swimsuit"": 4e-06, ""solo"": 0.986923, ""swimsuit"": 0.000188, ""thighhighs"": 0.000913, ""underwear"": 0.000216}",visual_review
bangdream_020_2021af,classified,soft_review,"[""helmet"", ""qualification_review""]",rendered,src/data/deskpet/bangdream-rendered-resource-audit/rendered/bangdream_020_2021af.png,completed,"{""1girl"": 0.995594, ""2girls"": 0.000143, ""animal"": 2.9e-05, ""animal_focus"": 0.0, ""bare_shoulders"": 0.000382, ""bikini"": 2.9e-05, ""bird"": 7.5e-05, ""cleavage"": 0.000202, ""corset"": 5e-06, ""crop_top"": 9e-06, ""dog"": 3e-06, ""faceless"": 9e-06, ""food_focus"": 0.0, ""garter_straps"": 2.4e-05, ""helmet"": 0.977105, ""lingerie"": 0.0, ""looking_at_viewer"": 0.754354, ""mask"": 3.9e-05, ""midriff"": 0.000249, ""multiple_girls"": 0.000289, ""navel"": 0.000324, ""no_humans"": 1.6e-05, ""onsen"": 0.0, ""panties"": 6.2e-05, ""penguin"": 0.0, ""school_swimsuit"": 1e-06, ""solo"": 0.941641, ""swimsuit"": 5.2e-05, ""thighhighs"": 0.001477, ""underwear"": 0.000104}",visual_review
bangdream_020_delta,classified,soft_review,"[""cleavage"", ""soft_review_tag""]",rendered,src/data/deskpet/bangdream-rendered-resource-audit/rendered/bangdream_020_delta.png,completed,"{""1girl"": 0.995824, ""2girls"": 0.000298, ""animal"": 3.7e-05, ""animal_focus"": 1e-06, ""bare_shoulders"": 0.00284, ""bikini"": 0.000253, ""bird"": 0.000159, ""cleavage"": 0.868735, ""corset"": 0.000283, ""crop_top"": 5.3e-05, ""dog"": 4e-06, ""faceless"": 5e-06, ""food_focus"": 4e-06, ""garter_straps"": 2.7e-05, ""helmet"": 9e-06, ""lingerie"": 1.3e-05, ""looking_at_viewer"": 0.682637, ""mask"": 1.4e-05, ""midriff"": 0.000271, ""multiple_girls"": 0.000608, ""navel"": 0.001287, ""no_humans"": 3.5e-05, ""onsen"": 1e-06, ""panties"": 0.000226, ""penguin"": 1e-06, ""school_swimsuit"": 5e-06, ""solo"": 0.817002, ""swimsuit"": 0.000555, ""thighhighs"": 0.005033, ""underwear"": 0.000765}",visual_review
bangdream_020_dream_festival_3_ur,classified,soft_review,"[""cleavage"", ""soft_review_tag""]",rendered,src/data/deskpet/bangdream-rendered-resource-audit/rendered/bangdream_020_dream_festival_3_ur.png,completed,"{""1girl"": 0.996417, ""2girls"": 0.000359, ""animal"": 0.000231, ""animal_focus"": 3e-06, ""bare_shoulders"": 0.462803, ""bikini"": 0.000252, ""bird"": 0.000183, ""cleavage"": 0.567906, ""corset"": 0.000483, ""crop_top"": 6.3e-05, ""dog"": 4e-06, ""faceless"": 5e-06, ""food_focus"": 1e-06, ""garter_straps"": 9.3e-05, ""helmet"": 7e-06, ""lingerie"": 6.8e-05, ""looking_at_viewer"": 0.736494, ""mask"": 6.6e-05, ""midriff"": 0.000359, ""multiple_girls"": 0.000435, ""navel"": 0.001845, ""no_humans"": 4.1e-05, ""onsen"": 1e-06, ""panties"": 0.000309, ""penguin"": 1e-06, ""school_swimsuit"": 3e-06, ""solo"": 0.909069, ""swimsuit"": 0.000589, ""thighhighs"": 0.007284, ""underwear"": 0.000968}",visual_review
bangdream_020_live_event_07_r,classified,soft_review,"[""cleavage"", ""soft_review_tag""]",rendered,src/data/deskpet/bangdream-rendered-resource-audit/rendered/bangdream_020_live_event_07_r.png,completed,"{""1girl"": 0.998349, ""2girls"": 0.000123, ""animal"": 4.8e-05, ""animal_focus"": 0.0, ""bare_shoulders"": 0.000786, ""bikini"": 0.000125, ""bird"": 7.5e-05, ""cleavage"": 0.601083, ""corset"": 1.5e-05, ""crop_top"": 3e-05, ""dog"": 4e-06, ""faceless"": 2e-06, ""food_focus"": 0.0, ""garter_straps"": 3.9e-05, ""helmet"": 5e-06, ""lingerie"": 1e-06, ""looking_at_viewer"": 0.723786, ""mask"": 4.8e-05, ""midriff"": 0.000389, ""multiple_girls"": 0.000154, ""navel"": 0.000613, ""no_humans"": 1e-06, ""onsen"": 0.0, ""panties"": 0.000108, ""penguin"": 0.0, ""school_swimsuit"": 1e-06, ""solo"": 0.97261, ""swimsuit"": 0.000241, ""thighhighs"": 0.000682, ""underwear"": 0.000456}",visual_review
bangdream_020_live_event_104_sr,classified,soft_review,"[""cleavage"", ""soft_review_tag""]",rendered,src/data/deskpet/bangdream-rendered-resource-audit/rendered/bangdream_020_live_event_104_sr.png,completed,"{""1girl"": 0.996712, ""2girls"": 0.00033, ""animal"": 5.3e-05, ""animal_focus"": 1e-06, ""bare_shoulders"": 0.008354, ""bikini"": 0.000144, ""bird"": 0.000116, ""cleavage"": 0.523902, ""corset"": 0.001732, ""crop_top"": 0.012565, ""dog"": 2e-06, ""faceless"": 2e-06, ""food_focus"": 1e-06, ""garter_straps"": 0.003204, ""helmet"": 1.3e-05, ""lingerie"": 1.5e-05, ""looking_at_viewer"": 0.872472, ""mask"": 4.6e-05, ""midriff"": 0.405733, ""multiple_girls"": 0.000384, ""navel"": 0.024122, ""no_humans"": 7e-06, ""onsen"": 1e-06, ""panties"": 0.000311, ""penguin"": 7e-06, ""school_swimsuit"": 5e-06, ""solo"": 0.971665, ""swimsuit"": 0.000344, ""thighhighs"": 0.937613, ""underwear"": 0.000853}",visual_review
bangdream_020_live_event_278_ur,classified,soft_review,"[""garter_straps"", ""soft_review_tag""]",rendered,src/data/deskpet/bangdream-rendered-resource-audit/rendered/bangdream_020_live_event_278_ur.png,completed,"{""1girl"": 0.99823, ""2girls"": 0.000157, ""animal"": 0.000142, ""animal_focus"": 1e-06, ""bare_shoulders"": 0.58142, ""bikini"": 0.000269, ""bird"": 0.000137, ""cleavage"": 0.011199, ""corset"": 0.013194, ""crop_top"": 0.00014, ""dog"": 6e-06, ""faceless"": 8e-06, ""food_focus"": 1e-06, ""garter_straps"": 0.841725, ""helmet"": 5e-06, ""lingerie"": 4e-05, ""looking_at_viewer"": 0.8442, ""mask"": 6.6e-05, ""midriff"": 0.000282, ""multiple_girls"": 0.000149, ""navel"": 0.000946, ""no_humans"": 7e-06, ""onsen"": 2e-06, ""panties"": 0.000242, ""penguin"": 2e-06, ""school_swimsuit"": 2e-06, ""solo"": 0.978235, ""swimsuit"": 0.000254, ""thighhighs"": 0.967696, ""underwear"": 0.000746}",visual_review
bangdream_020_live_event_34_sr,classified,soft_review,"[""cleavage"", ""soft_review_tag""]",rendered,src/data/deskpet/bangdream-rendered-resource-audit/rendered/bangdream_020_live_event_34_sr.png,completed,"{""1girl"": 0.997684, ""2girls"": 0.000194, ""animal"": 0.000149, ""animal_focus"": 3e-06, ""bare_shoulders"": 0.005589, ""bikini"": 0.000312, ""bird"": 3.9e-05, ""cleavage"": 0.77461, ""corset"": 0.020656, ""crop_top"": 0.000766, ""dog"": 3e-06, ""faceless"": 9e-06, ""food_focus"": 0.0, ""garter_straps"": 0.000148, ""helmet"": 1e-05, ""lingerie"": 2.5e-05, ""looking_at_viewer"": 0.909739, ""mask"": 3.6e-05, ""midriff"": 0.000631, ""multiple_girls"": 0.000238, ""navel"": 0.002457, ""no_humans"": 1e-05, ""onsen"": 0.0, ""panties"": 0.000208, ""penguin"": 1e-06, ""school_swimsuit"": 9e-06, ""solo"": 0.98584, ""swimsuit"": 0.00047, ""thighhighs"": 0.004028, ""underwear"": 0.000601}",visual_review
bangdream_020_live_event_46_sr,classified,soft_review,"[""garter_straps"", ""midriff"", ""navel"", ""soft_review_tag""]",rendered,src/data/deskpet/bangdream-rendered-resource-audit/rendered/bangdream_020_live_event_46_sr.png,completed,"{""1girl"": 0.998067, ""2girls"": 0.000148, ""animal"": 5.7e-05, ""animal_focus"": 0.0, ""bare_shoulders"": 0.171804, ""bikini"": 0.000287, ""bird"": 2.8e-05, ""cleavage"": 0.003461, ""corset"": 0.000529, ""crop_top"": 0.402277, ""dog"": 0.0, ""faceless"": 2.4e-05, ""food_focus"": 0.0, ""garter_straps"": 0.937797, ""helmet"": 9e-06, ""lingerie"": 3.5e-05, ""looking_at_viewer"": 0.877905, ""mask"": 0.000177, ""midriff"": 0.730406, ""multiple_girls"": 0.000212, ""navel"": 0.940871, ""no_humans"": 8e-06, ""onsen"": 0.0, ""panties"": 0.000269, ""penguin"": 0.0, ""school_swimsuit"": 2e-06, ""solo"": 0.988661, ""swimsuit"": 0.000408, ""thighhighs"": 0.940252, ""underwear"": 0.000711}",visual_review
bangdream_020_live_event_63_sr,classified,soft_review,"[""midriff"", ""navel"", ""soft_review_tag""]",rendered,src/data/deskpet/bangdream-rendered-resource-audit/rendered/bangdream_020_live_event_63_sr.png,completed,"{""1girl"": 0.998906, ""2girls"": 6.3e-05, ""animal"": 8e-05, ""animal_focus"": 1e-06, ""bare_shoulders"": 0.004238, ""bikini"": 0.0001, ""bird"": 3.2e-05, ""cleavage"": 0.001476, ""corset"": 4.1e-05, ""crop_top"": 0.116161, ""dog"": 3e-06, ""faceless"": 5e-06, ""food_focus"": 0.0, ""garter_straps"": 5.2e-05, ""helmet"": 6e-06, ""lingerie"": 2.9e-05, ""looking_at_viewer"": 0.910403, ""mask"": 0.000166, ""midriff"": 0.760859, ""multiple_girls"": 9.9e-05, ""navel"": 0.897066, ""no_humans"": 5e-06, ""onsen"": 0.0, ""panties"": 0.000209, ""penguin"": 1e-06, ""school_swimsuit"": 3e-06, ""solo"": 0.989819, ""swimsuit"": 0.000126, ""thighhighs"": 0.968932, ""underwear"": 0.000752}",visual_review
bangdream_020_live_event_93_r,classified,soft_review,"[""cleavage"", ""soft_review_tag""]",rendered,src/data/deskpet/bangdream-rendered-resource-audit/rendered/bangdream_020_live_event_93_r.png,completed,"{""1girl"": 0.998166, ""2girls"": 0.000178, ""animal"": 0.001087, ""animal_focus"": 1e-06, ""bare_shoulders"": 0.001182, ""bikini"": 0.000127, ""bird"": 0.000175, ""cleavage"": 0.9295, ""corset"": 2.5e-05, ""crop_top"": 0.000112, ""dog"": 4e-06, ""faceless"": 1.2e-05, ""food_focus"": 0.0, ""garter_straps"": 5.7e-05, ""helmet"": 1e-05, ""lingerie"": 6e-06, ""looking_at_viewer"": 0.74787, ""mask"": 2.3e-05, ""midriff"": 0.000556, ""multiple_girls"": 0.000236, ""navel"": 0.000781, ""no_humans"": 3e-06, ""onsen"": 0.0, ""panties"": 0.000239, ""penguin"": 0.0, ""school_swimsuit"": 7e-06, ""solo"": 0.965655, ""swimsuit"": 0.000239, ""thighhighs"": 0.002392, ""underwear"": 0.000706}",visual_review
bangdream_020_live_event_96_ssr,classified,soft_review,"[""midriff"", ""navel"", ""soft_review_tag""]",rendered,src/data/deskpet/bangdream-rendered-resource-audit/rendered/bangdream_020_live_event_96_ssr.png,completed,"{""1girl"": 0.997957, ""2girls"": 0.000135, ""animal"": 6e-05, ""animal_focus"": 0.0, ""bare_shoulders"": 0.025247, ""bikini"": 0.000311, ""bird"": 7.5e-05, ""cleavage"": 0.019687, ""corset"": 0.000198, ""crop_top"": 0.419941, ""dog"": 2e-06, ""faceless"": 1e-06, ""food_focus"": 0.0, ""garter_straps"": 0.001844, ""helmet"": 1.1e-05, ""lingerie"": 7e-05, ""looking_at_viewer"": 0.919291, ""mask"": 2.5e-05, ""midriff"": 0.726247, ""multiple_girls"": 0.000192, ""navel"": 0.76516, ""no_humans"": 9e-06, ""onsen"": 0.0, ""panties"": 0.000787, ""penguin"": 0.0, ""school_swimsuit"": 3e-06, ""solo"": 0.971814, ""swimsuit"": 0.000916, ""thighhighs"": 0.972444, ""underwear"": 0.00412}",visual_review
bangdream_021_2018_dog,classified,soft_review,"[""qualification_review"", ""variant_keyword:dog""]",rendered,src/data/deskpet/bangdream-rendered-resource-audit/rendered/bangdream_021_2018_dog.png,completed,"{""1girl"": 0.998447, ""2girls"": 0.00014, ""animal"": 0.000269, ""animal_focus"": 0.0, ""bare_shoulders"": 0.00136, ""bikini"": 9.7e-05, ""bird"": 3.7e-05, ""cleavage"": 0.000709, ""corset"": 4.2e-05, ""crop_top"": 1.8e-05, ""dog"": 3.5e-05, ""faceless"": 9e-06, ""food_focus"": 0.0, ""garter_straps"": 5.6e-05, ""helmet"": 2.2e-05, ""lingerie"": 6e-06, ""looking_at_viewer"": 0.747233, ""mask"": 4.6e-05, ""midriff"": 5.1e-05, ""multiple_girls"": 0.000261, ""navel"": 0.000505, ""no_humans"": 5e-06, ""onsen"": 0.0, ""panties"": 0.000193, ""penguin"": 0.0, ""school_swimsuit"": 1.1e-05, ""solo"": 0.985933, ""swimsuit"": 0.000157, ""thighhighs"": 0.004223, ""underwear"": 0.00056}",visual_review
bangdream_021_2021af,classified,soft_review,"[""helmet"", ""qualification_review""]",rendered,src/data/deskpet/bangdream-rendered-resource-audit/rendered/bangdream_021_2021af.png,completed,"{""1girl"": 0.995151, ""2girls"": 0.000231, ""animal"": 0.000112, ""animal_focus"": 0.0, ""bare_shoulders"": 0.000787, ""bikini"": 4.8e-05, ""bird"": 4.4e-05, ""cleavage"": 0.000411, ""corset"": 0.000301, ""crop_top"": 8e-05, ""dog"": 3e-06, ""faceless"": 4e-06, ""food_focus"": 0.0, ""garter_straps"": 7e-06, ""helmet"": 0.99352, ""lingerie"": 3e-06, ""looking_at_viewer"": 0.733417, ""mask"": 0.000106, ""midriff"": 0.00023, ""multiple_girls"": 0.000502, ""navel"": 0.000443, ""no_humans"": 6e-06, ""onsen"": 0.0, ""panties"": 0.000135, ""penguin"": 0.0, ""school_swimsuit"": 3e-06, ""solo"": 0.933847, ""swimsuit"": 7.9e-05, ""thighhighs"": 0.001038, ""underwear"": 0.000176}",visual_review
bangdream_021_collabo_d_2_ur,classified,soft_review,"[""garter_straps"", ""soft_review_tag""]",rendered,src/data/deskpet/bangdream-rendered-resource-audit/rendered/bangdream_021_collabo_d_2_ur.png,completed,"{""1girl"": 0.995428, ""2girls"": 0.000356, ""animal"": 1.5e-05, ""animal_focus"": 0.0, ""bare_shoulders"": 0.025201, ""bikini"": 0.000185, ""bird"": 2.7e-05, ""cleavage"": 0.02073, ""corset"": 6e-05, ""crop_top"": 0.000322, ""dog"": 2e-06, ""faceless"": 3.9e-05, ""food_focus"": 0.0, ""garter_straps"": 0.889498, ""helmet"": 1.4e-05, ""lingerie"": 2.6e-05, ""looking_at_viewer"": 0.723749, ""mask"": 0.000673, ""midriff"": 0.00103, ""multiple_girls"": 0.000942, ""navel"": 0.002819, ""no_humans"": 2.3e-05, ""onsen"": 1e-06, ""panties"": 0.000534, ""penguin"": 0.0, ""school_swimsuit"": 5e-06, ""solo"": 0.948028, ""swimsuit"": 0.000314, ""thighhighs"": 0.883521, ""underwear"": 0.001229}",visual_review
bangdream_021_fantasy,classified,soft_review,"[""garter_straps"", ""midriff"", ""soft_review_tag""]",rendered,src/data/deskpet/bangdream-rendered-resource-audit/rendered/bangdream_021_fantasy.png,completed,"{""1girl"": 0.99882, ""2girls"": 0.000146, ""animal"": 0.000263, ""animal_focus"": 2e-06, ""bare_shoulders"": 0.002595, ""bikini"": 0.004205, ""bird"": 0.000113, ""cleavage"": 0.134963, ""corset"": 0.002131, ""crop_top"": 0.058612, ""dog"": 2e-06, ""faceless"": 2.9e-05, ""food_focus"": 0.0, ""garter_straps"": 0.858142, ""helmet"": 1.6e-05, ""lingerie"": 0.000349, ""looking_at_viewer"": 0.853777, ""mask"": 5.8e-05, ""midriff"": 0.538877, ""multiple_girls"": 0.000184, ""navel"": 0.138932, ""no_humans"": 1.8e-05, ""onsen"": 1e-06, ""panties"": 0.007238, ""penguin"": 0.0, ""school_swimsuit"": 1e-05, ""solo"": 0.985708, ""swimsuit"": 0.004477, ""thighhighs"": 0.96925, ""underwear"": 0.313287}",visual_review
bangdream_021_live_event_127_ssr,classified,soft_review,"[""garter_straps"", ""soft_review_tag""]",rendered,src/data/deskpet/bangdream-rendered-resource-audit/rendered/bangdream_021_live_event_127_ssr.png,completed,"{""1girl"": 0.997023, ""2girls"": 0.000128, ""animal"": 6.2e-05, ""animal_focus"": 2e-06, ""bare_shoulders"": 0.001425, ""bikini"": 6.8e-05, ""bird"": 0.000112, ""cleavage"": 0.000304, ""corset"": 0.150016, ""crop_top"": 0.000185, ""dog"": 1e-06, ""faceless"": 1e-05, ""food_focus"": 0.0, ""garter_straps"": 0.839847, ""helmet"": 9e-06, ""lingerie"": 4.6e-05, ""looking_at_viewer"": 0.87771, ""mask"": 7.6e-05, ""midriff"": 0.000776, ""multiple_girls"": 0.000245, ""navel"": 0.000741, ""no_humans"": 2.6e-05, ""onsen"": 0.0, ""panties"": 0.000386, ""penguin"": 1e-06, ""school_swimsuit"": 3e-06, ""solo"": 0.986422, ""swimsuit"": 8.5e-05, ""thighhighs"": 0.975024, ""underwear"": 0.004181}",visual_review
bangdream_021_live_event_25_sr,classified,soft_review,"[""crop_top"", ""midriff"", ""navel"", ""soft_review_tag""]",rendered,src/data/deskpet/bangdream-rendered-resource-audit/rendered/bangdream_021_live_event_25_sr.png,completed,"{""1girl"": 0.998923, ""2girls"": 0.000131, ""animal"": 5.2e-05, ""animal_focus"": 0.0, ""bare_shoulders"": 0.686188, ""bikini"": 0.000198, ""bird"": 1.6e-05, ""cleavage"": 0.00103, ""corset"": 0.00025, ""crop_top"": 0.79662, ""dog"": 2e-06, ""faceless"": 3e-06, ""food_focus"": 0.0, ""garter_straps"": 0.000238, ""helmet"": 4.5e-05, ""lingerie"": 1.4e-05, ""looking_at_viewer"": 0.899506, ""mask"": 1.6e-05, ""midriff"": 0.972409, ""multiple_girls"": 0.000155, ""navel"": 0.987682, ""no_humans"": 3e-06, ""onsen"": 0.0, ""panties"": 0.000266, ""penguin"": 0.0, ""school_swimsuit"": 4e-06, ""solo"": 0.98304, ""swimsuit"": 0.000298, ""thighhighs"": 0.002034, ""underwear"": 0.000553}",visual_review
bangdream_021_live_event_291_r,classified,soft_review,"[""garter_straps"", ""soft_review_tag""]",rendered,src/data/deskpet/bangdream-rendered-resource-audit/rendered/bangdream_021_live_event_291_r.png,completed,"{""1girl"": 0.998618, ""2girls"": 0.000175, ""animal"": 6.3e-05, ""animal_focus"": 0.0, ""bare_shoulders"": 0.000438, ""bikini"": 2.4e-05, ""bird"": 6.1e-05, ""cleavage"": 0.000626, ""corset"": 0.000166, ""crop_top"": 8.2e-05, ""dog"": 1e-06, ""faceless"": 8e-06, ""food_focus"": 0.0, ""garter_straps"": 0.948648, ""helmet"": 1.2e-05, ""lingerie"": 9e-06, ""looking_at_viewer"": 0.837807, ""mask"": 8.5e-05, ""midriff"": 0.000146, ""multiple_girls"": 0.000196, ""navel"": 0.000475, ""no_humans"": 7e-06, ""onsen"": 1e-06, ""panties"": 0.000167, ""penguin"": 0.0, ""school_swimsuit"": 7e-06, ""solo"": 0.984453, ""swimsuit"": 5.1e-05, ""thighhighs"": 0.929471, ""underwear"": 0.000357}",visual_review
bangdream_021_live_event_43_ssr,classified,soft_review,"[""garter_straps"", ""soft_review_tag""]",rendered,src/data/deskpet/bangdream-rendered-resource-audit/rendered/bangdream_021_live_event_43_ssr.png,completed,"{""1girl"": 0.997909, ""2girls"": 0.000244, ""animal"": 8.8e-05, ""animal_focus"": 1e-06, ""bare_shoulders"": 0.000872, ""bikini"": 6.3e-05, ""bird"": 3.9e-05, ""cleavage"": 0.00086, ""corset"": 0.033902, ""crop_top"": 0.000296, ""dog"": 2e-06, ""faceless"": 1e-06, ""food_focus"": 0.0, ""garter_straps"": 0.742287, ""helmet"": 2e-05, ""lingerie"": 1.4e-05, ""looking_at_viewer"": 0.832046, ""mask"": 0.000173, ""midriff"": 0.000456, ""multiple_girls"": 0.000285, ""navel"": 0.000573, ""no_humans"": 6.1e-05, ""onsen"": 1e-06, ""panties"": 0.000239, ""penguin"": 1e-06, ""school_swimsuit"": 4e-06, ""solo"": 0.970739, ""swimsuit"": 0.000105, ""thighhighs"": 0.756148, ""underwear"": 0.000511}",visual_review
bangdream_021_live_event_52_ssr,classified,soft_review,"[""midriff"", ""navel"", ""soft_review_tag""]",rendered,src/data/deskpet/bangdream-rendered-resource-audit/rendered/bangdream_021_live_event_52_ssr.png,completed,"{""1girl"": 0.997918, ""2girls"": 0.000222, ""animal"": 0.0004, ""animal_focus"": 3e-06, ""bare_shoulders"": 0.304492, ""bikini"": 0.00098, ""bird"": 0.000111, ""cleavage"": 0.01055, ""corset"": 0.000222, ""crop_top"": 0.444318, ""dog"": 8e-06, ""faceless"": 1.1e-05, ""food_focus"": 0.0, ""garter_straps"": 0.000234, ""helmet"": 2e-05, ""lingerie"": 0.000232, ""looking_at_viewer"": 0.719507, ""mask"": 5.2e-05, ""midriff"": 0.543093, ""multiple_girls"": 0.000277, ""navel"": 0.90073, ""no_humans"": 1.3e-05, ""onsen"": 0.0, ""panties"": 0.025577, ""penguin"": 4e-06, ""school_swimsuit"": 2.9e-05, ""solo"": 0.975674, ""swimsuit"": 0.002176, ""thighhighs"": 0.003049, ""underwear"": 0.063171}",visual_review
bangdream_021_live_event_60_ssr,classified,soft_review,"[""midriff"", ""navel"", ""soft_review_tag""]",rendered,src/data/deskpet/bangdream-rendered-resource-audit/rendered/bangdream_021_live_event_60_ssr.png,completed,"{""1girl"": 0.997716, ""2girls"": 0.000203, ""animal"": 6.2e-05, ""animal_focus"": 1e-06, ""bare_shoulders"": 0.110448, ""bikini"": 0.00056, ""bird"": 0.000177, ""cleavage"": 0.00076, ""corset"": 0.009695, ""crop_top"": 0.133146, ""dog"": 5e-06, ""faceless"": 1.4e-05, ""food_focus"": 0.0, ""garter_straps"": 0.006747, ""helmet"": 1.3e-05, ""lingerie"": 2.5e-05, ""looking_at_viewer"": 0.740994, ""mask"": 0.000538, ""midriff"": 0.720872, ""multiple_girls"": 0.000257, ""navel"": 0.896986, ""no_humans"": 1.8e-05, ""onsen"": 0.0, ""panties"": 0.000576, ""penguin"": 2e-06, ""school_swimsuit"": 6e-06, ""solo"": 0.977808, ""swimsuit"": 0.000768, ""thighhighs"": 0.006595, ""underwear"": 0.001204}",visual_review
bangdream_021_live_event_95_sr,classified,soft_review,"[""mask"", ""qualification_review""]",rendered,src/data/deskpet/bangdream-rendered-resource-audit/rendered/bangdream_021_live_event_95_sr.png,completed,"{""1girl"": 0.996068, ""2girls"": 0.000474, ""animal"": 0.000448, ""animal_focus"": 2e-06, ""bare_shoulders"": 0.018017, ""bikini"": 8e-05, ""bird"": 9.2e-05, ""cleavage"": 0.000497, ""corset"": 0.00112, ""crop_top"": 0.000275, ""dog"": 6e-06, ""faceless"": 1.3e-05, ""food_focus"": 1e-06, ""garter_straps"": 2.6e-05, ""helmet"": 5e-05, ""lingerie"": 8e-06, ""looking_at_viewer"": 0.393646, ""mask"": 0.986114, ""midriff"": 0.000501, ""multiple_girls"": 0.00037, ""navel"": 0.000688, ""no_humans"": 2.3e-05, ""onsen"": 1e-06, ""panties"": 0.000357, ""penguin"": 0.0, ""school_swimsuit"": 2.8e-05, ""solo"": 0.918743, ""swimsuit"": 0.000244, ""thighhighs"": 0.003976, ""underwear"": 0.000698}",visual_review
bangdream_021_miku_migikata,classified,soft_review,"[""crop_top"", ""midriff"", ""soft_review_tag""]",rendered,src/data/deskpet/bangdream-rendered-resource-audit/rendered/bangdream_021_miku_migikata.png,completed,"{""1girl"": 0.998323, ""2girls"": 0.000193, ""animal"": 7.5e-05, ""animal_focus"": 2e-06, ""bare_shoulders"": 0.25898, ""bikini"": 0.000191, ""bird"": 0.000158, ""cleavage"": 0.007413, ""corset"": 4.6e-05, ""crop_top"": 0.66738, ""dog"": 1e-06, ""faceless"": 5e-06, ""food_focus"": 0.0, ""garter_straps"": 0.001998, ""helmet"": 3.9e-05, ""lingerie"": 2.9e-05, ""looking_at_viewer"": 0.913442, ""mask"": 0.000179, ""midriff"": 0.770512, ""multiple_girls"": 0.000245, ""navel"": 0.068953, ""no_humans"": 1.6e-05, ""onsen"": 0.0, ""panties"": 0.000949, ""penguin"": 1e-06, ""school_swimsuit"": 4e-06, ""solo"": 0.983308, ""swimsuit"": 0.000244, ""thighhighs"": 0.97666, ""underwear"": 0.003004}",visual_review
bangdream_022_2018_dog,classified,soft_review,"[""qualification_review"", ""variant_keyword:dog""]",rendered,src/data/deskpet/bangdream-rendered-resource-audit/rendered/bangdream_022_2018_dog.png,completed,"{""1girl"": 0.996025, ""2girls"": 0.000273, ""animal"": 0.000341, ""animal_focus"": 3e-06, ""bare_shoulders"": 0.00148, ""bikini"": 0.000124, ""bird"": 5.5e-05, ""cleavage"": 0.194467, ""corset"": 1e-05, ""crop_top"": 0.107244, ""dog"": 0.005468, ""faceless"": 2e-06, ""food_focus"": 0.0, ""garter_straps"": 9.8e-05, ""helmet"": 4.3e-05, ""lingerie"": 2e-06, ""looking_at_viewer"": 0.72857, ""mask"": 0.000296, ""midriff"": 0.302773, ""multiple_girls"": 0.000424, ""navel"": 0.737757, ""no_humans"": 7e-06, ""onsen"": 1e-06, ""panties"": 0.000185, ""penguin"": 1e-06, ""school_swimsuit"": 6e-06, ""solo"": 0.92597, ""swimsuit"": 0.000191, ""thighhighs"": 0.006682, ""underwear"": 0.000639}",visual_review
bangdream_022_2021af,classified,soft_review,"[""helmet"", ""qualification_review""]",rendered,src/data/deskpet/bangdream-rendered-resource-audit/rendered/bangdream_022_2021af.png,completed,"{""1girl"": 0.994405, ""2girls"": 0.000287, ""animal"": 0.000101, ""animal_focus"": 0.0, ""bare_shoulders"": 0.000689, ""bikini"": 4.2e-05, ""bird"": 4.5e-05, ""cleavage"": 0.000235, ""corset"": 2.9e-05, ""crop_top"": 8.1e-05, ""dog"": 8e-06, ""faceless"": 4e-06, ""food_focus"": 0.0, ""garter_straps"": 9e-06, ""helmet"": 0.993631, ""lingerie"": 1e-06, ""looking_at_viewer"": 0.714771, ""mask"": 0.000649, ""midriff"": 0.000286, ""multiple_girls"": 0.000459, ""navel"": 0.000444, ""no_humans"": 1e-05, ""onsen"": 0.0, ""panties"": 9.4e-05, ""penguin"": 0.0, ""school_swimsuit"": 1e-06, ""solo"": 0.923328, ""swimsuit"": 5.7e-05, ""thighhighs"": 0.000487, ""underwear"": 0.000196}",visual_review
bangdream_022_dream_festival,classified,soft_review,"[""midriff"", ""soft_review_tag""]",rendered,src/data/deskpet/bangdream-rendered-resource-audit/rendered/bangdream_022_dream_festival.png,completed,"{""1girl"": 0.997024, ""2girls"": 0.000352, ""animal"": 0.000127, ""animal_focus"": 2e-06, ""bare_shoulders"": 0.005093, ""bikini"": 9.1e-05, ""bird"": 7.5e-05, ""cleavage"": 0.470042, ""corset"": 0.000412, ""crop_top"": 0.01884, ""dog"": 8e-06, ""faceless"": 1e-06, ""food_focus"": 0.0, ""garter_straps"": 0.000571, ""helmet"": 4.6e-05, ""lingerie"": 1e-06, ""looking_at_viewer"": 0.737825, ""mask"": 0.000367, ""midriff"": 0.555785, ""multiple_girls"": 0.000339, ""navel"": 0.087034, ""no_humans"": 9e-06, ""onsen"": 1e-06, ""panties"": 0.000173, ""penguin"": 0.0, ""school_swimsuit"": 8e-06, ""solo"": 0.973306, ""swimsuit"": 0.000216, ""thighhighs"": 0.468807, ""underwear"": 0.000573}",visual_review
bangdream_022_dream_festival_4_ur,classified,soft_review,"[""midriff"", ""soft_review_tag""]",rendered,src/data/deskpet/bangdream-rendered-resource-audit/rendered/bangdream_022_dream_festival_4_ur.png,completed,"{""1girl"": 0.993197, ""2girls"": 0.000463, ""animal"": 6.3e-05, ""animal_focus"": 2e-06, ""bare_shoulders"": 0.001187, ""bikini"": 7.4e-05, ""bird"": 6.8e-05, ""cleavage"": 0.000824, ""corset"": 0.000113, ""crop_top"": 0.267711, ""dog"": 1e-06, ""faceless"": 1e-06, ""food_focus"": 0.0, ""garter_straps"": 0.00083, ""helmet"": 8.5e-05, ""lingerie"": 1e-06, ""looking_at_viewer"": 0.770927, ""mask"": 0.00014, ""midriff"": 0.562652, ""multiple_girls"": 0.000559, ""navel"": 0.015802, ""no_humans"": 1.8e-05, ""onsen"": 0.0, ""panties"": 0.001184, ""penguin"": 0.0, ""school_swimsuit"": 2e-06, ""solo"": 0.93419, ""swimsuit"": 0.000119, ""thighhighs"": 0.877701, ""underwear"": 0.0022}",visual_review
bangdream_022_event_42_story_01,classified,soft_review,"[""mask"", ""qualification_review""]",rendered,src/data/deskpet/bangdream-rendered-resource-audit/rendered/bangdream_022_event_42_story_01.png,completed,"{""1girl"": 0.997766, ""2girls"": 9.1e-05, ""animal"": 1.9e-05, ""animal_focus"": 0.0, ""bare_shoulders"": 0.00039, ""bikini"": 3.7e-05, ""bird"": 7.5e-05, ""cleavage"": 0.00027, ""corset"": 5e-06, ""crop_top"": 1.8e-05, ""dog"": 7e-06, ""faceless"": 1e-06, ""food_focus"": 0.0, ""garter_straps"": 5e-06, ""helmet"": 2.1e-05, ""lingerie"": 0.0, ""looking_at_viewer"": 0.897619, ""mask"": 0.998941, ""midriff"": 2.4e-05, ""multiple_girls"": 0.000212, ""navel"": 0.000226, ""no_humans"": 9e-06, ""onsen"": 0.0, ""panties"": 8e-05, ""penguin"": 2e-06, ""school_swimsuit"": 2e-06, ""solo"": 0.970498, ""swimsuit"": 8e-05, ""thighhighs"": 0.000681, ""underwear"": 0.000213}",visual_review
bangdream_022_live_event_11_ssr,classified,soft_review,"[""midriff"", ""navel"", ""soft_review_tag""]",rendered,src/data/deskpet/bangdream-rendered-resource-audit/rendered/bangdream_022_live_event_11_ssr.png,completed,"{""1girl"": 0.997889, ""2girls"": 0.000233, ""animal"": 7.9e-05, ""animal_focus"": 6e-06, ""bare_shoulders"": 0.653564, ""bikini"": 0.000179, ""bird"": 3.5e-05, ""cleavage"": 0.01211, ""corset"": 0.000349, ""crop_top"": 0.166132, ""dog"": 2e-06, ""faceless"": 7e-06, ""food_focus"": 0.0, ""garter_straps"": 0.004499, ""helmet"": 0.000144, ""lingerie"": 1.4e-05, ""looking_at_viewer"": 0.908729, ""mask"": 0.000314, ""midriff"": 0.802944, ""multiple_girls"": 0.00031, ""navel"": 0.922612, ""no_humans"": 2.1e-05, ""onsen"": 0.0, ""panties"": 0.000652, ""penguin"": 0.0, ""school_swimsuit"": 3e-06, ""solo"": 0.976051, ""swimsuit"": 0.000418, ""thighhighs"": 0.482045, ""underwear"": 0.004372}",visual_review
bangdream_022_live_event_123_ssr,classified,soft_review,"[""garter_straps"", ""soft_review_tag""]",rendered,src/data/deskpet/bangdream-rendered-resource-audit/rendered/bangdream_022_live_event_123_ssr.png,completed,"{""1girl"": 0.994358, ""2girls"": 0.000267, ""animal"": 2e-05, ""animal_focus"": 2e-06, ""bare_shoulders"": 0.002329, ""bikini"": 3e-05, ""bird"": 2.2e-05, ""cleavage"": 0.000744, ""corset"": 9.7e-05, ""crop_top"": 0.000237, ""dog"": 2e-06, ""faceless"": 5e-06, ""food_focus"": 0.0, ""garter_straps"": 0.881206, ""helmet"": 6.4e-05, ""lingerie"": 3e-06, ""looking_at_viewer"": 0.823016, ""mask"": 0.000449, ""midriff"": 0.000717, ""multiple_girls"": 0.000511, ""navel"": 0.001078, ""no_humans"": 1.1e-05, ""onsen"": 1e-06, ""panties"": 0.00036, ""penguin"": 2e-06, ""school_swimsuit"": 9e-06, ""solo"": 0.95322, ""swimsuit"": 7.6e-05, ""thighhighs"": 0.914178, ""underwear"": 0.000874}",visual_review
bangdream_022_live_event_127_r,classified,soft_review,"[""garter_straps"", ""soft_review_tag""]",rendered,src/data/deskpet/bangdream-rendered-resource-audit/rendered/bangdream_022_live_event_127_r.png,completed,"{""1girl"": 0.99484, ""2girls"": 0.000371, ""animal"": 2.1e-05, ""animal_focus"": 1e-06, ""bare_shoulders"": 0.000796, ""bikini"": 3.4e-05, ""bird"": 1.9e-05, ""cleavage"": 0.000535, ""corset"": 6.1e-05, ""crop_top"": 3.4e-05, ""dog"": 1e-06, ""faceless"": 2e-06, ""food_focus"": 0.0, ""garter_straps"": 0.519786, ""helmet"": 2.2e-05, ""lingerie"": 5e-06, ""looking_at_viewer"": 0.6992, ""mask"": 0.0002, ""midriff"": 0.000161, ""multiple_girls"": 0.00056, ""navel"": 0.000322, ""no_humans"": 1.7e-05, ""onsen"": 1e-06, ""panties"": 0.000125, ""penguin"": 0.0, ""school_swimsuit"": 2e-06, ""solo"": 0.94358, ""swimsuit"": 7e-05, ""thighhighs"": 0.968529, ""underwear"": 0.000288}",visual_review
bangdream_022_live_event_284_ur,classified,soft_review,"[""garter_straps"", ""soft_review_tag""]",rendered,src/data/deskpet/bangdream-rendered-resource-audit/rendered/bangdream_022_live_event_284_ur.png,completed,"{""1girl"": 0.997651, ""2girls"": 0.000218, ""animal"": 4.5e-05, ""animal_focus"": 2e-06, ""bare_shoulders"": 0.002124, ""bikini"": 4.2e-05, ""bird"": 0.000118, ""cleavage"": 0.004566, ""corset"": 0.825207, ""crop_top"": 4.4e-05, ""dog"": 1e-06, ""faceless"": 2e-06, ""food_focus"": 0.0, ""garter_straps"": 0.872369, ""helmet"": 0.000135, ""lingerie"": 1e-05, ""looking_at_viewer"": 0.783205, ""mask"": 0.000289, ""midriff"": 0.000158, ""multiple_girls"": 0.000269, ""navel"": 0.000728, ""no_humans"": 6e-06, ""onsen"": 1e-06, ""panties"": 8.5e-05, ""penguin"": 6e-06, ""school_swimsuit"": 2e-06, ""solo"": 0.973872, ""swimsuit"": 8.9e-05, ""thighhighs"": 0.952377, ""underwear"": 0.000373}",visual_review
bangdream_022_live_event_31_sr,classified,soft_review,"[""garter_straps"", ""soft_review_tag""]",rendered,src/data/deskpet/bangdream-rendered-resource-audit/rendered/bangdream_022_live_event_31_sr.png,completed,"{""1girl"": 0.997638, ""2girls"": 0.000251, ""animal"": 4.2e-05, ""animal_focus"": 1e-06, ""bare_shoulders"": 0.001747, ""bikini"": 3.7e-05, ""bird"": 1.6e-05, ""cleavage"": 0.000472, ""corset"": 0.000376, ""crop_top"": 2.7e-05, ""dog"": 1e-06, ""faceless"": 3e-06, ""food_focus"": 0.0, ""garter_straps"": 0.927101, ""helmet"": 0.000173, ""lingerie"": 4e-06, ""looking_at_viewer"": 0.760159, ""mask"": 0.00045, ""midriff"": 0.000109, ""multiple_girls"": 0.000301, ""navel"": 0.000742, ""no_humans"": 9e-06, ""onsen"": 0.0, ""panties"": 0.000184, ""penguin"": 0.0, ""school_swimsuit"": 1e-06, ""solo"": 0.97352, ""swimsuit"": 5.6e-05, ""thighhighs"": 0.970728, ""underwear"": 0.000451}",visual_review
bangdream_022_live_event_51_r,classified,soft_review,"[""garter_straps"", ""soft_review_tag""]",rendered,src/data/deskpet/bangdream-rendered-resource-audit/rendered/bangdream_022_live_event_51_r.png,completed,"{""1girl"": 0.996421, ""2girls"": 0.000274, ""animal"": 5.6e-05, ""animal_focus"": 0.0, ""bare_shoulders"": 0.000798, ""bikini"": 6.3e-05, ""bird"": 3.1e-05, ""cleavage"": 0.411599, ""corset"": 0.917836, ""crop_top"": 0.000203, ""dog"": 6e-06, ""faceless"": 2e-06, ""food_focus"": 0.0, ""garter_straps"": 0.938361, ""helmet"": 2.2e-05, ""lingerie"": 3.3e-05, ""looking_at_viewer"": 0.846828, ""mask"": 0.00012, ""midriff"": 0.000207, ""multiple_girls"": 0.00034, ""navel"": 0.001054, ""no_humans"": 4e-06, ""onsen"": 0.0, ""panties"": 0.000476, ""penguin"": 1e-06, ""school_swimsuit"": 3e-06, ""solo"": 0.960127, ""swimsuit"": 0.000114, ""thighhighs"": 0.990977, ""underwear"": 0.001903}",visual_review
bangdream_022_live_event_52_ssr,classified,soft_review,"[""midriff"", ""navel"", ""soft_review_tag""]",rendered,src/data/deskpet/bangdream-rendered-resource-audit/rendered/bangdream_022_live_event_52_ssr.png,completed,"{""1girl"": 0.998232, ""2girls"": 0.000189, ""animal"": 4.5e-05, ""animal_focus"": 2e-06, ""bare_shoulders"": 0.056583, ""bikini"": 0.000816, ""bird"": 1.5e-05, ""cleavage"": 0.046213, ""corset"": 4.6e-05, ""crop_top"": 0.497718, ""dog"": 2e-06, ""faceless"": 3e-06, ""food_focus"": 0.0, ""garter_straps"": 7.9e-05, ""helmet"": 5.4e-05, ""lingerie"": 0.000124, ""looking_at_viewer"": 0.848818, ""mask"": 9.6e-05, ""midriff"": 0.739303, ""multiple_girls"": 0.000209, ""navel"": 0.937498, ""no_humans"": 7e-06, ""onsen"": 0.0, ""panties"": 0.003816, ""penguin"": 0.0, ""school_swimsuit"": 1.1e-05, ""solo"": 0.965484, ""swimsuit"": 0.001932, ""thighhighs"": 0.002771, ""underwear"": 0.111225}",visual_review
bangdream_022_live_event_60_sr,classified,soft_review,"[""midriff"", ""navel"", ""soft_review_tag""]",rendered,src/data/deskpet/bangdream-rendered-resource-audit/rendered/bangdream_022_live_event_60_sr.png,completed,"{""1girl"": 0.993143, ""2girls"": 0.000325, ""animal"": 2.4e-05, ""animal_focus"": 0.0, ""bare_shoulders"": 0.001043, ""bikini"": 0.000229, ""bird"": 5.3e-05, ""cleavage"": 0.097356, ""corset"": 0.000419, ""crop_top"": 0.29975, ""dog"": 1e-06, ""faceless"": 0.0, ""food_focus"": 0.0, ""garter_straps"": 0.003118, ""helmet"": 7.4e-05, ""lingerie"": 2.1e-05, ""looking_at_viewer"": 0.527092, ""mask"": 0.000202, ""midriff"": 0.664888, ""multiple_girls"": 0.000585, ""navel"": 0.848013, ""no_humans"": 8e-06, ""onsen"": 1e-06, ""panties"": 0.001392, ""penguin"": 0.0, ""school_swimsuit"": 3e-06, ""solo"": 0.800215, ""swimsuit"": 0.000375, ""thighhighs"": 0.004167, ""underwear"": 0.002612}",visual_review
bangdream_022_live_event_89_sr,classified,soft_review,"[""garter_straps"", ""soft_review_tag""]",rendered,src/data/deskpet/bangdream-rendered-resource-audit/rendered/bangdream_022_live_event_89_sr.png,completed,"{""1girl"": 0.995913, ""2girls"": 0.000379, ""animal"": 2e-05, ""animal_focus"": 1e-06, ""bare_shoulders"": 0.00116, ""bikini"": 6.3e-05, ""bird"": 2.6e-05, ""cleavage"": 0.001385, ""corset"": 0.000724, ""crop_top"": 0.000145, ""dog"": 3e-06, ""faceless"": 2e-06, ""food_focus"": 0.0, ""garter_straps"": 0.682111, ""helmet"": 2.2e-05, ""lingerie"": 9e-06, ""looking_at_viewer"": 0.539399, ""mask"": 9.1e-05, ""midriff"": 0.000581, ""multiple_girls"": 0.000419, ""navel"": 0.00073, ""no_humans"": 1.6e-05, ""onsen"": 2e-06, ""panties"": 0.00019, ""penguin"": 0.0, ""school_swimsuit"": 1e-05, ""solo"": 0.928075, ""swimsuit"": 0.0002, ""thighhighs"": 0.909656, ""underwear"": 0.000639}",visual_review
bangdream_022_live_event_95_r,classified,soft_review,"[""mask"", ""qualification_review""]",rendered,src/data/deskpet/bangdream-rendered-resource-audit/rendered/bangdream_022_live_event_95_r.png,completed,"{""1girl"": 0.995428, ""2girls"": 0.000235, ""animal"": 7.9e-05, ""animal_focus"": 1e-06, ""bare_shoulders"": 0.004822, ""bikini"": 3.8e-05, ""bird"": 4.7e-05, ""cleavage"": 0.000235, ""corset"": 0.000403, ""crop_top"": 3.3e-05, ""dog"": 2e-06, ""faceless"": 1e-06, ""food_focus"": 0.0, ""garter_straps"": 2e-05, ""helmet"": 0.000523, ""lingerie"": 1e-06, ""looking_at_viewer"": 0.665972, ""mask"": 0.997673, ""midriff"": 6.4e-05, ""multiple_girls"": 0.000235, ""navel"": 0.00047, ""no_humans"": 5e-06, ""onsen"": 0.0, ""panties"": 0.000194, ""penguin"": 0.0, ""school_swimsuit"": 3e-06, ""solo"": 0.964699, ""swimsuit"": 6.1e-05, ""thighhighs"": 0.950963, ""underwear"": 0.000551}",visual_review
bangdream_022_live_r_2020,classified,soft_review,"[""garter_straps"", ""soft_review_tag""]",rendered,src/data/deskpet/bangdream-rendered-resource-audit/rendered/bangdream_022_live_r_2020.png,completed,"{""1girl"": 0.994591, ""2girls"": 0.000328, ""animal"": 5.2e-05, ""animal_focus"": 5e-06, ""bare_shoulders"": 0.000799, ""bikini"": 3.8e-05, ""bird"": 7.2e-05, ""cleavage"": 0.000738, ""corset"": 0.00346, ""crop_top"": 8.8e-05, ""dog"": 3e-06, ""faceless"": 2e-06, ""food_focus"": 1e-06, ""garter_straps"": 0.817553, ""helmet"": 0.00011, ""lingerie"": 5e-06, ""looking_at_viewer"": 0.729993, ""mask"": 0.000259, ""midriff"": 0.000369, ""multiple_girls"": 0.000526, ""navel"": 0.000832, ""no_humans"": 1.5e-05, ""onsen"": 1e-06, ""panties"": 0.000254, ""penguin"": 1e-06, ""school_swimsuit"": 1.1e-05, ""solo"": 0.920522, ""swimsuit"": 0.000158, ""thighhighs"": 0.893168, ""underwear"": 0.000887}",visual_review
bangdream_023_2018_dog,classified,soft_review,"[""qualification_review"", ""variant_keyword:dog""]",rendered,src/data/deskpet/bangdream-rendered-resource-audit/rendered/bangdream_023_2018_dog.png,completed,"{""1girl"": 0.997646, ""2girls"": 0.000208, ""animal"": 0.000191, ""animal_focus"": 1e-06, ""bare_shoulders"": 0.000551, ""bikini"": 4.9e-05, ""bird"": 5.6e-05, ""cleavage"": 0.00105, ""corset"": 7e-06, ""crop_top"": 0.783248, ""dog"": 5.6e-05, ""faceless"": 1.3e-05, ""food_focus"": 0.0, ""garter_straps"": 3.8e-05, ""helmet"": 1.7e-05, ""lingerie"": 5e-06, ""looking_at_viewer"": 0.819501, ""mask"": 2.9e-05, ""midriff"": 0.805832, ""multiple_girls"": 0.000281, ""navel"": 0.329961, ""no_humans"": 2.6e-05, ""onsen"": 0.0, ""panties"": 7.3e-05, ""penguin"": 1e-06, ""school_swimsuit"": 1e-06, ""solo"": 0.98953, ""swimsuit"": 4.3e-05, ""thighhighs"": 0.001981, ""underwear"": 0.000462}",visual_review
bangdream_023_2021af,classified,soft_review,"[""helmet"", ""qualification_review""]",rendered,src/data/deskpet/bangdream-rendered-resource-audit/rendered/bangdream_023_2021af.png,completed,"{""1girl"": 0.994335, ""2girls"": 0.000226, ""animal"": 0.000122, ""animal_focus"": 1e-06, ""bare_shoulders"": 0.000704, ""bikini"": 1.3e-05, ""bird"": 2.4e-05, ""cleavage"": 0.000215, ""corset"": 5.9e-05, ""crop_top"": 3.6e-05, ""dog"": 3e-06, ""faceless"": 8e-06, ""food_focus"": 0.0, ""garter_straps"": 8e-06, ""helmet"": 0.989472, ""lingerie"": 2e-06, ""looking_at_viewer"": 0.848721, ""mask"": 0.000225, ""midriff"": 0.000156, ""multiple_girls"": 0.000334, ""navel"": 0.000152, ""no_humans"": 7e-06, ""onsen"": 0.0, ""panties"": 9.7e-05, ""penguin"": 1e-06, ""school_swimsuit"": 1e-06, ""solo"": 0.94883, ""swimsuit"": 3.2e-05, ""thighhighs"": 0.000475, ""underwear"": 0.000154}",visual_review
bangdream_023_3rd_general_election_r,classified,soft_review,"[""garter_straps"", ""soft_review_tag""]",rendered,src/data/deskpet/bangdream-rendered-resource-audit/rendered/bangdream_023_3rd_general_election_r.png,completed,"{""1girl"": 0.996902, ""2girls"": 0.000244, ""animal"": 5.4e-05, ""animal_focus"": 1e-06, ""bare_shoulders"": 0.001026, ""bikini"": 6.9e-05, ""bird"": 1.5e-05, ""cleavage"": 0.002504, ""corset"": 0.000148, ""crop_top"": 0.000165, ""dog"": 1e-06, ""faceless"": 4e-06, ""food_focus"": 0.0, ""garter_straps"": 0.844739, ""helmet"": 1.7e-05, ""lingerie"": 5e-06, ""looking_at_viewer"": 0.783449, ""mask"": 0.000108, ""midriff"": 0.000285, ""multiple_girls"": 0.000297, ""navel"": 0.000717, ""no_humans"": 1.5e-05, ""onsen"": 0.0, ""panties"": 0.000254, ""penguin"": 0.0, ""school_swimsuit"": 5e-06, ""solo"": 0.971014, ""swimsuit"": 0.000135, ""thighhighs"": 0.968185, ""underwear"": 0.000534}",visual_review
bangdream_023_birthday_2021,classified,soft_review,"[""cleavage"", ""garter_straps"", ""soft_review_tag""]",rendered,src/data/deskpet/bangdream-rendered-resource-audit/rendered/bangdream_023_birthday_2021.png,completed,"{""1girl"": 0.997164, ""2girls"": 0.000259, ""animal"": 6.8e-05, ""animal_focus"": 1e-06, ""bare_shoulders"": 0.47883, ""bikini"": 0.000212, ""bird"": 3.7e-05, ""cleavage"": 0.880028, ""corset"": 0.012699, ""crop_top"": 0.000459, ""dog"": 4e-06, ""faceless"": 7e-06, ""food_focus"": 0.0, ""garter_straps"": 0.726763, ""helmet"": 1.3e-05, ""lingerie"": 7.9e-05, ""looking_at_viewer"": 0.684178, ""mask"": 0.000158, ""midriff"": 0.000377, ""multiple_girls"": 0.000342, ""navel"": 0.000702, ""no_humans"": 1.2e-05, ""onsen"": 1e-06, ""panties"": 0.000556, ""penguin"": 1e-06, ""school_swimsuit"": 1.7e-05, ""solo"": 0.966509, ""swimsuit"": 0.000316, ""thighhighs"": 0.717784, ""underwear"": 0.001339}",visual_review
bangdream_023_birthday_2022,classified,soft_review,"[""cleavage"", ""soft_review_tag""]",rendered,src/data/deskpet/bangdream-rendered-resource-audit/rendered/bangdream_023_birthday_2022.png,completed,"{""1girl"": 0.996946, ""2girls"": 0.00024, ""animal"": 8.5e-05, ""animal_focus"": 1e-06, ""bare_shoulders"": 0.019339, ""bikini"": 0.000144, ""bird"": 2.2e-05, ""cleavage"": 0.934645, ""corset"": 0.000198, ""crop_top"": 0.000429, ""dog"": 1e-05, ""faceless"": 3.1e-05, ""food_focus"": 0.0, ""garter_straps"": 0.000112, ""helmet"": 3e-05, ""lingerie"": 9e-06, ""looking_at_viewer"": 0.855781, ""mask"": 7.4e-05, ""midriff"": 0.000311, ""multiple_girls"": 0.000367, ""navel"": 0.000695, ""no_humans"": 8e-06, ""onsen"": 1e-06, ""panties"": 0.000256, ""penguin"": 0.0, ""school_swimsuit"": 1.4e-05, ""solo"": 0.964777, ""swimsuit"": 0.000304, ""thighhighs"": 0.006382, ""underwear"": 0.001166}",visual_review
bangdream_023_casual-2023,classified,soft_review,"[""cleavage"", ""soft_review_tag""]",rendered,src/data/deskpet/bangdream-rendered-resource-audit/rendered/bangdream_023_casual-2023.png,completed,"{""1girl"": 0.998404, ""2girls"": 0.000155, ""animal"": 4.1e-05, ""animal_focus"": 3e-06, ""bare_shoulders"": 0.594839, ""bikini"": 0.0001, ""bird"": 3.6e-05, ""cleavage"": 0.789737, ""corset"": 0.000151, ""crop_top"": 0.000797, ""dog"": 2e-06, ""faceless"": 6e-06, ""food_focus"": 0.0, ""garter_straps"": 0.001522, ""helmet"": 0.000142, ""lingerie"": 1.9e-05, ""looking_at_viewer"": 0.837432, ""mask"": 6.9e-05, ""midriff"": 0.000368, ""multiple_girls"": 0.000232, ""navel"": 0.000619, ""no_humans"": 1.6e-05, ""onsen"": 1e-06, ""panties"": 0.00032, ""penguin"": 3e-06, ""school_swimsuit"": 2e-06, ""solo"": 0.974473, ""swimsuit"": 0.00015, ""thighhighs"": 0.974201, ""underwear"": 0.001591}",visual_review
bangdream_023_casual_summer-2023,classified,soft_review,"[""cleavage"", ""crop_top"", ""midriff"", ""soft_review_tag""]",rendered,src/data/deskpet/bangdream-rendered-resource-audit/rendered/bangdream_023_casual_summer-2023.png,completed,"{""1girl"": 0.998063, ""2girls"": 0.000167, ""animal"": 7.1e-05, ""animal_focus"": 1e-06, ""bare_shoulders"": 0.058093, ""bikini"": 0.000377, ""bird"": 9e-06, ""cleavage"": 0.825994, ""corset"": 3e-05, ""crop_top"": 0.53732, ""dog"": 4e-06, ""faceless"": 5e-06, ""food_focus"": 0.0, ""garter_straps"": 8e-06, ""helmet"": 1.7e-05, ""lingerie"": 4e-06, ""looking_at_viewer"": 0.912102, ""mask"": 1.9e-05, ""midriff"": 0.611901, ""multiple_girls"": 0.000202, ""navel"": 0.225604, ""no_humans"": 1.4e-05, ""onsen"": 0.0, ""panties"": 0.000292, ""penguin"": 0.0, ""school_swimsuit"": 3e-06, ""solo"": 0.978499, ""swimsuit"": 0.000375, ""thighhighs"": 0.000655, ""underwear"": 0.00113}",visual_review
bangdream_023_dream_festival_2,classified,soft_review,"[""cleavage"", ""soft_review_tag""]",rendered,src/data/deskpet/bangdream-rendered-resource-audit/rendered/bangdream_023_dream_festival_2.png,completed,"{""1girl"": 0.996643, ""2girls"": 0.000146, ""animal"": 7e-05, ""animal_focus"": 4e-06, ""bare_shoulders"": 0.129768, ""bikini"": 0.000174, ""bird"": 9.4e-05, ""cleavage"": 0.630499, ""corset"": 0.000358, ""crop_top"": 0.000149, ""dog"": 3.8e-05, ""faceless"": 1e-06, ""food_focus"": 0.0, ""garter_straps"": 0.002608, ""helmet"": 1.2e-05, ""lingerie"": 2.9e-05, ""looking_at_viewer"": 0.624365, ""mask"": 0.000319, ""midriff"": 0.000189, ""multiple_girls"": 0.000351, ""navel"": 0.000685, ""no_humans"": 5e-06, ""onsen"": 1e-06, ""panties"": 0.000161, ""penguin"": 1e-06, ""school_swimsuit"": 2e-06, ""solo"": 0.975779, ""swimsuit"": 0.000196, ""thighhighs"": 0.442373, ""underwear"": 0.000501}",visual_review
bangdream_023_dream_festival_3_ur,classified,soft_review,"[""cleavage"", ""crop_top"", ""midriff"", ""navel"", ""soft_review_tag""]",rendered,src/data/deskpet/bangdream-rendered-resource-audit/rendered/bangdream_023_dream_festival_3_ur.png,completed,"{""1girl"": 0.995977, ""2girls"": 0.000293, ""animal"": 4.6e-05, ""animal_focus"": 1e-06, ""bare_shoulders"": 0.172651, ""bikini"": 0.000638, ""bird"": 0.0001, ""cleavage"": 0.960087, ""corset"": 0.074414, ""crop_top"": 0.860135, ""dog"": 9e-06, ""faceless"": 1e-06, ""food_focus"": 0.0, ""garter_straps"": 0.186969, ""helmet"": 3e-05, ""lingerie"": 8e-06, ""looking_at_viewer"": 0.699384, ""mask"": 5.3e-05, ""midriff"": 0.752982, ""multiple_girls"": 0.000314, ""navel"": 0.720525, ""no_humans"": 1.5e-05, ""onsen"": 2e-06, ""panties"": 0.001527, ""penguin"": 1e-06, ""school_swimsuit"": 3e-06, ""solo"": 0.975264, ""swimsuit"": 0.000471, ""thighhighs"": 0.021424, ""underwear"": 0.006583}",visual_review
bangdream_023_dream_festival_4_ur,classified,soft_review,"[""garter_straps"", ""soft_review_tag""]",rendered,src/data/deskpet/bangdream-rendered-resource-audit/rendered/bangdream_023_dream_festival_4_ur.png,completed,"{""1girl"": 0.997476, ""2girls"": 0.000248, ""animal"": 0.000171, ""animal_focus"": 1e-06, ""bare_shoulders"": 0.000579, ""bikini"": 5.8e-05, ""bird"": 2e-05, ""cleavage"": 0.000696, ""corset"": 0.029124, ""crop_top"": 0.000111, ""dog"": 3e-06, ""faceless"": 2e-06, ""food_focus"": 0.0, ""garter_straps"": 0.812343, ""helmet"": 2.1e-05, ""lingerie"": 2e-06, ""looking_at_viewer"": 0.802753, ""mask"": 8.1e-05, ""midriff"": 0.00016, ""multiple_girls"": 0.000309, ""navel"": 0.000392, ""no_humans"": 1.4e-05, ""onsen"": 0.0, ""panties"": 0.000216, ""penguin"": 1e-06, ""school_swimsuit"": 4e-06, ""solo"": 0.982945, ""swimsuit"": 0.000106, ""thighhighs"": 0.928142, ""underwear"": 0.000575}",visual_review
bangdream_023_live_event_02_r,classified,soft_review,"[""cleavage"", ""soft_review_tag""]",rendered,src/data/deskpet/bangdream-rendered-resource-audit/rendered/bangdream_023_live_event_02_r.png,completed,"{""1girl"": 0.99839, ""2girls"": 0.000169, ""animal"": 0.000199, ""animal_focus"": 2e-06, ""bare_shoulders"": 0.190383, ""bikini"": 0.000155, ""bird"": 0.00017, ""cleavage"": 0.830514, ""corset"": 0.000931, ""crop_top"": 0.000205, ""dog"": 2e-06, ""faceless"": 5e-06, ""food_focus"": 0.0, ""garter_straps"": 0.000109, ""helmet"": 5e-06, ""lingerie"": 9e-06, ""looking_at_viewer"": 0.783327, ""mask"": 0.000188, ""midriff"": 0.000273, ""multiple_girls"": 0.000225, ""navel"": 0.000784, ""no_humans"": 1.9e-05, ""onsen"": 0.0, ""panties"": 0.00025, ""penguin"": 0.0, ""school_swimsuit"": 5e-06, ""solo"": 0.968933, ""swimsuit"": 0.000287, ""thighhighs"": 0.001897, ""underwear"": 0.00055}",visual_review
bangdream_023_live_event_103_ssr,classified,soft_review,"[""midriff"", ""navel"", ""soft_review_tag""]",rendered,src/data/deskpet/bangdream-rendered-resource-audit/rendered/bangdream_023_live_event_103_ssr.png,completed,"{""1girl"": 0.996635, ""2girls"": 0.000227, ""animal"": 4.3e-05, ""animal_focus"": 2e-06, ""bare_shoulders"": 0.555234, ""bikini"": 0.000265, ""bird"": 7.7e-05, ""cleavage"": 0.034162, ""corset"": 0.001999, ""crop_top"": 0.185837, ""dog"": 3e-06, ""faceless"": 1e-06, ""food_focus"": 0.0, ""garter_straps"": 0.00016, ""helmet"": 1.6e-05, ""lingerie"": 1.1e-05, ""looking_at_viewer"": 0.811233, ""mask"": 0.000285, ""midriff"": 0.704029, ""multiple_girls"": 0.00029, ""navel"": 0.796494, ""no_humans"": 1.5e-05, ""onsen"": 0.0, ""panties"": 0.000441, ""penguin"": 0.0, ""school_swimsuit"": 4e-06, ""solo"": 0.97192, ""swimsuit"": 0.00039, ""thighhighs"": 0.00175, ""underwear"": 0.001059}",visual_review
bangdream_023_live_event_105_sr,classified,soft_review,"[""cleavage"", ""soft_review_tag""]",rendered,src/data/deskpet/bangdream-rendered-resource-audit/rendered/bangdream_023_live_event_105_sr.png,completed,"{""1girl"": 0.995292, ""2girls"": 0.000188, ""animal"": 2.4e-05, ""animal_focus"": 3e-06, ""bare_shoulders"": 0.175092, ""bikini"": 0.000133, ""bird"": 5.4e-05, ""cleavage"": 0.671756, ""corset"": 0.004651, ""crop_top"": 0.001108, ""dog"": 1e-06, ""faceless"": 3e-06, ""food_focus"": 0.0, ""garter_straps"": 0.000623, ""helmet"": 2.5e-05, ""lingerie"": 5e-06, ""looking_at_viewer"": 0.745753, ""mask"": 0.000149, ""midriff"": 0.00134, ""multiple_girls"": 0.000375, ""navel"": 0.001794, ""no_humans"": 3.3e-05, ""onsen"": 4e-06, ""panties"": 0.000216, ""penguin"": 1e-06, ""school_swimsuit"": 5e-06, ""solo"": 0.957223, ""swimsuit"": 0.000217, ""thighhighs"": 0.003561, ""underwear"": 0.000371}",visual_review
bangdream_023_live_event_10_sr,classified,soft_review,"[""cleavage"", ""soft_review_tag""]",rendered,src/data/deskpet/bangdream-rendered-resource-audit/rendered/bangdream_023_live_event_10_sr.png,completed,"{""1girl"": 0.997438, ""2girls"": 0.000275, ""animal"": 0.000127, ""animal_focus"": 2e-06, ""bare_shoulders"": 0.363716, ""bikini"": 0.000257, ""bird"": 7.7e-05, ""cleavage"": 0.716982, ""corset"": 0.033866, ""crop_top"": 0.000116, ""dog"": 3e-06, ""faceless"": 7e-06, ""food_focus"": 0.0, ""garter_straps"": 0.003359, ""helmet"": 3.1e-05, ""lingerie"": 0.000254, ""looking_at_viewer"": 0.70492, ""mask"": 0.00012, ""midriff"": 0.00027, ""multiple_girls"": 0.000387, ""navel"": 0.001422, ""no_humans"": 2.6e-05, ""onsen"": 0.0, ""panties"": 0.000526, ""penguin"": 1e-06, ""school_swimsuit"": 6e-06, ""solo"": 0.971554, ""swimsuit"": 0.000515, ""thighhighs"": 0.925284, ""underwear"": 0.002319}",visual_review
bangdream_023_live_event_124_r,classified,soft_review,"[""navel"", ""soft_review_tag""]",rendered,src/data/deskpet/bangdream-rendered-resource-audit/rendered/bangdream_023_live_event_124_r.png,completed,"{""1girl"": 0.997788, ""2girls"": 0.000171, ""animal"": 0.00012, ""animal_focus"": 4e-06, ""bare_shoulders"": 0.328482, ""bikini"": 0.005399, ""bird"": 2e-05, ""cleavage"": 0.003512, ""corset"": 0.000535, ""crop_top"": 0.200606, ""dog"": 2e-06, ""faceless"": 7e-06, ""food_focus"": 0.0, ""garter_straps"": 0.001121, ""helmet"": 1.3e-05, ""lingerie"": 6.6e-05, ""looking_at_viewer"": 0.911909, ""mask"": 5.5e-05, ""midriff"": 0.474195, ""multiple_girls"": 0.000203, ""navel"": 0.879792, ""no_humans"": 1.7e-05, ""onsen"": 0.0, ""panties"": 0.001249, ""penguin"": 1e-06, ""school_swimsuit"": 2.1e-05, ""solo"": 0.987368, ""swimsuit"": 0.008599, ""thighhighs"": 0.003597, ""underwear"": 0.005427}",visual_review
bangdream_023_live_event_127_sr,classified,soft_review,"[""garter_straps"", ""soft_review_tag""]",rendered,src/data/deskpet/bangdream-rendered-resource-audit/rendered/bangdream_023_live_event_127_sr.png,completed,"{""1girl"": 0.997158, ""2girls"": 0.000245, ""animal"": 2.1e-05, ""animal_focus"": 2e-06, ""bare_shoulders"": 0.001181, ""bikini"": 5.6e-05, ""bird"": 1.9e-05, ""cleavage"": 0.000618, ""corset"": 0.023148, ""crop_top"": 0.000106, ""dog"": 3e-06, ""faceless"": 5e-06, ""food_focus"": 0.0, ""garter_straps"": 0.935279, ""helmet"": 2.7e-05, ""lingerie"": 7.7e-05, ""looking_at_viewer"": 0.845589, ""mask"": 9.6e-05, ""midriff"": 0.000204, ""multiple_girls"": 0.000253, ""navel"": 0.000388, ""no_humans"": 4.3e-05, ""onsen"": 0.0, ""panties"": 0.000485, ""penguin"": 2e-06, ""school_swimsuit"": 5e-06, ""solo"": 0.96774, ""swimsuit"": 0.000105, ""thighhighs"": 0.637254, ""underwear"": 0.003775}",visual_review
bangdream_023_live_event_166_sr,classified,soft_review,"[""midriff"", ""soft_review_tag""]",rendered,src/data/deskpet/bangdream-rendered-resource-audit/rendered/bangdream_023_live_event_166_sr.png,completed,"{""1girl"": 0.993427, ""2girls"": 0.000416, ""animal"": 5.1e-05, ""animal_focus"": 4e-06, ""bare_shoulders"": 0.004259, ""bikini"": 0.000185, ""bird"": 5.3e-05, ""cleavage"": 0.001433, ""corset"": 3.9e-05, ""crop_top"": 0.057608, ""dog"": 2e-06, ""faceless"": 2.3e-05, ""food_focus"": 0.0, ""garter_straps"": 0.000645, ""helmet"": 5.8e-05, ""lingerie"": 1.1e-05, ""looking_at_viewer"": 0.773779, ""mask"": 2.6e-05, ""midriff"": 0.570232, ""multiple_girls"": 0.00044, ""navel"": 0.360508, ""no_humans"": 3.5e-05, ""onsen"": 1e-06, ""panties"": 0.000349, ""penguin"": 1e-06, ""school_swimsuit"": 5e-06, ""solo"": 0.957449, ""swimsuit"": 0.000294, ""thighhighs"": 0.007004, ""underwear"": 0.000818}",visual_review
bangdream_023_live_event_202_ssr,classified,soft_review,"[""midriff"", ""navel"", ""soft_review_tag""]",rendered,src/data/deskpet/bangdream-rendered-resource-audit/rendered/bangdream_023_live_event_202_ssr.png,completed,"{""1girl"": 0.990738, ""2girls"": 0.000445, ""animal"": 0.027945, ""animal_focus"": 1.7e-05, ""bare_shoulders"": 0.000946, ""bikini"": 0.000451, ""bird"": 0.000129, ""cleavage"": 0.040666, ""corset"": 4.9e-05, ""crop_top"": 0.208, ""dog"": 0.000145, ""faceless"": 7e-06, ""food_focus"": 0.0, ""garter_straps"": 7e-06, ""helmet"": 7.1e-05, ""lingerie"": 4.9e-05, ""looking_at_viewer"": 0.696399, ""mask"": 0.000162, ""midriff"": 0.534255, ""multiple_girls"": 0.000709, ""navel"": 0.820751, ""no_humans"": 1.4e-05, ""onsen"": 6e-06, ""panties"": 0.00075, ""penguin"": 2e-06, ""school_swimsuit"": 1.8e-05, ""solo"": 0.798426, ""swimsuit"": 0.000338, ""thighhighs"": 0.002389, ""underwear"": 0.001868}",visual_review
bangdream_023_live_event_252_ur,classified,soft_review,"[""garter_straps"", ""soft_review_tag""]",rendered,src/data/deskpet/bangdream-rendered-resource-audit/rendered/bangdream_023_live_event_252_ur.png,completed,"{""1girl"": 0.997856, ""2girls"": 0.000164, ""animal"": 5.3e-05, ""animal_focus"": 3e-06, ""bare_shoulders"": 0.242748, ""bikini"": 8.6e-05, ""bird"": 2.5e-05, ""cleavage"": 0.199004, ""corset"": 0.478345, ""crop_top"": 0.000139, ""dog"": 7e-06, ""faceless"": 1e-06, ""food_focus"": 0.0, ""garter_straps"": 0.952119, ""helmet"": 1.3e-05, ""lingerie"": 2.5e-05, ""looking_at_viewer"": 0.845852, ""mask"": 2.6e-05, ""midriff"": 0.000419, ""multiple_girls"": 0.000159, ""navel"": 0.000848, ""no_humans"": 3.5e-05, ""onsen"": 2e-06, ""panties"": 0.000149, ""penguin"": 4e-06, ""school_swimsuit"": 3e-06, ""solo"": 0.979697, ""swimsuit"": 0.00011, ""thighhighs"": 0.975158, ""underwear"": 0.000406}",visual_review
bangdream_023_live_event_25_ssr,classified,soft_review,"[""cleavage"", ""crop_top"", ""midriff"", ""navel"", ""soft_review_tag""]",rendered,src/data/deskpet/bangdream-rendered-resource-audit/rendered/bangdream_023_live_event_25_ssr.png,completed,"{""1girl"": 0.998791, ""2girls"": 0.000104, ""animal"": 6.3e-05, ""animal_focus"": 0.0, ""bare_shoulders"": 0.398907, ""bikini"": 0.000522, ""bird"": 3.1e-05, ""cleavage"": 0.563191, ""corset"": 0.016214, ""crop_top"": 0.650886, ""dog"": 4e-06, ""faceless"": 0.0, ""food_focus"": 0.0, ""garter_straps"": 5.4e-05, ""helmet"": 1.5e-05, ""lingerie"": 1e-05, ""looking_at_viewer"": 0.875436, ""mask"": 6.7e-05, ""midriff"": 0.810725, ""multiple_girls"": 0.000152, ""navel"": 0.9559, ""no_humans"": 3e-06, ""onsen"": 0.0, ""panties"": 0.000274, ""penguin"": 1e-06, ""school_swimsuit"": 1e-06, ""solo"": 0.994821, ""swimsuit"": 0.000339, ""thighhighs"": 0.000938, ""underwear"": 0.000581}",visual_review
bangdream_023_live_event_264_ur,classified,soft_review,"[""cleavage"", ""soft_review_tag""]",rendered,src/data/deskpet/bangdream-rendered-resource-audit/rendered/bangdream_023_live_event_264_ur.png,completed,"{""1girl"": 0.996671, ""2girls"": 0.000274, ""animal"": 7.5e-05, ""animal_focus"": 8e-06, ""bare_shoulders"": 0.225985, ""bikini"": 0.00013, ""bird"": 5.5e-05, ""cleavage"": 0.678929, ""corset"": 0.165182, ""crop_top"": 0.000173, ""dog"": 7e-06, ""faceless"": 8e-06, ""food_focus"": 2e-06, ""garter_straps"": 0.000718, ""helmet"": 3.4e-05, ""lingerie"": 0.000111, ""looking_at_viewer"": 0.861542, ""mask"": 0.000234, ""midriff"": 0.000188, ""multiple_girls"": 0.000343, ""navel"": 0.001223, ""no_humans"": 2.7e-05, ""onsen"": 2e-06, ""panties"": 0.000351, ""penguin"": 2e-06, ""school_swimsuit"": 7e-06, ""solo"": 0.97186, ""swimsuit"": 0.000286, ""thighhighs"": 0.002497, ""underwear"": 0.000688}",visual_review
bangdream_023_live_event_284_ur,classified,soft_review,"[""garter_straps"", ""soft_review_tag""]",rendered,src/data/deskpet/bangdream-rendered-resource-audit/rendered/bangdream_023_live_event_284_ur.png,completed,"{""1girl"": 0.99712, ""2girls"": 0.000159, ""animal"": 5.8e-05, ""animal_focus"": 3e-06, ""bare_shoulders"": 0.510994, ""bikini"": 0.000281, ""bird"": 1.6e-05, ""cleavage"": 0.11057, ""corset"": 0.873762, ""crop_top"": 0.000314, ""dog"": 3e-06, ""faceless"": 2e-06, ""food_focus"": 1e-06, ""garter_straps"": 0.828708, ""helmet"": 4.7e-05, ""lingerie"": 9.2e-05, ""looking_at_viewer"": 0.818083, ""mask"": 0.000195, ""midriff"": 0.000411, ""multiple_girls"": 0.000249, ""navel"": 0.001144, ""no_humans"": 3.8e-05, ""onsen"": 1e-06, ""panties"": 0.000403, ""penguin"": 1e-06, ""school_swimsuit"": 8e-06, ""solo"": 0.966624, ""swimsuit"": 0.000406, ""thighhighs"": 0.861162, ""underwear"": 0.000606}",visual_review
bangdream_023_live_event_311_ssr,classified,soft_review,"[""cleavage"", ""soft_review_tag""]",rendered,src/data/deskpet/bangdream-rendered-resource-audit/rendered/bangdream_023_live_event_311_ssr.png,completed,"{""1girl"": 0.996873, ""2girls"": 0.00024, ""animal"": 7.9e-05, ""animal_focus"": 4e-06, ""bare_shoulders"": 0.021005, ""bikini"": 0.000135, ""bird"": 2.9e-05, ""cleavage"": 0.821003, ""corset"": 0.894324, ""crop_top"": 0.000199, ""dog"": 1.4e-05, ""faceless"": 4e-06, ""food_focus"": 0.0, ""garter_straps"": 0.000127, ""helmet"": 3.2e-05, ""lingerie"": 3.1e-05, ""looking_at_viewer"": 0.884757, ""mask"": 8.9e-05, ""midriff"": 0.000133, ""multiple_girls"": 0.000303, ""navel"": 0.000509, ""no_humans"": 4.1e-05, ""onsen"": 1e-06, ""panties"": 0.000165, ""penguin"": 2e-06, ""school_swimsuit"": 1.2e-05, ""solo"": 0.947055, ""swimsuit"": 0.000249, ""thighhighs"": 0.003251, ""underwear"": 0.000605}",visual_review
bangdream_023_live_event_333_ssr,classified,soft_review,"[""cleavage"", ""soft_review_tag""]",rendered,src/data/deskpet/bangdream-rendered-resource-audit/rendered/bangdream_023_live_event_333_ssr.png,completed,"{""1girl"": 0.996185, ""2girls"": 0.000185, ""animal"": 6.8e-05, ""animal_focus"": 1e-06, ""bare_shoulders"": 0.001176, ""bikini"": 7.6e-05, ""bird"": 2.4e-05, ""cleavage"": 0.841008, ""corset"": 0.008909, ""crop_top"": 0.000386, ""dog"": 1e-06, ""faceless"": 1e-06, ""food_focus"": 0.0, ""garter_straps"": 0.001792, ""helmet"": 1e-05, ""lingerie"": 3.9e-05, ""looking_at_viewer"": 0.767569, ""mask"": 4.4e-05, ""midriff"": 0.000397, ""multiple_girls"": 0.000221, ""navel"": 0.001093, ""no_humans"": 1.5e-05, ""onsen"": 1e-06, ""panties"": 0.000281, ""penguin"": 2e-06, ""school_swimsuit"": 8e-06, ""solo"": 0.958887, ""swimsuit"": 0.00018, ""thighhighs"": 0.582041, ""underwear"": 0.000943}",visual_review
bangdream_023_live_event_52_sr,classified,soft_review,"[""crop_top"", ""midriff"", ""navel"", ""soft_review_tag""]",rendered,src/data/deskpet/bangdream-rendered-resource-audit/rendered/bangdream_023_live_event_52_sr.png,completed,"{""1girl"": 0.998259, ""2girls"": 0.000199, ""animal"": 0.000187, ""animal_focus"": 4e-06, ""bare_shoulders"": 0.491673, ""bikini"": 0.001748, ""bird"": 1.9e-05, ""cleavage"": 0.044481, ""corset"": 0.000137, ""crop_top"": 0.589991, ""dog"": 3e-06, ""faceless"": 5e-06, ""food_focus"": 0.0, ""garter_straps"": 0.000166, ""helmet"": 6e-06, ""lingerie"": 0.000145, ""looking_at_viewer"": 0.876661, ""mask"": 0.000157, ""midriff"": 0.800878, ""multiple_girls"": 0.000216, ""navel"": 0.906814, ""no_humans"": 7e-06, ""onsen"": 0.0, ""panties"": 0.004166, ""penguin"": 1e-06, ""school_swimsuit"": 1.7e-05, ""solo"": 0.963377, ""swimsuit"": 0.003141, ""thighhighs"": 0.001541, ""underwear"": 0.013418}",visual_review
bangdream_023_live_event_58_ssr,classified,soft_review,"[""cleavage"", ""soft_review_tag""]",rendered,src/data/deskpet/bangdream-rendered-resource-audit/rendered/bangdream_023_live_event_58_ssr.png,completed,"{""1girl"": 0.997844, ""2girls"": 0.00015, ""animal"": 3.3e-05, ""animal_focus"": 0.0, ""bare_shoulders"": 0.285092, ""bikini"": 0.000228, ""bird"": 3.5e-05, ""cleavage"": 0.685747, ""corset"": 0.003887, ""crop_top"": 0.001372, ""dog"": 6e-06, ""faceless"": 1e-06, ""food_focus"": 9e-06, ""garter_straps"": 0.011663, ""helmet"": 8e-06, ""lingerie"": 1.3e-05, ""looking_at_viewer"": 0.937355, ""mask"": 7.6e-05, ""midriff"": 0.00238, ""multiple_girls"": 0.000213, ""navel"": 0.001955, ""no_humans"": 1.3e-05, ""onsen"": 1e-06, ""panties"": 0.000221, ""penguin"": 1e-06, ""school_swimsuit"": 4e-06, ""solo"": 0.986809, ""swimsuit"": 0.000335, ""thighhighs"": 0.977782, ""underwear"": 0.000953}",visual_review
bangdream_023_live_event_60_sr,classified,soft_review,"[""cleavage"", ""crop_top"", ""midriff"", ""navel"", ""soft_review_tag""]",rendered,src/data/deskpet/bangdream-rendered-resource-audit/rendered/bangdream_023_live_event_60_sr.png,completed,"{""1girl"": 0.996741, ""2girls"": 0.000211, ""animal"": 8.7e-05, ""animal_focus"": 0.0, ""bare_shoulders"": 0.015457, ""bikini"": 0.00046, ""bird"": 3.9e-05, ""cleavage"": 0.949389, ""corset"": 0.342577, ""crop_top"": 0.821034, ""dog"": 3e-06, ""faceless"": 3e-06, ""food_focus"": 0.0, ""garter_straps"": 0.425316, ""helmet"": 6.4e-05, ""lingerie"": 0.000172, ""looking_at_viewer"": 0.75791, ""mask"": 0.000387, ""midriff"": 0.919232, ""multiple_girls"": 0.000318, ""navel"": 0.934797, ""no_humans"": 5e-06, ""onsen"": 1e-06, ""panties"": 0.001342, ""penguin"": 0.0, ""school_swimsuit"": 7e-06, ""solo"": 0.961181, ""swimsuit"": 0.000542, ""thighhighs"": 0.938068, ""underwear"": 0.008089}",visual_review
bangdream_023_live_event_70_r,classified,soft_review,"[""cleavage"", ""soft_review_tag""]",rendered,src/data/deskpet/bangdream-rendered-resource-audit/rendered/bangdream_023_live_event_70_r.png,completed,"{""1girl"": 0.997091, ""2girls"": 0.000246, ""animal"": 3.5e-05, ""animal_focus"": 2e-06, ""bare_shoulders"": 0.401102, ""bikini"": 0.000216, ""bird"": 2.3e-05, ""cleavage"": 0.704717, ""corset"": 0.000248, ""crop_top"": 0.000663, ""dog"": 1e-06, ""faceless"": 2e-06, ""food_focus"": 1e-06, ""garter_straps"": 0.000186, ""helmet"": 1.4e-05, ""lingerie"": 5.9e-05, ""looking_at_viewer"": 0.831578, ""mask"": 5.6e-05, ""midriff"": 0.00034, ""multiple_girls"": 0.000298, ""navel"": 0.000997, ""no_humans"": 2.3e-05, ""onsen"": 1e-06, ""panties"": 0.000311, ""penguin"": 1e-06, ""school_swimsuit"": 4e-06, ""solo"": 0.951234, ""swimsuit"": 0.000311, ""thighhighs"": 0.00152, ""underwear"": 0.001333}",visual_review
bangdream_023_live_event_81_ssr,classified,soft_review,"[""cleavage"", ""soft_review_tag""]",rendered,src/data/deskpet/bangdream-rendered-resource-audit/rendered/bangdream_023_live_event_81_ssr.png,completed,"{""1girl"": 0.994882, ""2girls"": 0.000252, ""animal"": 1.7e-05, ""animal_focus"": 3e-06, ""bare_shoulders"": 0.02757, ""bikini"": 0.000144, ""bird"": 2.7e-05, ""cleavage"": 0.828002, ""corset"": 0.042713, ""crop_top"": 0.001878, ""dog"": 2e-06, ""faceless"": 2e-06, ""food_focus"": 0.0, ""garter_straps"": 0.053623, ""helmet"": 8e-06, ""lingerie"": 2.4e-05, ""looking_at_viewer"": 0.811145, ""mask"": 6.4e-05, ""midriff"": 0.003255, ""multiple_girls"": 0.000381, ""navel"": 0.002401, ""no_humans"": 2.4e-05, ""onsen"": 1e-06, ""panties"": 0.000429, ""penguin"": 1e-06, ""school_swimsuit"": 6e-06, ""solo"": 0.97139, ""swimsuit"": 0.000211, ""thighhighs"": 0.472987, ""underwear"": 0.002796}",visual_review
bangdream_023_live_event_89_sr,classified,soft_review,"[""garter_straps"", ""soft_review_tag""]",rendered,src/data/deskpet/bangdream-rendered-resource-audit/rendered/bangdream_023_live_event_89_sr.png,completed,"{""1girl"": 0.996762, ""2girls"": 0.000301, ""animal"": 9.3e-05, ""animal_focus"": 3e-06, ""bare_shoulders"": 0.001274, ""bikini"": 0.000116, ""bird"": 4.6e-05, ""cleavage"": 0.001606, ""corset"": 0.001291, ""crop_top"": 0.00018, ""dog"": 5e-06, ""faceless"": 8e-06, ""food_focus"": 0.0, ""garter_straps"": 0.909596, ""helmet"": 9e-06, ""lingerie"": 1.7e-05, ""looking_at_viewer"": 0.67499, ""mask"": 0.000104, ""midriff"": 0.000276, ""multiple_girls"": 0.000376, ""navel"": 0.000658, ""no_humans"": 1.8e-05, ""onsen"": 2e-06, ""panties"": 0.00021, ""penguin"": 1e-06, ""school_swimsuit"": 8e-06, ""solo"": 0.96177, ""swimsuit"": 0.000235, ""thighhighs"": 0.914185, ""underwear"": 0.000672}",visual_review
bangdream_023_live_event_97_sr,classified,soft_review,"[""midriff"", ""navel"", ""soft_review_tag""]",rendered,src/data/deskpet/bangdream-rendered-resource-audit/rendered/bangdream_023_live_event_97_sr.png,completed,"{""1girl"": 0.995415, ""2girls"": 0.000164, ""animal"": 5.6e-05, ""animal_focus"": 1e-06, ""bare_shoulders"": 0.030283, ""bikini"": 0.000163, ""bird"": 0.000129, ""cleavage"": 0.001247, ""corset"": 1.5e-05, ""crop_top"": 0.399785, ""dog"": 3e-06, ""faceless"": 0.0, ""food_focus"": 0.0, ""garter_straps"": 6.8e-05, ""helmet"": 6.6e-05, ""lingerie"": 3e-06, ""looking_at_viewer"": 0.729278, ""mask"": 0.000125, ""midriff"": 0.792174, ""multiple_girls"": 0.000371, ""navel"": 0.902066, ""no_humans"": 9e-06, ""onsen"": 0.0, ""panties"": 0.000697, ""penguin"": 2e-06, ""school_swimsuit"": 5e-06, ""solo"": 0.966856, ""swimsuit"": 0.000219, ""thighhighs"": 0.002662, ""underwear"": 0.002773}",visual_review
bangdream_023_live_r_2018,classified,soft_review,"[""cleavage"", ""soft_review_tag""]",rendered,src/data/deskpet/bangdream-rendered-resource-audit/rendered/bangdream_023_live_r_2018.png,completed,"{""1girl"": 0.998688, ""2girls"": 0.000133, ""animal"": 0.000143, ""animal_focus"": 5e-06, ""bare_shoulders"": 0.001103, ""bikini"": 8.4e-05, ""bird"": 7.9e-05, ""cleavage"": 0.59481, ""corset"": 0.064134, ""crop_top"": 0.00036, ""dog"": 8e-06, ""faceless"": 4e-06, ""food_focus"": 0.0, ""garter_straps"": 0.000941, ""helmet"": 1.5e-05, ""lingerie"": 1e-05, ""looking_at_viewer"": 0.770075, ""mask"": 0.00026, ""midriff"": 0.000548, ""multiple_girls"": 0.000208, ""navel"": 0.000891, ""no_humans"": 2.3e-05, ""onsen"": 1e-06, ""panties"": 0.000358, ""penguin"": 1e-06, ""school_swimsuit"": 9e-06, ""solo"": 0.986571, ""swimsuit"": 0.000224, ""thighhighs"": 0.946063, ""underwear"": 0.000951}",visual_review
bangdream_023_live_r_2020,classified,soft_review,"[""garter_straps"", ""soft_review_tag""]",rendered,src/data/deskpet/bangdream-rendered-resource-audit/rendered/bangdream_023_live_r_2020.png,completed,"{""1girl"": 0.995644, ""2girls"": 0.000279, ""animal"": 5.5e-05, ""animal_focus"": 9e-06, ""bare_shoulders"": 0.000754, ""bikini"": 3.7e-05, ""bird"": 7e-05, ""cleavage"": 0.000868, ""corset"": 0.020406, ""crop_top"": 0.000179, ""dog"": 4e-06, ""faceless"": 2e-06, ""food_focus"": 0.0, ""garter_straps"": 0.980453, ""helmet"": 3.4e-05, ""lingerie"": 8e-06, ""looking_at_viewer"": 0.685729, ""mask"": 7.6e-05, ""midriff"": 0.000368, ""multiple_girls"": 0.000384, ""navel"": 0.000539, ""no_humans"": 3e-05, ""onsen"": 0.0, ""panties"": 0.000185, ""penguin"": 2e-06, ""school_swimsuit"": 1.8e-05, ""solo"": 0.968311, ""swimsuit"": 0.000102, ""thighhighs"": 0.929153, ""underwear"": 0.000512}",visual_review
bangdream_024_2018_dog,classified,soft_review,"[""qualification_review"", ""variant_keyword:dog""]",rendered,src/data/deskpet/bangdream-rendered-resource-audit/rendered/bangdream_024_2018_dog.png,completed,"{""1girl"": 0.995681, ""2girls"": 0.000291, ""animal"": 0.002994, ""animal_focus"": 6e-06, ""bare_shoulders"": 0.000711, ""bikini"": 3.7e-05, ""bird"": 5.7e-05, ""cleavage"": 0.000464, ""corset"": 1.2e-05, ""crop_top"": 7e-05, ""dog"": 0.000241, ""faceless"": 5.7e-05, ""food_focus"": 0.0, ""garter_straps"": 1.5e-05, ""helmet"": 0.000116, ""lingerie"": 6e-06, ""looking_at_viewer"": 0.784958, ""mask"": 0.000399, ""midriff"": 5.4e-05, ""multiple_girls"": 0.00059, ""navel"": 0.000581, ""no_humans"": 2.4e-05, ""onsen"": 2e-06, ""panties"": 0.0001, ""penguin"": 1e-06, ""school_swimsuit"": 8e-06, ""solo"": 0.965286, ""swimsuit"": 5.9e-05, ""thighhighs"": 0.001911, ""underwear"": 0.000242}",visual_review
bangdream_024_casual,classified,soft_review,"[""garter_straps"", ""soft_review_tag""]",rendered,src/data/deskpet/bangdream-rendered-resource-audit/rendered/bangdream_024_casual.png,completed,"{""1girl"": 0.99864, ""2girls"": 0.000151, ""animal"": 2.5e-05, ""animal_focus"": 1e-06, ""bare_shoulders"": 0.566117, ""bikini"": 5.3e-05, ""bird"": 3.8e-05, ""cleavage"": 0.000589, ""corset"": 0.070671, ""crop_top"": 0.000108, ""dog"": 2e-06, ""faceless"": 7e-06, ""food_focus"": 0.0, ""garter_straps"": 0.941038, ""helmet"": 2.3e-05, ""lingerie"": 1.9e-05, ""looking_at_viewer"": 0.77197, ""mask"": 0.000247, ""midriff"": 0.000528, ""multiple_girls"": 0.000128, ""navel"": 0.000965, ""no_humans"": 1.1e-05, ""onsen"": 0.0, ""panties"": 0.000146, ""penguin"": 0.0, ""school_swimsuit"": 1e-05, ""solo"": 0.986322, ""swimsuit"": 0.000123, ""thighhighs"": 0.953663, ""underwear"": 0.000375}",visual_review
bangdream_024_casual_winter-2023,classified,soft_review,"[""garter_straps"", ""soft_review_tag""]",rendered,src/data/deskpet/bangdream-rendered-resource-audit/rendered/bangdream_024_casual_winter-2023.png,completed,"{""1girl"": 0.997547, ""2girls"": 0.000161, ""animal"": 3.1e-05, ""animal_focus"": 1e-06, ""bare_shoulders"": 0.153465, ""bikini"": 7.6e-05, ""bird"": 5.5e-05, ""cleavage"": 0.001668, ""corset"": 6.7e-05, ""crop_top"": 0.000402, ""dog"": 5e-06, ""faceless"": 8e-06, ""food_focus"": 0.0, ""garter_straps"": 0.838406, ""helmet"": 7e-06, ""lingerie"": 7e-06, ""looking_at_viewer"": 0.823203, ""mask"": 0.000168, ""midriff"": 0.000458, ""multiple_girls"": 0.000203, ""navel"": 0.000546, ""no_humans"": 2.3e-05, ""onsen"": 0.0, ""panties"": 8.9e-05, ""penguin"": 0.0, ""school_swimsuit"": 3e-06, ""solo"": 0.988574, ""swimsuit"": 0.000143, ""thighhighs"": 0.497615, ""underwear"": 0.000225}",visual_review
bangdream_024_dream_festival,classified,soft_review,"[""garter_straps"", ""soft_review_tag""]",rendered,src/data/deskpet/bangdream-rendered-resource-audit/rendered/bangdream_024_dream_festival.png,completed,"{""1girl"": 0.997064, ""2girls"": 0.000348, ""animal"": 0.000117, ""animal_focus"": 1e-06, ""bare_shoulders"": 0.001883, ""bikini"": 3.5e-05, ""bird"": 4.7e-05, ""cleavage"": 0.000727, ""corset"": 0.235393, ""crop_top"": 0.00015, ""dog"": 2.7e-05, ""faceless"": 8e-06, ""food_focus"": 0.0, ""garter_straps"": 0.966835, ""helmet"": 1.7e-05, ""lingerie"": 2e-06, ""looking_at_viewer"": 0.81299, ""mask"": 0.00019, ""midriff"": 0.001019, ""multiple_girls"": 0.000307, ""navel"": 0.001118, ""no_humans"": 1.5e-05, ""onsen"": 1e-06, ""panties"": 8.2e-05, ""penguin"": 0.0, ""school_swimsuit"": 5e-06, ""solo"": 0.973909, ""swimsuit"": 7.9e-05, ""thighhighs"": 0.692337, ""underwear"": 0.000488}",visual_review
bangdream_024_dream_festival_2,classified,soft_review,"[""crop_top"", ""garter_straps"", ""soft_review_tag""]",rendered,src/data/deskpet/bangdream-rendered-resource-audit/rendered/bangdream_024_dream_festival_2.png,completed,"{""1girl"": 0.997065, ""2girls"": 0.000121, ""animal"": 3.5e-05, ""animal_focus"": 1e-06, ""bare_shoulders"": 0.221143, ""bikini"": 0.000152, ""bird"": 3.8e-05, ""cleavage"": 0.006083, ""corset"": 0.005906, ""crop_top"": 0.500083, ""dog"": 2e-06, ""faceless"": 1.9e-05, ""food_focus"": 0.0, ""garter_straps"": 0.865943, ""helmet"": 1.6e-05, ""lingerie"": 3.1e-05, ""looking_at_viewer"": 0.729611, ""mask"": 0.000244, ""midriff"": 0.307228, ""multiple_girls"": 0.000253, ""navel"": 0.009894, ""no_humans"": 2e-06, ""onsen"": 1e-06, ""panties"": 0.000184, ""penguin"": 0.0, ""school_swimsuit"": 8e-06, ""solo"": 0.9765, ""swimsuit"": 0.000323, ""thighhighs"": 0.86141, ""underwear"": 0.000367}",visual_review
bangdream_024_dream_festival_3_ur,classified,soft_review,"[""midriff"", ""soft_review_tag""]",rendered,src/data/deskpet/bangdream-rendered-resource-audit/rendered/bangdream_024_dream_festival_3_ur.png,completed,"{""1girl"": 0.998926, ""2girls"": 0.000147, ""animal"": 2.3e-05, ""animal_focus"": 0.0, ""bare_shoulders"": 0.45488, ""bikini"": 0.003688, ""bird"": 2.7e-05, ""cleavage"": 0.052394, ""corset"": 4.6e-05, ""crop_top"": 0.085807, ""dog"": 4e-06, ""faceless"": 1e-06, ""food_focus"": 1e-06, ""garter_straps"": 0.000174, ""helmet"": 1.7e-05, ""lingerie"": 8.9e-05, ""looking_at_viewer"": 0.882452, ""mask"": 3.4e-05, ""midriff"": 0.597419, ""multiple_girls"": 0.00014, ""navel"": 0.340607, ""no_humans"": 4e-06, ""onsen"": 0.0, ""panties"": 0.004391, ""penguin"": 0.0, ""school_swimsuit"": 1.1e-05, ""solo"": 0.991769, ""swimsuit"": 0.006513, ""thighhighs"": 0.002231, ""underwear"": 0.193876}",visual_review
bangdream_024_live_event_128_r,classified,soft_review,"[""garter_straps"", ""soft_review_tag""]",rendered,src/data/deskpet/bangdream-rendered-resource-audit/rendered/bangdream_024_live_event_128_r.png,completed,"{""1girl"": 0.998604, ""2girls"": 0.000186, ""animal"": 0.000131, ""animal_focus"": 1e-06, ""bare_shoulders"": 0.000902, ""bikini"": 5.1e-05, ""bird"": 8.6e-05, ""cleavage"": 0.000218, ""corset"": 0.000399, ""crop_top"": 3.1e-05, ""dog"": 5e-06, ""faceless"": 5e-06, ""food_focus"": 0.0, ""garter_straps"": 0.955916, ""helmet"": 1.7e-05, ""lingerie"": 3e-06, ""looking_at_viewer"": 0.874416, ""mask"": 2.3e-05, ""midriff"": 8.2e-05, ""multiple_girls"": 0.000181, ""navel"": 0.000431, ""no_humans"": 4e-06, ""onsen"": 0.0, ""panties"": 0.000163, ""penguin"": 0.0, ""school_swimsuit"": 5e-06, ""solo"": 0.97883, ""swimsuit"": 0.000107, ""thighhighs"": 0.94795, ""underwear"": 0.000267}",visual_review
bangdream_024_live_event_12_ssr,classified,soft_review,"[""garter_straps"", ""soft_review_tag""]",rendered,src/data/deskpet/bangdream-rendered-resource-audit/rendered/bangdream_024_live_event_12_ssr.png,completed,"{""1girl"": 0.997542, ""2girls"": 0.000268, ""animal"": 0.000586, ""animal_focus"": 1.1e-05, ""bare_shoulders"": 0.000772, ""bikini"": 0.000108, ""bird"": 7.1e-05, ""cleavage"": 0.000589, ""corset"": 2.6e-05, ""crop_top"": 0.000211, ""dog"": 5e-06, ""faceless"": 2.1e-05, ""food_focus"": 0.0, ""garter_straps"": 0.953801, ""helmet"": 5.2e-05, ""lingerie"": 5e-05, ""looking_at_viewer"": 0.877741, ""mask"": 2e-05, ""midriff"": 0.000495, ""multiple_girls"": 0.000341, ""navel"": 0.001312, ""no_humans"": 1.2e-05, ""onsen"": 1e-06, ""panties"": 0.00034, ""penguin"": 3e-06, ""school_swimsuit"": 3.3e-05, ""solo"": 0.982093, ""swimsuit"": 0.000344, ""thighhighs"": 0.640687, ""underwear"": 0.000591}",visual_review
bangdream_024_live_event_139_ssr,classified,soft_review,"[""garter_straps"", ""soft_review_tag""]",rendered,src/data/deskpet/bangdream-rendered-resource-audit/rendered/bangdream_024_live_event_139_ssr.png,completed,"{""1girl"": 0.997937, ""2girls"": 0.00021, ""animal"": 0.000113, ""animal_focus"": 1e-06, ""bare_shoulders"": 0.001562, ""bikini"": 9.6e-05, ""bird"": 4.7e-05, ""cleavage"": 0.000307, ""corset"": 0.001727, ""crop_top"": 7.3e-05, ""dog"": 8e-06, ""faceless"": 8e-06, ""food_focus"": 0.0, ""garter_straps"": 0.761332, ""helmet"": 1.1e-05, ""lingerie"": 4e-06, ""looking_at_viewer"": 0.803266, ""mask"": 0.000384, ""midriff"": 0.000374, ""multiple_girls"": 0.000328, ""navel"": 0.001413, ""no_humans"": 3e-06, ""onsen"": 0.0, ""panties"": 0.000147, ""penguin"": 1e-06, ""school_swimsuit"": 1.1e-05, ""solo"": 0.972115, ""swimsuit"": 0.000212, ""thighhighs"": 0.848946, ""underwear"": 0.000434}",visual_review
bangdream_024_live_event_145_sr,classified,soft_review,"[""garter_straps"", ""soft_review_tag""]",rendered,src/data/deskpet/bangdream-rendered-resource-audit/rendered/bangdream_024_live_event_145_sr.png,completed,"{""1girl"": 0.996873, ""2girls"": 0.000153, ""animal"": 6.3e-05, ""animal_focus"": 1e-06, ""bare_shoulders"": 0.334233, ""bikini"": 0.00014, ""bird"": 4.8e-05, ""cleavage"": 0.000812, ""corset"": 0.912897, ""crop_top"": 0.000359, ""dog"": 2.7e-05, ""faceless"": 7e-06, ""food_focus"": 2e-06, ""garter_straps"": 0.924667, ""helmet"": 1.4e-05, ""lingerie"": 1.9e-05, ""looking_at_viewer"": 0.784981, ""mask"": 5.8e-05, ""midriff"": 0.001517, ""multiple_girls"": 0.00018, ""navel"": 0.001638, ""no_humans"": 1.2e-05, ""onsen"": 0.0, ""panties"": 0.000117, ""penguin"": 9e-06, ""school_swimsuit"": 9e-06, ""solo"": 0.981456, ""swimsuit"": 0.000274, ""thighhighs"": 0.823703, ""underwear"": 0.000214}",visual_review
bangdream_024_live_event_150_ssr,classified,soft_review,"[""midriff"", ""soft_review_tag""]",rendered,src/data/deskpet/bangdream-rendered-resource-audit/rendered/bangdream_024_live_event_150_ssr.png,completed,"{""1girl"": 0.998635, ""2girls"": 7.1e-05, ""animal"": 3.5e-05, ""animal_focus"": 0.0, ""bare_shoulders"": 0.189318, ""bikini"": 9.7e-05, ""bird"": 0.000161, ""cleavage"": 0.000391, ""corset"": 5.2e-05, ""crop_top"": 0.090635, ""dog"": 2.2e-05, ""faceless"": 2e-06, ""food_focus"": 0.0, ""garter_straps"": 0.000108, ""helmet"": 4e-06, ""lingerie"": 1e-06, ""looking_at_viewer"": 0.923721, ""mask"": 3.3e-05, ""midriff"": 0.586485, ""multiple_girls"": 9.6e-05, ""navel"": 0.043412, ""no_humans"": 5e-06, ""onsen"": 0.0, ""panties"": 0.000147, ""penguin"": 8e-06, ""school_swimsuit"": 2e-06, ""solo"": 0.99069, ""swimsuit"": 0.00021, ""thighhighs"": 0.001879, ""underwear"": 0.000271}",visual_review
bangdream_024_live_event_184_ssr,classified,soft_review,"[""garter_straps"", ""soft_review_tag""]",rendered,src/data/deskpet/bangdream-rendered-resource-audit/rendered/bangdream_024_live_event_184_ssr.png,completed,"{""1girl"": 0.997572, ""2girls"": 0.000241, ""animal"": 8.3e-05, ""animal_focus"": 1e-06, ""bare_shoulders"": 0.001083, ""bikini"": 3e-05, ""bird"": 2.2e-05, ""cleavage"": 0.000336, ""corset"": 0.841354, ""crop_top"": 2.5e-05, ""dog"": 1.5e-05, ""faceless"": 8e-06, ""food_focus"": 0.0, ""garter_straps"": 0.559333, ""helmet"": 5e-06, ""lingerie"": 4e-06, ""looking_at_viewer"": 0.675123, ""mask"": 0.0001, ""midriff"": 0.000433, ""multiple_girls"": 0.000297, ""navel"": 0.000601, ""no_humans"": 1.3e-05, ""onsen"": 0.0, ""panties"": 7.5e-05, ""penguin"": 0.0, ""school_swimsuit"": 4e-06, ""solo"": 0.981093, ""swimsuit"": 7.7e-05, ""thighhighs"": 0.006086, ""underwear"": 0.000255}",visual_review
bangdream_024_live_event_221_r,classified,soft_review,"[""garter_straps"", ""soft_review_tag""]",rendered,src/data/deskpet/bangdream-rendered-resource-audit/rendered/bangdream_024_live_event_221_r.png,completed,"{""1girl"": 0.998543, ""2girls"": 0.0001, ""animal"": 6e-06, ""animal_focus"": 0.0, ""bare_shoulders"": 0.243227, ""bikini"": 7e-05, ""bird"": 5e-05, ""cleavage"": 0.000554, ""corset"": 0.001028, ""crop_top"": 0.000162, ""dog"": 1e-06, ""faceless"": 2e-06, ""food_focus"": 0.0, ""garter_straps"": 0.960659, ""helmet"": 4e-06, ""lingerie"": 5e-06, ""looking_at_viewer"": 0.870814, ""mask"": 3.9e-05, ""midriff"": 0.000327, ""multiple_girls"": 0.000161, ""navel"": 0.000427, ""no_humans"": 3e-06, ""onsen"": 0.0, ""panties"": 0.00018, ""penguin"": 1e-06, ""school_swimsuit"": 1e-06, ""solo"": 0.988678, ""swimsuit"": 0.000104, ""thighhighs"": 0.98374, ""underwear"": 0.00027}",visual_review
bangdream_024_live_event_312_ssr,classified,soft_review,"[""garter_straps"", ""soft_review_tag""]",rendered,src/data/deskpet/bangdream-rendered-resource-audit/rendered/bangdream_024_live_event_312_ssr.png,completed,"{""1girl"": 0.995933, ""2girls"": 0.000398, ""animal"": 6.2e-05, ""animal_focus"": 1e-06, ""bare_shoulders"": 0.011978, ""bikini"": 6e-05, ""bird"": 0.000102, ""cleavage"": 0.000914, ""corset"": 0.000238, ""crop_top"": 0.013273, ""dog"": 7e-06, ""faceless"": 1.5e-05, ""food_focus"": 0.0, ""garter_straps"": 0.841637, ""helmet"": 1.2e-05, ""lingerie"": 6e-06, ""looking_at_viewer"": 0.650341, ""mask"": 0.000236, ""midriff"": 0.0023, ""multiple_girls"": 0.000451, ""navel"": 0.00142, ""no_humans"": 3.7e-05, ""onsen"": 1e-06, ""panties"": 0.000193, ""penguin"": 6e-06, ""school_swimsuit"": 1e-05, ""solo"": 0.925947, ""swimsuit"": 0.000163, ""thighhighs"": 0.945552, ""underwear"": 0.000282}",visual_review
bangdream_024_live_event_33_r,classified,soft_review,"[""midriff"", ""navel"", ""soft_review_tag""]",rendered,src/data/deskpet/bangdream-rendered-resource-audit/rendered/bangdream_024_live_event_33_r.png,completed,"{""1girl"": 0.998661, ""2girls"": 0.000165, ""animal"": 6.2e-05, ""animal_focus"": 1e-06, ""bare_shoulders"": 0.00253, ""bikini"": 0.000148, ""bird"": 2.3e-05, ""cleavage"": 0.00156, ""corset"": 1.6e-05, ""crop_top"": 0.05661, ""dog"": 8e-06, ""faceless"": 6e-06, ""food_focus"": 0.0, ""garter_straps"": 5.7e-05, ""helmet"": 1.4e-05, ""lingerie"": 5e-06, ""looking_at_viewer"": 0.907047, ""mask"": 6.4e-05, ""midriff"": 0.711099, ""multiple_girls"": 0.000239, ""navel"": 0.937846, ""no_humans"": 5e-06, ""onsen"": 0.0, ""panties"": 0.000145, ""penguin"": 1e-06, ""school_swimsuit"": 3e-06, ""solo"": 0.987006, ""swimsuit"": 0.000339, ""thighhighs"": 0.00229, ""underwear"": 0.000346}",visual_review
bangdream_024_live_event_51_ssr,classified,soft_review,"[""garter_straps"", ""soft_review_tag""]",rendered,src/data/deskpet/bangdream-rendered-resource-audit/rendered/bangdream_024_live_event_51_ssr.png,completed,"{""1girl"": 0.998004, ""2girls"": 0.000149, ""animal"": 0.000144, ""animal_focus"": 1e-06, ""bare_shoulders"": 0.000996, ""bikini"": 0.000139, ""bird"": 2.1e-05, ""cleavage"": 0.005296, ""corset"": 0.989018, ""crop_top"": 5.1e-05, ""dog"": 3e-05, ""faceless"": 4e-06, ""food_focus"": 0.0, ""garter_straps"": 0.958679, ""helmet"": 1.7e-05, ""lingerie"": 9e-06, ""looking_at_viewer"": 0.816234, ""mask"": 8.2e-05, ""midriff"": 0.000159, ""multiple_girls"": 0.000166, ""navel"": 0.000983, ""no_humans"": 1.6e-05, ""onsen"": 1e-06, ""panties"": 0.000292, ""penguin"": 0.0, ""school_swimsuit"": 5e-06, ""solo"": 0.987919, ""swimsuit"": 0.000268, ""thighhighs"": 0.979734, ""underwear"": 0.000924}",visual_review
bangdream_024_live_event_52_sr,classified,soft_review,"[""midriff"", ""navel"", ""soft_review_tag""]",rendered,src/data/deskpet/bangdream-rendered-resource-audit/rendered/bangdream_024_live_event_52_sr.png,completed,"{""1girl"": 0.997666, ""2girls"": 0.000292, ""animal"": 7.2e-05, ""animal_focus"": 2e-06, ""bare_shoulders"": 0.198806, ""bikini"": 0.018582, ""bird"": 2.6e-05, ""cleavage"": 0.008649, ""corset"": 3.9e-05, ""crop_top"": 0.061089, ""dog"": 2e-06, ""faceless"": 4e-06, ""food_focus"": 0.0, ""garter_straps"": 6.7e-05, ""helmet"": 1.8e-05, ""lingerie"": 0.000289, ""looking_at_viewer"": 0.667967, ""mask"": 6.4e-05, ""midriff"": 0.533031, ""multiple_girls"": 0.000323, ""navel"": 0.890623, ""no_humans"": 9e-06, ""onsen"": 0.0, ""panties"": 0.001074, ""penguin"": 2e-06, ""school_swimsuit"": 5.3e-05, ""solo"": 0.965256, ""swimsuit"": 0.062451, ""thighhighs"": 0.001672, ""underwear"": 0.014626}",visual_review
bangdream_024_live_event_60_ssr,classified,soft_review,"[""garter_straps"", ""midriff"", ""navel"", ""soft_review_tag""]",rendered,src/data/deskpet/bangdream-rendered-resource-audit/rendered/bangdream_024_live_event_60_ssr.png,completed,"{""1girl"": 0.997094, ""2girls"": 0.000113, ""animal"": 0.000123, ""animal_focus"": 2e-06, ""bare_shoulders"": 0.079985, ""bikini"": 0.000373, ""bird"": 3.5e-05, ""cleavage"": 0.003455, ""corset"": 0.002353, ""crop_top"": 0.439863, ""dog"": 1.2e-05, ""faceless"": 6e-06, ""food_focus"": 0.0, ""garter_straps"": 0.790702, ""helmet"": 1.5e-05, ""lingerie"": 3.9e-05, ""looking_at_viewer"": 0.702079, ""mask"": 0.000111, ""midriff"": 0.848427, ""multiple_girls"": 0.000265, ""navel"": 0.938093, ""no_humans"": 1.1e-05, ""onsen"": 0.0, ""panties"": 0.000346, ""penguin"": 0.0, ""school_swimsuit"": 7e-06, ""solo"": 0.971982, ""swimsuit"": 0.000481, ""thighhighs"": 0.884998, ""underwear"": 0.001277}",visual_review
bangdream_024_live_event_69_r,classified,soft_review,"[""garter_straps"", ""midriff"", ""navel"", ""soft_review_tag""]",rendered,src/data/deskpet/bangdream-rendered-resource-audit/rendered/bangdream_024_live_event_69_r.png,completed,"{""1girl"": 0.99882, ""2girls"": 0.000179, ""animal"": 6.6e-05, ""animal_focus"": 0.0, ""bare_shoulders"": 0.004346, ""bikini"": 0.000225, ""bird"": 1e-05, ""cleavage"": 0.100243, ""corset"": 3e-05, ""crop_top"": 0.344129, ""dog"": 8e-06, ""faceless"": 3e-06, ""food_focus"": 0.0, ""garter_straps"": 0.746515, ""helmet"": 7e-06, ""lingerie"": 8e-06, ""looking_at_viewer"": 0.91064, ""mask"": 2.4e-05, ""midriff"": 0.907101, ""multiple_girls"": 0.000184, ""navel"": 0.952575, ""no_humans"": 1e-06, ""onsen"": 0.0, ""panties"": 0.000133, ""penguin"": 1e-06, ""school_swimsuit"": 2.2e-05, ""solo"": 0.990297, ""swimsuit"": 0.000367, ""thighhighs"": 0.033352, ""underwear"": 0.000581}",visual_review
bangdream_025_2018_dog,classified,soft_review,"[""qualification_review"", ""variant_keyword:dog""]",rendered,src/data/deskpet/bangdream-rendered-resource-audit/rendered/bangdream_025_2018_dog.png,completed,"{""1girl"": 0.998226, ""2girls"": 0.000163, ""animal"": 0.000702, ""animal_focus"": 2e-06, ""bare_shoulders"": 0.007008, ""bikini"": 0.000296, ""bird"": 6.3e-05, ""cleavage"": 0.039019, ""corset"": 1.9e-05, ""crop_top"": 0.274948, ""dog"": 0.008664, ""faceless"": 2e-06, ""food_focus"": 0.0, ""garter_straps"": 0.000141, ""helmet"": 1.7e-05, ""lingerie"": 4e-06, ""looking_at_viewer"": 0.849279, ""mask"": 5.4e-05, ""midriff"": 0.530251, ""multiple_girls"": 0.000309, ""navel"": 0.815663, ""no_humans"": 1.1e-05, ""onsen"": 1e-06, ""panties"": 0.000388, ""penguin"": 1e-06, ""school_swimsuit"": 2.3e-05, ""solo"": 0.988689, ""swimsuit"": 0.000331, ""thighhighs"": 0.028966, ""underwear"": 0.000546}",visual_review
bangdream_025_dream_festival,classified,soft_review,"[""garter_straps"", ""soft_review_tag""]",rendered,src/data/deskpet/bangdream-rendered-resource-audit/rendered/bangdream_025_dream_festival.png,completed,"{""1girl"": 0.997497, ""2girls"": 0.000409, ""animal"": 0.000162, ""animal_focus"": 1e-06, ""bare_shoulders"": 0.008886, ""bikini"": 9.5e-05, ""bird"": 0.000157, ""cleavage"": 0.318701, ""corset"": 0.000205, ""crop_top"": 0.000109, ""dog"": 3e-06, ""faceless"": 3e-06, ""food_focus"": 0.0, ""garter_straps"": 0.64414, ""helmet"": 1.6e-05, ""lingerie"": 4e-06, ""looking_at_viewer"": 0.579113, ""mask"": 0.000156, ""midriff"": 0.000829, ""multiple_girls"": 0.000352, ""navel"": 0.001414, ""no_humans"": 6e-06, ""onsen"": 1e-06, ""panties"": 0.000209, ""penguin"": 0.0, ""school_swimsuit"": 1e-05, ""solo"": 0.975183, ""swimsuit"": 0.000212, ""thighhighs"": 0.877151, ""underwear"": 0.000338}",visual_review
bangdream_025_fantasy,classified,soft_review,"[""cleavage"", ""soft_review_tag""]",rendered,src/data/deskpet/bangdream-rendered-resource-audit/rendered/bangdream_025_fantasy.png,completed,"{""1girl"": 0.997894, ""2girls"": 0.000336, ""animal"": 3e-05, ""animal_focus"": 1e-06, ""bare_shoulders"": 0.003019, ""bikini"": 0.000105, ""bird"": 0.000163, ""cleavage"": 0.61378, ""corset"": 8.1e-05, ""crop_top"": 0.000128, ""dog"": 2e-06, ""faceless"": 1.3e-05, ""food_focus"": 1e-06, ""garter_straps"": 0.498996, ""helmet"": 2.4e-05, ""lingerie"": 2.4e-05, ""looking_at_viewer"": 0.830647, ""mask"": 8.4e-05, ""midriff"": 0.000284, ""multiple_girls"": 0.000344, ""navel"": 0.00212, ""no_humans"": 2.4e-05, ""onsen"": 1e-06, ""panties"": 0.000383, ""penguin"": 3e-06, ""school_swimsuit"": 7e-06, ""solo"": 0.975218, ""swimsuit"": 0.000208, ""thighhighs"": 0.883497, ""underwear"": 0.000598}",visual_review
bangdream_025_live_event_10_ssr,classified,soft_review,"[""cleavage"", ""soft_review_tag""]",rendered,src/data/deskpet/bangdream-rendered-resource-audit/rendered/bangdream_025_live_event_10_ssr.png,completed,"{""1girl"": 0.998317, ""2girls"": 0.000294, ""animal"": 0.000139, ""animal_focus"": 1e-06, ""bare_shoulders"": 0.310457, ""bikini"": 0.000167, ""bird"": 6.8e-05, ""cleavage"": 0.930884, ""corset"": 9e-06, ""crop_top"": 4.7e-05, ""dog"": 3e-06, ""faceless"": 7e-06, ""food_focus"": 1e-06, ""garter_straps"": 2.4e-05, ""helmet"": 1.3e-05, ""lingerie"": 4.5e-05, ""looking_at_viewer"": 0.774933, ""mask"": 0.000137, ""midriff"": 0.000317, ""multiple_girls"": 0.00033, ""navel"": 0.001406, ""no_humans"": 2.3e-05, ""onsen"": 1e-06, ""panties"": 0.000455, ""penguin"": 1e-06, ""school_swimsuit"": 3e-06, ""solo"": 0.950049, ""swimsuit"": 0.00035, ""thighhighs"": 0.000745, ""underwear"": 0.001047}",visual_review
bangdream_025_live_event_252_ur,classified,soft_review,"[""cleavage"", ""soft_review_tag""]",rendered,src/data/deskpet/bangdream-rendered-resource-audit/rendered/bangdream_025_live_event_252_ur.png,completed,"{""1girl"": 0.997915, ""2girls"": 0.000411, ""animal"": 0.000111, ""animal_focus"": 1e-06, ""bare_shoulders"": 0.023969, ""bikini"": 0.000119, ""bird"": 5.1e-05, ""cleavage"": 0.698753, ""corset"": 0.170943, ""crop_top"": 7e-05, ""dog"": 2e-06, ""faceless"": 1e-06, ""food_focus"": 1e-06, ""garter_straps"": 8.1e-05, ""helmet"": 1.6e-05, ""lingerie"": 0.000207, ""looking_at_viewer"": 0.777603, ""mask"": 6.6e-05, ""midriff"": 0.000225, ""multiple_girls"": 0.000374, ""navel"": 0.001072, ""no_humans"": 3.1e-05, ""onsen"": 1e-06, ""panties"": 0.000597, ""penguin"": 1e-06, ""school_swimsuit"": 3e-06, ""solo"": 0.945893, ""swimsuit"": 0.000274, ""thighhighs"": 0.001102, ""underwear"": 0.001399}",visual_review
bangdream_025_live_event_284_r,classified,soft_review,"[""cleavage"", ""soft_review_tag""]",rendered,src/data/deskpet/bangdream-rendered-resource-audit/rendered/bangdream_025_live_event_284_r.png,completed,"{""1girl"": 0.997521, ""2girls"": 0.000323, ""animal"": 0.00014, ""animal_focus"": 1e-06, ""bare_shoulders"": 0.003428, ""bikini"": 0.000167, ""bird"": 0.000131, ""cleavage"": 0.840582, ""corset"": 0.627398, ""crop_top"": 0.000103, ""dog"": 1e-05, ""faceless"": 4e-06, ""food_focus"": 0.0, ""garter_straps"": 0.000354, ""helmet"": 1.7e-05, ""lingerie"": 2.4e-05, ""looking_at_viewer"": 0.634246, ""mask"": 0.00011, ""midriff"": 0.000254, ""multiple_girls"": 0.000476, ""navel"": 0.000951, ""no_humans"": 1.1e-05, ""onsen"": 0.0, ""panties"": 0.00048, ""penguin"": 2e-06, ""school_swimsuit"": 1.4e-05, ""solo"": 0.96216, ""swimsuit"": 0.000273, ""thighhighs"": 0.003404, ""underwear"": 0.000792}",visual_review
bangdream_025_live_event_52_r,classified,soft_review,"[""navel"", ""soft_review_tag""]",rendered,src/data/deskpet/bangdream-rendered-resource-audit/rendered/bangdream_025_live_event_52_r.png,completed,"{""1girl"": 0.995982, ""2girls"": 0.000392, ""animal"": 8.3e-05, ""animal_focus"": 3e-06, ""bare_shoulders"": 0.325458, ""bikini"": 0.001037, ""bird"": 8.8e-05, ""cleavage"": 0.278163, ""corset"": 3.1e-05, ""crop_top"": 0.014996, ""dog"": 1e-06, ""faceless"": 1e-05, ""food_focus"": 0.0, ""garter_straps"": 3.6e-05, ""helmet"": 1.4e-05, ""lingerie"": 0.000121, ""looking_at_viewer"": 0.458787, ""mask"": 5.8e-05, ""midriff"": 0.437418, ""multiple_girls"": 0.000446, ""navel"": 0.76454, ""no_humans"": 1.8e-05, ""onsen"": 0.0, ""panties"": 0.001276, ""penguin"": 8e-06, ""school_swimsuit"": 1.9e-05, ""solo"": 0.896076, ""swimsuit"": 0.002064, ""thighhighs"": 0.001874, ""underwear"": 0.004307}",visual_review
bangdream_025_live_event_60_r,classified,soft_review,"[""cleavage"", ""soft_review_tag""]",rendered,src/data/deskpet/bangdream-rendered-resource-audit/rendered/bangdream_025_live_event_60_r.png,completed,"{""1girl"": 0.998311, ""2girls"": 0.000359, ""animal"": 0.000369, ""animal_focus"": 1e-06, ""bare_shoulders"": 0.01993, ""bikini"": 0.000118, ""bird"": 9.2e-05, ""cleavage"": 0.722718, ""corset"": 0.303127, ""crop_top"": 0.000458, ""dog"": 1e-06, ""faceless"": 2e-06, ""food_focus"": 0.0, ""garter_straps"": 9.2e-05, ""helmet"": 1.2e-05, ""lingerie"": 7.5e-05, ""looking_at_viewer"": 0.736489, ""mask"": 7.6e-05, ""midriff"": 0.001194, ""multiple_girls"": 0.000323, ""navel"": 0.00135, ""no_humans"": 5e-06, ""onsen"": 0.0, ""panties"": 0.000537, ""penguin"": 0.0, ""school_swimsuit"": 7e-06, ""solo"": 0.948441, ""swimsuit"": 0.000266, ""thighhighs"": 0.005389, ""underwear"": 0.001041}",visual_review
bangdream_025_live_event_78_sr,classified,soft_review,"[""garter_straps"", ""soft_review_tag""]",rendered,src/data/deskpet/bangdream-rendered-resource-audit/rendered/bangdream_025_live_event_78_sr.png,completed,"{""1girl"": 0.995298, ""2girls"": 0.000477, ""animal"": 9.5e-05, ""animal_focus"": 1e-06, ""bare_shoulders"": 0.532391, ""bikini"": 0.000164, ""bird"": 0.000174, ""cleavage"": 0.319221, ""corset"": 0.004607, ""crop_top"": 0.000259, ""dog"": 1e-06, ""faceless"": 1.1e-05, ""food_focus"": 0.0, ""garter_straps"": 0.508277, ""helmet"": 6e-05, ""lingerie"": 6.3e-05, ""looking_at_viewer"": 0.518026, ""mask"": 0.000166, ""midriff"": 0.007655, ""multiple_girls"": 0.000478, ""navel"": 0.223448, ""no_humans"": 7e-06, ""onsen"": 0.0, ""panties"": 0.000764, ""penguin"": 0.0, ""school_swimsuit"": 9e-06, ""solo"": 0.8806, ""swimsuit"": 0.000305, ""thighhighs"": 0.309568, ""underwear"": 0.001259}",visual_review
bangdream_025_live_r_2018,classified,soft_review,"[""cleavage"", ""soft_review_tag""]",rendered,src/data/deskpet/bangdream-rendered-resource-audit/rendered/bangdream_025_live_r_2018.png,completed,"{""1girl"": 0.998498, ""2girls"": 0.000199, ""animal"": 0.000177, ""animal_focus"": 2e-06, ""bare_shoulders"": 0.001095, ""bikini"": 6.6e-05, ""bird"": 0.000129, ""cleavage"": 0.693679, ""corset"": 0.159855, ""crop_top"": 0.000137, ""dog"": 3e-06, ""faceless"": 4e-06, ""food_focus"": 0.0, ""garter_straps"": 2.5e-05, ""helmet"": 5e-06, ""lingerie"": 3e-06, ""looking_at_viewer"": 0.702333, ""mask"": 0.000242, ""midriff"": 0.000354, ""multiple_girls"": 0.00025, ""navel"": 0.000553, ""no_humans"": 1.8e-05, ""onsen"": 0.0, ""panties"": 0.000157, ""penguin"": 0.0, ""school_swimsuit"": 3e-06, ""solo"": 0.986449, ""swimsuit"": 0.000124, ""thighhighs"": 0.000507, ""underwear"": 0.000321}",visual_review
bangdream_026_dream_festival_2,classified,soft_review,"[""cleavage"", ""soft_review_tag""]",rendered,src/data/deskpet/bangdream-rendered-resource-audit/rendered/bangdream_026_dream_festival_2.png,completed,"{""1girl"": 0.998021, ""2girls"": 0.000209, ""animal"": 2.9e-05, ""animal_focus"": 1e-06, ""bare_shoulders"": 0.06941, ""bikini"": 0.000188, ""bird"": 3.1e-05, ""cleavage"": 0.702949, ""corset"": 6e-05, ""crop_top"": 2.3e-05, ""dog"": 1e-06, ""faceless"": 8e-06, ""food_focus"": 0.0, ""garter_straps"": 7.7e-05, ""helmet"": 1.4e-05, ""lingerie"": 1.1e-05, ""looking_at_viewer"": 0.865075, ""mask"": 2e-05, ""midriff"": 0.000213, ""multiple_girls"": 0.000239, ""navel"": 0.000576, ""no_humans"": 2.4e-05, ""onsen"": 0.0, ""panties"": 0.00031, ""penguin"": 1e-06, ""school_swimsuit"": 2e-06, ""solo"": 0.985257, ""swimsuit"": 0.000334, ""thighhighs"": 0.002677, ""underwear"": 0.000735}",visual_review
bangdream_026_event_203_story_01,classified,soft_review,"[""mask"", ""qualification_review""]",rendered,src/data/deskpet/bangdream-rendered-resource-audit/rendered/bangdream_026_event_203_story_01.png,completed,"{""1girl"": 0.99259, ""2girls"": 0.000596, ""animal"": 5.4e-05, ""animal_focus"": 2e-06, ""bare_shoulders"": 0.001279, ""bikini"": 0.000129, ""bird"": 3.4e-05, ""cleavage"": 0.000887, ""corset"": 2.1e-05, ""crop_top"": 6.6e-05, ""dog"": 8e-06, ""faceless"": 4.9e-05, ""food_focus"": 8e-06, ""garter_straps"": 0.000311, ""helmet"": 1.7e-05, ""lingerie"": 1.8e-05, ""looking_at_viewer"": 0.763966, ""mask"": 0.978304, ""midriff"": 0.000248, ""multiple_girls"": 0.000538, ""navel"": 0.001985, ""no_humans"": 9.1e-05, ""onsen"": 1e-06, ""panties"": 0.000245, ""penguin"": 2e-06, ""school_swimsuit"": 4e-06, ""solo"": 0.939887, ""swimsuit"": 0.000236, ""thighhighs"": 0.003805, ""underwear"": 0.000561}",visual_review
bangdream_026_live_event_132_ssr,classified,soft_review,"[""garter_straps"", ""soft_review_tag""]",rendered,src/data/deskpet/bangdream-rendered-resource-audit/rendered/bangdream_026_live_event_132_ssr.png,completed,"{""1girl"": 0.995923, ""2girls"": 0.00037, ""animal"": 6.4e-05, ""animal_focus"": 3e-06, ""bare_shoulders"": 0.095793, ""bikini"": 7.6e-05, ""bird"": 0.000126, ""cleavage"": 0.000747, ""corset"": 0.0008, ""crop_top"": 7.5e-05, ""dog"": 7e-06, ""faceless"": 1.1e-05, ""food_focus"": 1e-06, ""garter_straps"": 0.681942, ""helmet"": 1.4e-05, ""lingerie"": 4e-06, ""looking_at_viewer"": 0.899137, ""mask"": 2.2e-05, ""midriff"": 0.000227, ""multiple_girls"": 0.00062, ""navel"": 0.000456, ""no_humans"": 9e-06, ""onsen"": 1e-06, ""panties"": 0.000197, ""penguin"": 5e-06, ""school_swimsuit"": 4e-06, ""solo"": 0.957768, ""swimsuit"": 0.000141, ""thighhighs"": 0.894515, ""underwear"": 0.00039}",visual_review
bangdream_026_live_event_137_r,classified,soft_review,"[""cleavage"", ""soft_review_tag""]",rendered,src/data/deskpet/bangdream-rendered-resource-audit/rendered/bangdream_026_live_event_137_r.png,completed,"{""1girl"": 0.997976, ""2girls"": 0.000216, ""animal"": 0.000114, ""animal_focus"": 3e-06, ""bare_shoulders"": 0.353145, ""bikini"": 0.000141, ""bird"": 7.5e-05, ""cleavage"": 0.822907, ""corset"": 0.094286, ""crop_top"": 0.000222, ""dog"": 6e-06, ""faceless"": 9e-06, ""food_focus"": 0.0, ""garter_straps"": 0.009432, ""helmet"": 1.5e-05, ""lingerie"": 3.3e-05, ""looking_at_viewer"": 0.87046, ""mask"": 3.7e-05, ""midriff"": 0.000565, ""multiple_girls"": 0.000222, ""navel"": 0.002157, ""no_humans"": 9e-06, ""onsen"": 0.0, ""panties"": 0.000236, ""penguin"": 5e-06, ""school_swimsuit"": 4e-06, ""solo"": 0.972649, ""swimsuit"": 0.000311, ""thighhighs"": 0.768167, ""underwear"": 0.000376}",visual_review
bangdream_026_live_ssr_01,classified,soft_review,"[""garter_straps"", ""soft_review_tag""]",rendered,src/data/deskpet/bangdream-rendered-resource-audit/rendered/bangdream_026_live_ssr_01.png,completed,"{""1girl"": 0.994469, ""2girls"": 0.000436, ""animal"": 2.9e-05, ""animal_focus"": 3e-06, ""bare_shoulders"": 0.00307, ""bikini"": 0.000155, ""bird"": 8.3e-05, ""cleavage"": 0.031419, ""corset"": 0.028602, ""crop_top"": 0.00039, ""dog"": 3e-06, ""faceless"": 3e-06, ""food_focus"": 0.0, ""garter_straps"": 0.895013, ""helmet"": 2.7e-05, ""lingerie"": 1.3e-05, ""looking_at_viewer"": 0.579098, ""mask"": 0.000147, ""midriff"": 0.000964, ""multiple_girls"": 0.000526, ""navel"": 0.001968, ""no_humans"": 4e-05, ""onsen"": 2e-06, ""panties"": 0.000317, ""penguin"": 4e-06, ""school_swimsuit"": 3e-06, ""solo"": 0.909587, ""swimsuit"": 0.000222, ""thighhighs"": 0.931306, ""underwear"": 0.000748}",visual_review
bangdream_026_miku_shinkai,classified,soft_review,"[""cleavage"", ""soft_review_tag""]",rendered,src/data/deskpet/bangdream-rendered-resource-audit/rendered/bangdream_026_miku_shinkai.png,completed,"{""1girl"": 0.996818, ""2girls"": 0.000368, ""animal"": 2.8e-05, ""animal_focus"": 1e-06, ""bare_shoulders"": 0.480798, ""bikini"": 0.000287, ""bird"": 3.4e-05, ""cleavage"": 0.750969, ""corset"": 0.000326, ""crop_top"": 7e-05, ""dog"": 1e-06, ""faceless"": 5e-06, ""food_focus"": 1e-06, ""garter_straps"": 0.000143, ""helmet"": 2.1e-05, ""lingerie"": 5e-05, ""looking_at_viewer"": 0.743178, ""mask"": 2.7e-05, ""midriff"": 0.000386, ""multiple_girls"": 0.000371, ""navel"": 0.002513, ""no_humans"": 2.4e-05, ""onsen"": 1e-06, ""panties"": 0.00065, ""penguin"": 5e-06, ""school_swimsuit"": 1.2e-05, ""solo"": 0.963561, ""swimsuit"": 0.000769, ""thighhighs"": 0.004845, ""underwear"": 0.001514}",visual_review
bangdream_027_birthday_2022,classified,soft_review,"[""garter_straps"", ""soft_review_tag""]",rendered,src/data/deskpet/bangdream-rendered-resource-audit/rendered/bangdream_027_birthday_2022.png,completed,"{""1girl"": 0.996195, ""2girls"": 0.000402, ""animal"": 9.5e-05, ""animal_focus"": 5e-06, ""bare_shoulders"": 0.282968, ""bikini"": 0.000405, ""bird"": 0.000108, ""cleavage"": 0.012303, ""corset"": 0.123459, ""crop_top"": 0.000334, ""dog"": 1e-05, ""faceless"": 1.8e-05, ""food_focus"": 2.7e-05, ""garter_straps"": 0.635025, ""helmet"": 1.2e-05, ""lingerie"": 0.000237, ""looking_at_viewer"": 0.533968, ""mask"": 5.4e-05, ""midriff"": 0.049604, ""multiple_girls"": 0.000528, ""navel"": 0.309081, ""no_humans"": 1e-05, ""onsen"": 2e-06, ""panties"": 0.000395, ""penguin"": 3e-06, ""school_swimsuit"": 9e-06, ""solo"": 0.877001, ""swimsuit"": 0.000457, ""thighhighs"": 0.695571, ""underwear"": 0.001147}",visual_review
bangdream_027_event_203_story_01,classified,soft_review,"[""cleavage"", ""soft_review_tag""]",rendered,src/data/deskpet/bangdream-rendered-resource-audit/rendered/bangdream_027_event_203_story_01.png,completed,"{""1girl"": 0.996033, ""2girls"": 0.000426, ""animal"": 4.2e-05, ""animal_focus"": 3e-06, ""bare_shoulders"": 0.001778, ""bikini"": 0.000161, ""bird"": 5.1e-05, ""cleavage"": 0.934424, ""corset"": 0.00054, ""crop_top"": 0.000146, ""dog"": 7e-06, ""faceless"": 1.9e-05, ""food_focus"": 0.0, ""garter_straps"": 7.7e-05, ""helmet"": 1e-05, ""lingerie"": 3.1e-05, ""looking_at_viewer"": 0.840252, ""mask"": 5.6e-05, ""midriff"": 0.000219, ""multiple_girls"": 0.000528, ""navel"": 0.002696, ""no_humans"": 2e-05, ""onsen"": 2e-06, ""panties"": 0.000234, ""penguin"": 0.0, ""school_swimsuit"": 1e-06, ""solo"": 0.924621, ""swimsuit"": 0.000298, ""thighhighs"": 0.00212, ""underwear"": 0.001256}",visual_review
bangdream_027_event_272_story_01,classified,soft_review,"[""cleavage"", ""garter_straps"", ""soft_review_tag""]",rendered,src/data/deskpet/bangdream-rendered-resource-audit/rendered/bangdream_027_event_272_story_01.png,completed,"{""1girl"": 0.996671, ""2girls"": 0.000469, ""animal"": 0.000148, ""animal_focus"": 1e-06, ""bare_shoulders"": 0.015545, ""bikini"": 0.000211, ""bird"": 0.000167, ""cleavage"": 0.936219, ""corset"": 0.002865, ""crop_top"": 0.007197, ""dog"": 3.1e-05, ""faceless"": 9e-06, ""food_focus"": 0.0, ""garter_straps"": 0.651225, ""helmet"": 2.1e-05, ""lingerie"": 1e-06, ""looking_at_viewer"": 0.742864, ""mask"": 9.5e-05, ""midriff"": 0.002176, ""multiple_girls"": 0.000847, ""navel"": 0.00264, ""no_humans"": 1e-05, ""onsen"": 1e-06, ""panties"": 0.000346, ""penguin"": 8e-06, ""school_swimsuit"": 3e-06, ""solo"": 0.973693, ""swimsuit"": 0.000222, ""thighhighs"": 0.939122, ""underwear"": 0.00042}",visual_review
bangdream_027_live_event_138_ssr,classified,soft_review,"[""navel"", ""soft_review_tag""]",rendered,src/data/deskpet/bangdream-rendered-resource-audit/rendered/bangdream_027_live_event_138_ssr.png,completed,"{""1girl"": 0.9933, ""2girls"": 0.00035, ""animal"": 6.5e-05, ""animal_focus"": 2e-06, ""bare_shoulders"": 0.002377, ""bikini"": 0.000117, ""bird"": 3.2e-05, ""cleavage"": 0.001119, ""corset"": 6.3e-05, ""crop_top"": 0.000384, ""dog"": 1e-06, ""faceless"": 4e-06, ""food_focus"": 0.0, ""garter_straps"": 0.021422, ""helmet"": 6e-06, ""lingerie"": 4e-06, ""looking_at_viewer"": 0.439919, ""mask"": 0.00021, ""midriff"": 0.082073, ""multiple_girls"": 0.000528, ""navel"": 0.811463, ""no_humans"": 2.4e-05, ""onsen"": 2e-06, ""panties"": 0.000179, ""penguin"": 0.0, ""school_swimsuit"": 6e-06, ""solo"": 0.744869, ""swimsuit"": 0.000215, ""thighhighs"": 0.002414, ""underwear"": 0.000215}",visual_review
bangdream_027_live_event_176_ssr,classified,soft_review,"[""navel"", ""soft_review_tag""]",rendered,src/data/deskpet/bangdream-rendered-resource-audit/rendered/bangdream_027_live_event_176_ssr.png,completed,"{""1girl"": 0.995852, ""2girls"": 0.000304, ""animal"": 0.000219, ""animal_focus"": 3.7e-05, ""bare_shoulders"": 0.006026, ""bikini"": 0.000411, ""bird"": 0.000194, ""cleavage"": 0.003217, ""corset"": 0.000833, ""crop_top"": 0.077496, ""dog"": 5e-06, ""faceless"": 9e-06, ""food_focus"": 1e-06, ""garter_straps"": 0.000164, ""helmet"": 5e-05, ""lingerie"": 3.2e-05, ""looking_at_viewer"": 0.757473, ""mask"": 2.3e-05, ""midriff"": 0.21147, ""multiple_girls"": 0.000468, ""navel"": 0.52976, ""no_humans"": 5.1e-05, ""onsen"": 4e-06, ""panties"": 0.000894, ""penguin"": 6e-06, ""school_swimsuit"": 8e-06, ""solo"": 0.873119, ""swimsuit"": 0.000456, ""thighhighs"": 0.003429, ""underwear"": 0.001246}",visual_review
bangdream_027_live_event_181_sr,classified,soft_review,"[""navel"", ""soft_review_tag""]",rendered,src/data/deskpet/bangdream-rendered-resource-audit/rendered/bangdream_027_live_event_181_sr.png,completed,"{""1girl"": 0.993199, ""2girls"": 0.000399, ""animal"": 5.8e-05, ""animal_focus"": 4e-06, ""bare_shoulders"": 0.003682, ""bikini"": 0.000378, ""bird"": 0.000132, ""cleavage"": 0.02796, ""corset"": 0.000319, ""crop_top"": 0.00205, ""dog"": 4e-06, ""faceless"": 6e-06, ""food_focus"": 0.0, ""garter_straps"": 0.302514, ""helmet"": 1.6e-05, ""lingerie"": 3.3e-05, ""looking_at_viewer"": 0.403051, ""mask"": 0.00019, ""midriff"": 0.081815, ""multiple_girls"": 0.000451, ""navel"": 0.65874, ""no_humans"": 2.7e-05, ""onsen"": 1e-06, ""panties"": 0.000246, ""penguin"": 2e-06, ""school_swimsuit"": 4e-06, ""solo"": 0.779638, ""swimsuit"": 0.000395, ""thighhighs"": 0.857176, ""underwear"": 0.000715}",visual_review
bangdream_027_live_event_223_sr,classified,soft_review,"[""cleavage"", ""soft_review_tag""]",rendered,src/data/deskpet/bangdream-rendered-resource-audit/rendered/bangdream_027_live_event_223_sr.png,completed,"{""1girl"": 0.998282, ""2girls"": 0.000191, ""animal"": 4.2e-05, ""animal_focus"": 3e-06, ""bare_shoulders"": 0.006933, ""bikini"": 4.2e-05, ""bird"": 7.1e-05, ""cleavage"": 0.790502, ""corset"": 7.7e-05, ""crop_top"": 0.000258, ""dog"": 2e-06, ""faceless"": 4e-06, ""food_focus"": 0.0, ""garter_straps"": 0.385069, ""helmet"": 1.7e-05, ""lingerie"": 6e-06, ""looking_at_viewer"": 0.860061, ""mask"": 4.5e-05, ""midriff"": 0.000502, ""multiple_girls"": 0.000235, ""navel"": 0.000575, ""no_humans"": 6e-06, ""onsen"": 0.0, ""panties"": 0.000164, ""penguin"": 4e-06, ""school_swimsuit"": 2e-06, ""solo"": 0.979021, ""swimsuit"": 7.1e-05, ""thighhighs"": 0.960982, ""underwear"": 0.000361}",visual_review
bangdream_027_live_event_234_r,classified,soft_review,"[""cleavage"", ""soft_review_tag""]",rendered,src/data/deskpet/bangdream-rendered-resource-audit/rendered/bangdream_027_live_event_234_r.png,completed,"{""1girl"": 0.996821, ""2girls"": 0.00031, ""animal"": 0.000189, ""animal_focus"": 8e-06, ""bare_shoulders"": 0.149311, ""bikini"": 0.000276, ""bird"": 0.000183, ""cleavage"": 0.750134, ""corset"": 0.000779, ""crop_top"": 0.000125, ""dog"": 1.1e-05, ""faceless"": 6e-06, ""food_focus"": 1e-06, ""garter_straps"": 0.00013, ""helmet"": 2.7e-05, ""lingerie"": 0.000566, ""looking_at_viewer"": 0.678308, ""mask"": 0.00011, ""midriff"": 0.00021, ""multiple_girls"": 0.000442, ""navel"": 0.001276, ""no_humans"": 4.7e-05, ""onsen"": 1e-06, ""panties"": 0.000484, ""penguin"": 2e-06, ""school_swimsuit"": 1.1e-05, ""solo"": 0.889741, ""swimsuit"": 0.000465, ""thighhighs"": 0.006386, ""underwear"": 0.001225}",visual_review
bangdream_027_live_event_242_sr,classified,soft_review,"[""cleavage"", ""soft_review_tag""]",rendered,src/data/deskpet/bangdream-rendered-resource-audit/rendered/bangdream_027_live_event_242_sr.png,completed,"{""1girl"": 0.995282, ""2girls"": 0.000451, ""animal"": 0.000207, ""animal_focus"": 2e-05, ""bare_shoulders"": 0.352013, ""bikini"": 0.000164, ""bird"": 9.7e-05, ""cleavage"": 0.725832, ""corset"": 0.00387, ""crop_top"": 0.000203, ""dog"": 1e-05, ""faceless"": 9e-06, ""food_focus"": 4e-06, ""garter_straps"": 0.000429, ""helmet"": 2e-05, ""lingerie"": 0.000115, ""looking_at_viewer"": 0.72211, ""mask"": 6.5e-05, ""midriff"": 0.000378, ""multiple_girls"": 0.00065, ""navel"": 0.004344, ""no_humans"": 3.8e-05, ""onsen"": 2e-06, ""panties"": 0.000373, ""penguin"": 3e-06, ""school_swimsuit"": 1.4e-05, ""solo"": 0.793337, ""swimsuit"": 0.000402, ""thighhighs"": 0.003767, ""underwear"": 0.000866}",visual_review
bangdream_027_live_event_251_ur,classified,soft_review,"[""garter_straps"", ""soft_review_tag""]",rendered,src/data/deskpet/bangdream-rendered-resource-audit/rendered/bangdream_027_live_event_251_ur.png,completed,"{""1girl"": 0.996123, ""2girls"": 0.000358, ""animal"": 3.4e-05, ""animal_focus"": 2e-06, ""bare_shoulders"": 0.137652, ""bikini"": 7.5e-05, ""bird"": 2.7e-05, ""cleavage"": 0.002243, ""corset"": 0.141396, ""crop_top"": 0.000141, ""dog"": 2e-06, ""faceless"": 8e-06, ""food_focus"": 0.0, ""garter_straps"": 0.789411, ""helmet"": 1.6e-05, ""lingerie"": 2.9e-05, ""looking_at_viewer"": 0.627229, ""mask"": 8.3e-05, ""midriff"": 0.000915, ""multiple_girls"": 0.000295, ""navel"": 0.002271, ""no_humans"": 2.1e-05, ""onsen"": 2e-06, ""panties"": 0.000554, ""penguin"": 1e-06, ""school_swimsuit"": 1.4e-05, ""solo"": 0.918407, ""swimsuit"": 0.0002, ""thighhighs"": 0.778609, ""underwear"": 0.000781}",visual_review
bangdream_027_live_event_259_sr,classified,soft_review,"[""garter_straps"", ""soft_review_tag""]",rendered,src/data/deskpet/bangdream-rendered-resource-audit/rendered/bangdream_027_live_event_259_sr.png,completed,"{""1girl"": 0.993996, ""2girls"": 0.000335, ""animal"": 6.8e-05, ""animal_focus"": 7e-06, ""bare_shoulders"": 0.001731, ""bikini"": 4.5e-05, ""bird"": 8.2e-05, ""cleavage"": 0.001138, ""corset"": 0.867403, ""crop_top"": 0.000192, ""dog"": 1e-06, ""faceless"": 1.8e-05, ""food_focus"": 0.0, ""garter_straps"": 0.92331, ""helmet"": 2.6e-05, ""lingerie"": 2e-05, ""looking_at_viewer"": 0.664633, ""mask"": 0.000163, ""midriff"": 0.000222, ""multiple_girls"": 0.000531, ""navel"": 0.000692, ""no_humans"": 3.4e-05, ""onsen"": 1e-06, ""panties"": 0.000286, ""penguin"": 1.8e-05, ""school_swimsuit"": 7e-06, ""solo"": 0.830782, ""swimsuit"": 0.000108, ""thighhighs"": 0.943587, ""underwear"": 0.000383}",visual_review
bangdream_027_live_event_315_ur,classified,soft_review,"[""cleavage"", ""soft_review_tag""]",rendered,src/data/deskpet/bangdream-rendered-resource-audit/rendered/bangdream_027_live_event_315_ur.png,completed,"{""1girl"": 0.996305, ""2girls"": 0.000327, ""animal"": 5.8e-05, ""animal_focus"": 1e-05, ""bare_shoulders"": 0.047442, ""bikini"": 0.000102, ""bird"": 5.9e-05, ""cleavage"": 0.563223, ""corset"": 2.2e-05, ""crop_top"": 0.000319, ""dog"": 4e-06, ""faceless"": 1e-06, ""food_focus"": 1e-06, ""garter_straps"": 0.000159, ""helmet"": 4.3e-05, ""lingerie"": 0.001235, ""looking_at_viewer"": 0.764622, ""mask"": 8.5e-05, ""midriff"": 0.00019, ""multiple_girls"": 0.00045, ""navel"": 0.001768, ""no_humans"": 2.1e-05, ""onsen"": 1e-06, ""panties"": 0.00026, ""penguin"": 3e-06, ""school_swimsuit"": 4e-06, ""solo"": 0.88925, ""swimsuit"": 0.00033, ""thighhighs"": 0.002561, ""underwear"": 0.001002}",visual_review
bangdream_027_live_ssr_01,classified,soft_review,"[""garter_straps"", ""soft_review_tag""]",rendered,src/data/deskpet/bangdream-rendered-resource-audit/rendered/bangdream_027_live_ssr_01.png,completed,"{""1girl"": 0.993141, ""2girls"": 0.000626, ""animal"": 9.8e-05, ""animal_focus"": 3e-06, ""bare_shoulders"": 0.00277, ""bikini"": 7.2e-05, ""bird"": 0.000355, ""cleavage"": 0.00408, ""corset"": 0.10249, ""crop_top"": 0.000142, ""dog"": 4e-06, ""faceless"": 3e-06, ""food_focus"": 0.0, ""garter_straps"": 0.772255, ""helmet"": 4.7e-05, ""lingerie"": 2.1e-05, ""looking_at_viewer"": 0.382372, ""mask"": 0.001099, ""midriff"": 0.000447, ""multiple_girls"": 0.00067, ""navel"": 0.003656, ""no_humans"": 6.6e-05, ""onsen"": 9e-06, ""panties"": 0.000319, ""penguin"": 1e-06, ""school_swimsuit"": 6e-06, ""solo"": 0.836373, ""swimsuit"": 0.00012, ""thighhighs"": 0.894583, ""underwear"": 0.000599}",visual_review
bangdream_028_birthday_2021,classified,soft_review,"[""cleavage"", ""soft_review_tag""]",rendered,src/data/deskpet/bangdream-rendered-resource-audit/rendered/bangdream_028_birthday_2021.png,completed,"{""1girl"": 0.997783, ""2girls"": 0.000283, ""animal"": 0.00022, ""animal_focus"": 1e-06, ""bare_shoulders"": 0.299754, ""bikini"": 0.000178, ""bird"": 0.000153, ""cleavage"": 0.882357, ""corset"": 0.001569, ""crop_top"": 0.000226, ""dog"": 4e-06, ""faceless"": 1e-06, ""food_focus"": 0.0, ""garter_straps"": 0.00023, ""helmet"": 3.9e-05, ""lingerie"": 2.2e-05, ""looking_at_viewer"": 0.787705, ""mask"": 4.7e-05, ""midriff"": 0.000478, ""multiple_girls"": 0.000233, ""navel"": 0.001082, ""no_humans"": 7e-06, ""onsen"": 0.0, ""panties"": 0.000375, ""penguin"": 0.0, ""school_swimsuit"": 1.3e-05, ""solo"": 0.97791, ""swimsuit"": 0.000348, ""thighhighs"": 0.002633, ""underwear"": 0.000893}",visual_review
bangdream_028_dream_festival_3_ur,classified,soft_review,"[""cleavage"", ""midriff"", ""navel"", ""soft_review_tag""]",rendered,src/data/deskpet/bangdream-rendered-resource-audit/rendered/bangdream_028_dream_festival_3_ur.png,completed,"{""1girl"": 0.99715, ""2girls"": 0.00019, ""animal"": 3.3e-05, ""animal_focus"": 0.0, ""bare_shoulders"": 0.130587, ""bikini"": 0.000876, ""bird"": 0.00013, ""cleavage"": 0.952968, ""corset"": 4.4e-05, ""crop_top"": 0.433922, ""dog"": 1.5e-05, ""faceless"": 6e-06, ""food_focus"": 0.0, ""garter_straps"": 4.5e-05, ""helmet"": 2.4e-05, ""lingerie"": 2.3e-05, ""looking_at_viewer"": 0.835751, ""mask"": 0.000368, ""midriff"": 0.738747, ""multiple_girls"": 0.000279, ""navel"": 0.913134, ""no_humans"": 1.2e-05, ""onsen"": 0.0, ""panties"": 0.000387, ""penguin"": 9e-06, ""school_swimsuit"": 5e-06, ""solo"": 0.967206, ""swimsuit"": 0.000738, ""thighhighs"": 0.000757, ""underwear"": 0.008192}",visual_review
bangdream_028_live_event_223_ssr,classified,soft_review,"[""garter_straps"", ""soft_review_tag""]",rendered,src/data/deskpet/bangdream-rendered-resource-audit/rendered/bangdream_028_live_event_223_ssr.png,completed,"{""1girl"": 0.99812, ""2girls"": 0.000149, ""animal"": 5e-05, ""animal_focus"": 1e-06, ""bare_shoulders"": 0.173651, ""bikini"": 4.4e-05, ""bird"": 0.000107, ""cleavage"": 0.001546, ""corset"": 0.000308, ""crop_top"": 0.00017, ""dog"": 1.1e-05, ""faceless"": 7e-06, ""food_focus"": 0.0, ""garter_straps"": 0.815949, ""helmet"": 5.4e-05, ""lingerie"": 5e-06, ""looking_at_viewer"": 0.872236, ""mask"": 5.3e-05, ""midriff"": 0.000363, ""multiple_girls"": 0.00019, ""navel"": 0.000578, ""no_humans"": 2.1e-05, ""onsen"": 0.0, ""panties"": 0.000172, ""penguin"": 1.1e-05, ""school_swimsuit"": 1e-05, ""solo"": 0.989038, ""swimsuit"": 9.5e-05, ""thighhighs"": 0.988208, ""underwear"": 0.000308}",visual_review
bangdream_028_live_event_289_ur,classified,soft_review,"[""cleavage"", ""soft_review_tag""]",rendered,src/data/deskpet/bangdream-rendered-resource-audit/rendered/bangdream_028_live_event_289_ur.png,completed,"{""1girl"": 0.998227, ""2girls"": 0.000172, ""animal"": 8.6e-05, ""animal_focus"": 0.0, ""bare_shoulders"": 0.198567, ""bikini"": 0.000113, ""bird"": 5.6e-05, ""cleavage"": 0.818668, ""corset"": 0.839757, ""crop_top"": 0.000824, ""dog"": 8e-06, ""faceless"": 6e-06, ""food_focus"": 0.0, ""garter_straps"": 0.097882, ""helmet"": 1.3e-05, ""lingerie"": 5e-05, ""looking_at_viewer"": 0.734397, ""mask"": 0.000103, ""midriff"": 0.000821, ""multiple_girls"": 0.000242, ""navel"": 0.001206, ""no_humans"": 5e-06, ""onsen"": 1e-06, ""panties"": 0.000172, ""penguin"": 0.0, ""school_swimsuit"": 7e-06, ""solo"": 0.975098, ""swimsuit"": 0.000209, ""thighhighs"": 0.002002, ""underwear"": 0.000555}",visual_review
bangdream_028_live_event_305_r,classified,soft_review,"[""midriff"", ""soft_review_tag""]",rendered,src/data/deskpet/bangdream-rendered-resource-audit/rendered/bangdream_028_live_event_305_r.png,completed,"{""1girl"": 0.997203, ""2girls"": 0.000275, ""animal"": 4e-05, ""animal_focus"": 0.0, ""bare_shoulders"": 0.186475, ""bikini"": 0.000113, ""bird"": 2.8e-05, ""cleavage"": 0.026651, ""corset"": 3.5e-05, ""crop_top"": 0.494379, ""dog"": 1e-06, ""faceless"": 9e-06, ""food_focus"": 0.0, ""garter_straps"": 0.001157, ""helmet"": 2.4e-05, ""lingerie"": 4e-06, ""looking_at_viewer"": 0.868161, ""mask"": 4.3e-05, ""midriff"": 0.831107, ""multiple_girls"": 0.000299, ""navel"": 0.292698, ""no_humans"": 1.2e-05, ""onsen"": 0.0, ""panties"": 0.000738, ""penguin"": 0.0, ""school_swimsuit"": 7e-06, ""solo"": 0.980824, ""swimsuit"": 0.000211, ""thighhighs"": 0.002913, ""underwear"": 0.001777}",visual_review
bangdream_028_live_ssr_01,classified,soft_review,"[""garter_straps"", ""soft_review_tag""]",rendered,src/data/deskpet/bangdream-rendered-resource-audit/rendered/bangdream_028_live_ssr_01.png,completed,"{""1girl"": 0.997199, ""2girls"": 0.000303, ""animal"": 4.2e-05, ""animal_focus"": 1e-06, ""bare_shoulders"": 0.002025, ""bikini"": 5.4e-05, ""bird"": 4.7e-05, ""cleavage"": 0.0008, ""corset"": 0.252717, ""crop_top"": 0.000117, ""dog"": 1.3e-05, ""faceless"": 2e-06, ""food_focus"": 0.0, ""garter_straps"": 0.742149, ""helmet"": 8e-05, ""lingerie"": 1.1e-05, ""looking_at_viewer"": 0.656128, ""mask"": 0.000242, ""midriff"": 0.000213, ""multiple_girls"": 0.00039, ""navel"": 0.000954, ""no_humans"": 2.1e-05, ""onsen"": 2e-06, ""panties"": 0.000253, ""penguin"": 0.0, ""school_swimsuit"": 6e-06, ""solo"": 0.929437, ""swimsuit"": 7.5e-05, ""thighhighs"": 0.832729, ""underwear"": 0.000394}",visual_review
bangdream_029_event_203_story_01,classified,soft_review,"[""navel"", ""soft_review_tag""]",rendered,src/data/deskpet/bangdream-rendered-resource-audit/rendered/bangdream_029_event_203_story_01.png,completed,"{""1girl"": 0.996548, ""2girls"": 0.000125, ""animal"": 2.4e-05, ""animal_focus"": 1e-06, ""bare_shoulders"": 0.076527, ""bikini"": 0.000223, ""bird"": 1.9e-05, ""cleavage"": 0.006886, ""corset"": 0.005051, ""crop_top"": 0.058207, ""dog"": 1e-06, ""faceless"": 2e-06, ""food_focus"": 0.0, ""garter_straps"": 0.001489, ""helmet"": 8e-06, ""lingerie"": 6.6e-05, ""looking_at_viewer"": 0.63912, ""mask"": 6.4e-05, ""midriff"": 0.482274, ""multiple_girls"": 0.000237, ""navel"": 0.910787, ""no_humans"": 5e-06, ""onsen"": 0.0, ""panties"": 0.474608, ""penguin"": 0.0, ""school_swimsuit"": 2e-06, ""solo"": 0.966225, ""swimsuit"": 0.000469, ""thighhighs"": 0.969234, ""underwear"": 0.481597}",visual_review
bangdream_029_live_event_223_ur,classified,soft_review,"[""garter_straps"", ""soft_review_tag""]",rendered,src/data/deskpet/bangdream-rendered-resource-audit/rendered/bangdream_029_live_event_223_ur.png,completed,"{""1girl"": 0.998337, ""2girls"": 0.000236, ""animal"": 6.8e-05, ""animal_focus"": 1e-06, ""bare_shoulders"": 0.007071, ""bikini"": 5.7e-05, ""bird"": 0.000152, ""cleavage"": 0.004469, ""corset"": 0.000355, ""crop_top"": 0.00025, ""dog"": 8e-06, ""faceless"": 3e-06, ""food_focus"": 0.0, ""garter_straps"": 0.722478, ""helmet"": 3e-05, ""lingerie"": 2.7e-05, ""looking_at_viewer"": 0.943055, ""mask"": 1.6e-05, ""midriff"": 0.000478, ""multiple_girls"": 0.00018, ""navel"": 0.000585, ""no_humans"": 5e-06, ""onsen"": 0.0, ""panties"": 7.7e-05, ""penguin"": 2.1e-05, ""school_swimsuit"": 1e-06, ""solo"": 0.984776, ""swimsuit"": 0.000108, ""thighhighs"": 0.961224, ""underwear"": 0.000152}",visual_review
bangdream_029_live_ssr_01,classified,soft_review,"[""garter_straps"", ""soft_review_tag""]",rendered,src/data/deskpet/bangdream-rendered-resource-audit/rendered/bangdream_029_live_ssr_01.png,completed,"{""1girl"": 0.996121, ""2girls"": 0.000229, ""animal"": 3.3e-05, ""animal_focus"": 3e-06, ""bare_shoulders"": 0.001671, ""bikini"": 5.8e-05, ""bird"": 5.9e-05, ""cleavage"": 0.001059, ""corset"": 0.237465, ""crop_top"": 0.000368, ""dog"": 1.2e-05, ""faceless"": 6e-06, ""food_focus"": 0.0, ""garter_straps"": 0.725253, ""helmet"": 3.4e-05, ""lingerie"": 1.4e-05, ""looking_at_viewer"": 0.699411, ""mask"": 7.3e-05, ""midriff"": 0.000433, ""multiple_girls"": 0.000281, ""navel"": 0.001749, ""no_humans"": 2.5e-05, ""onsen"": 1e-06, ""panties"": 0.000191, ""penguin"": 0.0, ""school_swimsuit"": 7e-06, ""solo"": 0.947834, ""swimsuit"": 8.8e-05, ""thighhighs"": 0.908771, ""underwear"": 0.000337}",visual_review
bangdream_030_4th_general_election_r,classified,soft_review,"[""cleavage"", ""soft_review_tag""]",rendered,src/data/deskpet/bangdream-rendered-resource-audit/rendered/bangdream_030_4th_general_election_r.png,completed,"{""1girl"": 0.998396, ""2girls"": 0.000137, ""animal"": 5e-06, ""animal_focus"": 1e-06, ""bare_shoulders"": 0.638771, ""bikini"": 3.4e-05, ""bird"": 1.3e-05, ""cleavage"": 0.67705, ""corset"": 0.016424, ""crop_top"": 0.000489, ""dog"": 1e-06, ""faceless"": 1.4e-05, ""food_focus"": 0.0, ""garter_straps"": 0.387462, ""helmet"": 0.000285, ""lingerie"": 4.6e-05, ""looking_at_viewer"": 0.893238, ""mask"": 0.002178, ""midriff"": 0.000753, ""multiple_girls"": 0.000142, ""navel"": 0.003154, ""no_humans"": 8e-06, ""onsen"": 0.0, ""panties"": 0.011493, ""penguin"": 0.0, ""school_swimsuit"": 2e-06, ""solo"": 0.991504, ""swimsuit"": 7.8e-05, ""thighhighs"": 0.873186, ""underwear"": 0.028911}",visual_review
bangdream_030_casual-2023,classified,soft_review,"[""cleavage"", ""soft_review_tag""]",rendered,src/data/deskpet/bangdream-rendered-resource-audit/rendered/bangdream_030_casual-2023.png,completed,"{""1girl"": 0.999074, ""2girls"": 7.8e-05, ""animal"": 3e-06, ""animal_focus"": 0.0, ""bare_shoulders"": 0.002467, ""bikini"": 2.8e-05, ""bird"": 1.9e-05, ""cleavage"": 0.855124, ""corset"": 6.1e-05, ""crop_top"": 6.9e-05, ""dog"": 2e-06, ""faceless"": 8e-06, ""food_focus"": 0.0, ""garter_straps"": 9e-06, ""helmet"": 1.8e-05, ""lingerie"": 7e-06, ""looking_at_viewer"": 0.977879, ""mask"": 0.000135, ""midriff"": 5.2e-05, ""multiple_girls"": 6.9e-05, ""navel"": 0.000679, ""no_humans"": 7e-06, ""onsen"": 0.0, ""panties"": 0.000184, ""penguin"": 1e-06, ""school_swimsuit"": 1e-06, ""solo"": 0.991889, ""swimsuit"": 5.2e-05, ""thighhighs"": 0.00053, ""underwear"": 0.00054}",visual_review
bangdream_030_casual_summer-2023,classified,soft_review,"[""cleavage"", ""soft_review_tag""]",rendered,src/data/deskpet/bangdream-rendered-resource-audit/rendered/bangdream_030_casual_summer-2023.png,completed,"{""1girl"": 0.998648, ""2girls"": 0.000119, ""animal"": 5e-06, ""animal_focus"": 0.0, ""bare_shoulders"": 0.315458, ""bikini"": 9.8e-05, ""bird"": 1.1e-05, ""cleavage"": 0.974163, ""corset"": 4.8e-05, ""crop_top"": 0.000788, ""dog"": 1e-06, ""faceless"": 4e-06, ""food_focus"": 0.0, ""garter_straps"": 5e-06, ""helmet"": 8e-06, ""lingerie"": 1e-05, ""looking_at_viewer"": 0.964141, ""mask"": 0.00015, ""midriff"": 9.6e-05, ""multiple_girls"": 8.6e-05, ""navel"": 0.000792, ""no_humans"": 5e-06, ""onsen"": 0.0, ""panties"": 0.000731, ""penguin"": 0.0, ""school_swimsuit"": 0.0, ""solo"": 0.987019, ""swimsuit"": 0.000174, ""thighhighs"": 0.000504, ""underwear"": 0.006143}",visual_review
bangdream_030_dream_festival_2,classified,soft_review,"[""cleavage"", ""soft_review_tag""]",rendered,src/data/deskpet/bangdream-rendered-resource-audit/rendered/bangdream_030_dream_festival_2.png,completed,"{""1girl"": 0.997962, ""2girls"": 0.000257, ""animal"": 9.3e-05, ""animal_focus"": 2e-06, ""bare_shoulders"": 0.884133, ""bikini"": 0.000225, ""bird"": 4.8e-05, ""cleavage"": 0.700806, ""corset"": 0.001407, ""crop_top"": 0.000128, ""dog"": 4e-06, ""faceless"": 2e-06, ""food_focus"": 1e-06, ""garter_straps"": 1.5e-05, ""helmet"": 5.2e-05, ""lingerie"": 8.7e-05, ""looking_at_viewer"": 0.876534, ""mask"": 4.3e-05, ""midriff"": 9.8e-05, ""multiple_girls"": 0.00018, ""navel"": 0.000673, ""no_humans"": 2.4e-05, ""onsen"": 1e-06, ""panties"": 0.000336, ""penguin"": 2e-06, ""school_swimsuit"": 6e-06, ""solo"": 0.973712, ""swimsuit"": 0.000358, ""thighhighs"": 0.001449, ""underwear"": 0.001057}",visual_review
bangdream_030_dream_festival_3_ur,classified,soft_review,"[""cleavage"", ""soft_review_tag""]",rendered,src/data/deskpet/bangdream-rendered-resource-audit/rendered/bangdream_030_dream_festival_3_ur.png,completed,"{""1girl"": 0.998593, ""2girls"": 0.000212, ""animal"": 2.9e-05, ""animal_focus"": 1e-06, ""bare_shoulders"": 0.524107, ""bikini"": 0.000175, ""bird"": 2.4e-05, ""cleavage"": 0.940247, ""corset"": 6.6e-05, ""crop_top"": 0.000114, ""dog"": 7e-06, ""faceless"": 1e-06, ""food_focus"": 1e-06, ""garter_straps"": 5.8e-05, ""helmet"": 2e-05, ""lingerie"": 1e-05, ""looking_at_viewer"": 0.837065, ""mask"": 5.1e-05, ""midriff"": 0.000238, ""multiple_girls"": 0.000236, ""navel"": 0.000545, ""no_humans"": 9e-06, ""onsen"": 2e-06, ""panties"": 0.000346, ""penguin"": 1e-06, ""school_swimsuit"": 8e-06, ""solo"": 0.97112, ""swimsuit"": 0.000588, ""thighhighs"": 0.001587, ""underwear"": 0.000435}",visual_review
bangdream_030_live_event_180_sr,classified,soft_review,"[""cleavage"", ""soft_review_tag""]",rendered,src/data/deskpet/bangdream-rendered-resource-audit/rendered/bangdream_030_live_event_180_sr.png,completed,"{""1girl"": 0.998123, ""2girls"": 0.000173, ""animal"": 2.1e-05, ""animal_focus"": 1e-06, ""bare_shoulders"": 0.053208, ""bikini"": 4.5e-05, ""bird"": 1.2e-05, ""cleavage"": 0.966362, ""corset"": 0.003907, ""crop_top"": 0.000313, ""dog"": 3e-06, ""faceless"": 1e-06, ""food_focus"": 0.0, ""garter_straps"": 0.000222, ""helmet"": 1.4e-05, ""lingerie"": 4e-05, ""looking_at_viewer"": 0.894561, ""mask"": 0.000106, ""midriff"": 0.0005, ""multiple_girls"": 0.000166, ""navel"": 0.000749, ""no_humans"": 1.4e-05, ""onsen"": 3e-06, ""panties"": 0.000282, ""penguin"": 1e-06, ""school_swimsuit"": 3e-06, ""solo"": 0.986587, ""swimsuit"": 7.7e-05, ""thighhighs"": 0.035356, ""underwear"": 0.00105}",visual_review
bangdream_030_live_event_223_ur,classified,soft_review,"[""cleavage"", ""soft_review_tag""]",rendered,src/data/deskpet/bangdream-rendered-resource-audit/rendered/bangdream_030_live_event_223_ur.png,completed,"{""1girl"": 0.998326, ""2girls"": 0.000152, ""animal"": 3.1e-05, ""animal_focus"": 0.0, ""bare_shoulders"": 0.008653, ""bikini"": 2.9e-05, ""bird"": 2.6e-05, ""cleavage"": 0.973802, ""corset"": 0.029101, ""crop_top"": 0.001536, ""dog"": 6e-06, ""faceless"": 5e-06, ""food_focus"": 0.0, ""garter_straps"": 0.017864, ""helmet"": 2.5e-05, ""lingerie"": 3e-06, ""looking_at_viewer"": 0.940712, ""mask"": 9.6e-05, ""midriff"": 0.000564, ""multiple_girls"": 0.000176, ""navel"": 0.000668, ""no_humans"": 6e-06, ""onsen"": 0.0, ""panties"": 0.000454, ""penguin"": 1.5e-05, ""school_swimsuit"": 2e-06, ""solo"": 0.991446, ""swimsuit"": 3.7e-05, ""thighhighs"": 0.335974, ""underwear"": 0.000754}",visual_review
bangdream_030_live_event_234_sr,classified,soft_review,"[""cleavage"", ""soft_review_tag""]",rendered,src/data/deskpet/bangdream-rendered-resource-audit/rendered/bangdream_030_live_event_234_sr.png,completed,"{""1girl"": 0.998771, ""2girls"": 9.7e-05, ""animal"": 8.2e-05, ""animal_focus"": 1e-06, ""bare_shoulders"": 0.489168, ""bikini"": 0.000149, ""bird"": 1.4e-05, ""cleavage"": 0.973541, ""corset"": 0.05639, ""crop_top"": 5.5e-05, ""dog"": 1e-05, ""faceless"": 2e-06, ""food_focus"": 1e-06, ""garter_straps"": 3.7e-05, ""helmet"": 2.1e-05, ""lingerie"": 0.000107, ""looking_at_viewer"": 0.936529, ""mask"": 0.000141, ""midriff"": 4e-05, ""multiple_girls"": 0.000126, ""navel"": 0.001281, ""no_humans"": 1e-05, ""onsen"": 1e-06, ""panties"": 0.00041, ""penguin"": 1e-06, ""school_swimsuit"": 3e-06, ""solo"": 0.987904, ""swimsuit"": 0.000316, ""thighhighs"": 0.000803, ""underwear"": 0.001284}",visual_review
bangdream_030_live_event_242_r,classified,soft_review,"[""cleavage"", ""soft_review_tag""]",rendered,src/data/deskpet/bangdream-rendered-resource-audit/rendered/bangdream_030_live_event_242_r.png,completed,"{""1girl"": 0.996792, ""2girls"": 0.000224, ""animal"": 5.2e-05, ""animal_focus"": 5e-06, ""bare_shoulders"": 0.287286, ""bikini"": 0.000107, ""bird"": 4.8e-05, ""cleavage"": 0.957048, ""corset"": 0.478046, ""crop_top"": 0.000281, ""dog"": 0.000133, ""faceless"": 9e-06, ""food_focus"": 1e-06, ""garter_straps"": 0.000219, ""helmet"": 4.4e-05, ""lingerie"": 0.000152, ""looking_at_viewer"": 0.958883, ""mask"": 0.00043, ""midriff"": 8.7e-05, ""multiple_girls"": 0.000218, ""navel"": 0.0019, ""no_humans"": 6.6e-05, ""onsen"": 1e-06, ""panties"": 0.000447, ""penguin"": 1.1e-05, ""school_swimsuit"": 5e-06, ""solo"": 0.990262, ""swimsuit"": 0.000228, ""thighhighs"": 0.023548, ""underwear"": 0.001414}",visual_review
bangdream_030_live_event_251_ur,classified,soft_review,"[""garter_straps"", ""soft_review_tag""]",rendered,src/data/deskpet/bangdream-rendered-resource-audit/rendered/bangdream_030_live_event_251_ur.png,completed,"{""1girl"": 0.998244, ""2girls"": 0.000153, ""animal"": 3e-06, ""animal_focus"": 0.0, ""bare_shoulders"": 0.205718, ""bikini"": 5e-05, ""bird"": 3e-06, ""cleavage"": 0.003574, ""corset"": 0.611967, ""crop_top"": 0.007953, ""dog"": 1e-06, ""faceless"": 5e-06, ""food_focus"": 0.0, ""garter_straps"": 0.842077, ""helmet"": 1.8e-05, ""lingerie"": 6.5e-05, ""looking_at_viewer"": 0.942448, ""mask"": 5.2e-05, ""midriff"": 0.001332, ""multiple_girls"": 9.9e-05, ""navel"": 0.003408, ""no_humans"": 5e-06, ""onsen"": 0.0, ""panties"": 0.00079, ""penguin"": 1e-06, ""school_swimsuit"": 3e-06, ""solo"": 0.995592, ""swimsuit"": 0.000105, ""thighhighs"": 0.822913, ""underwear"": 0.001176}",visual_review
bangdream_030_live_event_282_ur,classified,soft_review,"[""cleavage"", ""soft_review_tag""]",rendered,src/data/deskpet/bangdream-rendered-resource-audit/rendered/bangdream_030_live_event_282_ur.png,completed,"{""1girl"": 0.999293, ""2girls"": 7.4e-05, ""animal"": 1e-05, ""animal_focus"": 0.0, ""bare_shoulders"": 0.002061, ""bikini"": 2.3e-05, ""bird"": 4e-06, ""cleavage"": 0.988828, ""corset"": 0.000299, ""crop_top"": 2.4e-05, ""dog"": 2e-06, ""faceless"": 3e-06, ""food_focus"": 0.0, ""garter_straps"": 8e-06, ""helmet"": 3e-06, ""lingerie"": 9e-06, ""looking_at_viewer"": 0.958009, ""mask"": 0.000272, ""midriff"": 4.1e-05, ""multiple_girls"": 5.3e-05, ""navel"": 0.00027, ""no_humans"": 3e-06, ""onsen"": 0.0, ""panties"": 0.000129, ""penguin"": 0.0, ""school_swimsuit"": 1e-06, ""solo"": 0.995053, ""swimsuit"": 5.9e-05, ""thighhighs"": 0.001163, ""underwear"": 0.000314}",visual_review
bangdream_030_live_event_305_ur,classified,soft_review,"[""cleavage"", ""crop_top"", ""midriff"", ""soft_review_tag""]",rendered,src/data/deskpet/bangdream-rendered-resource-audit/rendered/bangdream_030_live_event_305_ur.png,completed,"{""1girl"": 0.997812, ""2girls"": 0.00026, ""animal"": 5e-06, ""animal_focus"": 0.0, ""bare_shoulders"": 0.244683, ""bikini"": 0.000175, ""bird"": 2.3e-05, ""cleavage"": 0.876796, ""corset"": 7.1e-05, ""crop_top"": 0.759783, ""dog"": 6e-06, ""faceless"": 4e-06, ""food_focus"": 1e-06, ""garter_straps"": 0.148045, ""helmet"": 2.3e-05, ""lingerie"": 5e-06, ""looking_at_viewer"": 0.891235, ""mask"": 0.000197, ""midriff"": 0.777403, ""multiple_girls"": 0.000229, ""navel"": 0.026323, ""no_humans"": 5e-06, ""onsen"": 1e-06, ""panties"": 0.002289, ""penguin"": 0.0, ""school_swimsuit"": 6e-06, ""solo"": 0.978661, ""swimsuit"": 0.000272, ""thighhighs"": 0.00542, ""underwear"": 0.004634}",visual_review
bangdream_030_live_event_318_ssr,classified,soft_review,"[""cleavage"", ""soft_review_tag""]",rendered,src/data/deskpet/bangdream-rendered-resource-audit/rendered/bangdream_030_live_event_318_ssr.png,completed,"{""1girl"": 0.99638, ""2girls"": 0.000231, ""animal"": 1.3e-05, ""animal_focus"": 1e-06, ""bare_shoulders"": 0.301494, ""bikini"": 0.00014, ""bird"": 4.5e-05, ""cleavage"": 0.879249, ""corset"": 0.000463, ""crop_top"": 0.000615, ""dog"": 4e-06, ""faceless"": 5e-06, ""food_focus"": 1e-06, ""garter_straps"": 6.2e-05, ""helmet"": 7.1e-05, ""lingerie"": 3.6e-05, ""looking_at_viewer"": 0.86127, ""mask"": 8.3e-05, ""midriff"": 0.000566, ""multiple_girls"": 0.000329, ""navel"": 0.001462, ""no_humans"": 1.5e-05, ""onsen"": 2e-06, ""panties"": 0.000687, ""penguin"": 2e-06, ""school_swimsuit"": 3e-06, ""solo"": 0.94657, ""swimsuit"": 0.000312, ""thighhighs"": 0.001798, ""underwear"": 0.00131}",visual_review
bangdream_030_miku_shinkai,classified,soft_review,"[""cleavage"", ""soft_review_tag""]",rendered,src/data/deskpet/bangdream-rendered-resource-audit/rendered/bangdream_030_miku_shinkai.png,completed,"{""1girl"": 0.997768, ""2girls"": 0.000211, ""animal"": 1.3e-05, ""animal_focus"": 1e-06, ""bare_shoulders"": 0.586312, ""bikini"": 0.000151, ""bird"": 1.6e-05, ""cleavage"": 0.869867, ""corset"": 0.000279, ""crop_top"": 9.9e-05, ""dog"": 9e-06, ""faceless"": 5e-06, ""food_focus"": 0.0, ""garter_straps"": 9e-06, ""helmet"": 4.3e-05, ""lingerie"": 4.7e-05, ""looking_at_viewer"": 0.902246, ""mask"": 5.9e-05, ""midriff"": 0.000176, ""multiple_girls"": 0.000162, ""navel"": 0.001426, ""no_humans"": 1.2e-05, ""onsen"": 0.0, ""panties"": 0.000365, ""penguin"": 1e-05, ""school_swimsuit"": 6e-06, ""solo"": 0.978206, ""swimsuit"": 0.000432, ""thighhighs"": 0.001209, ""underwear"": 0.000932}",visual_review
bangdream_031_dream_festival_2,classified,soft_review,"[""cleavage"", ""navel"", ""soft_review_tag""]",rendered,src/data/deskpet/bangdream-rendered-resource-audit/rendered/bangdream_031_dream_festival_2.png,completed,"{""1girl"": 0.99779, ""2girls"": 0.000199, ""animal"": 3.4e-05, ""animal_focus"": 0.0, ""bare_shoulders"": 0.002814, ""bikini"": 0.000178, ""bird"": 2.3e-05, ""cleavage"": 0.985521, ""corset"": 0.00416, ""crop_top"": 0.259586, ""dog"": 5e-06, ""faceless"": 8e-06, ""food_focus"": 0.0, ""garter_straps"": 0.017142, ""helmet"": 8.6e-05, ""lingerie"": 6.4e-05, ""looking_at_viewer"": 0.947779, ""mask"": 4.4e-05, ""midriff"": 0.143795, ""multiple_girls"": 0.000319, ""navel"": 0.542716, ""no_humans"": 4e-06, ""onsen"": 0.0, ""panties"": 0.002258, ""penguin"": 0.0, ""school_swimsuit"": 4e-06, ""solo"": 0.973397, ""swimsuit"": 0.000261, ""thighhighs"": 0.000631, ""underwear"": 0.073463}",visual_review
bangdream_031_dream_festival_3_ur,classified,soft_review,"[""cleavage"", ""garter_straps"", ""soft_review_tag""]",rendered,src/data/deskpet/bangdream-rendered-resource-audit/rendered/bangdream_031_dream_festival_3_ur.png,completed,"{""1girl"": 0.997879, ""2girls"": 0.00027, ""animal"": 1.8e-05, ""animal_focus"": 0.0, ""bare_shoulders"": 0.003148, ""bikini"": 6.1e-05, ""bird"": 4.2e-05, ""cleavage"": 0.859499, ""corset"": 0.000447, ""crop_top"": 0.255702, ""dog"": 4e-06, ""faceless"": 6e-06, ""food_focus"": 0.0, ""garter_straps"": 0.512188, ""helmet"": 2.5e-05, ""lingerie"": 1.3e-05, ""looking_at_viewer"": 0.838034, ""mask"": 0.00013, ""midriff"": 0.452179, ""multiple_girls"": 0.000321, ""navel"": 0.011002, ""no_humans"": 8e-06, ""onsen"": 0.0, ""panties"": 0.000141, ""penguin"": 0.0, ""school_swimsuit"": 3e-06, ""solo"": 0.946086, ""swimsuit"": 0.000106, ""thighhighs"": 0.869425, ""underwear"": 0.001764}",visual_review
bangdream_031_live_event_117_sr,classified,soft_review,"[""midriff"", ""navel"", ""soft_review_tag""]",rendered,src/data/deskpet/bangdream-rendered-resource-audit/rendered/bangdream_031_live_event_117_sr.png,completed,"{""1girl"": 0.994644, ""2girls"": 0.000326, ""animal"": 2.6e-05, ""animal_focus"": 4e-06, ""bare_shoulders"": 0.118558, ""bikini"": 0.000121, ""bird"": 5.8e-05, ""cleavage"": 0.003827, ""corset"": 3.8e-05, ""crop_top"": 0.386147, ""dog"": 1.2e-05, ""faceless"": 4.9e-05, ""food_focus"": 1e-06, ""garter_straps"": 6.3e-05, ""helmet"": 5.2e-05, ""lingerie"": 2e-06, ""looking_at_viewer"": 0.819701, ""mask"": 2.7e-05, ""midriff"": 0.891651, ""multiple_girls"": 0.000556, ""navel"": 0.870426, ""no_humans"": 1.3e-05, ""onsen"": 0.0, ""panties"": 0.000357, ""penguin"": 1e-06, ""school_swimsuit"": 1.2e-05, ""solo"": 0.911955, ""swimsuit"": 0.00025, ""thighhighs"": 0.001955, ""underwear"": 0.000926}",visual_review
bangdream_031_live_event_125_ssr,classified,soft_review,"[""crop_top"", ""midriff"", ""navel"", ""soft_review_tag""]",rendered,src/data/deskpet/bangdream-rendered-resource-audit/rendered/bangdream_031_live_event_125_ssr.png,completed,"{""1girl"": 0.997942, ""2girls"": 0.00016, ""animal"": 1e-05, ""animal_focus"": 0.0, ""bare_shoulders"": 0.018868, ""bikini"": 6.9e-05, ""bird"": 2.7e-05, ""cleavage"": 0.094064, ""corset"": 2.3e-05, ""crop_top"": 0.785864, ""dog"": 5e-06, ""faceless"": 5e-06, ""food_focus"": 0.0, ""garter_straps"": 0.000714, ""helmet"": 2.8e-05, ""lingerie"": 2e-06, ""looking_at_viewer"": 0.882094, ""mask"": 1.4e-05, ""midriff"": 0.962054, ""multiple_girls"": 0.000206, ""navel"": 0.929968, ""no_humans"": 6e-06, ""onsen"": 0.0, ""panties"": 0.000702, ""penguin"": 1e-06, ""school_swimsuit"": 3e-06, ""solo"": 0.985162, ""swimsuit"": 0.000104, ""thighhighs"": 0.001566, ""underwear"": 0.000704}",visual_review
bangdream_031_live_event_133_ssr,classified,soft_review,"[""cleavage"", ""midriff"", ""navel"", ""soft_review_tag""]",rendered,src/data/deskpet/bangdream-rendered-resource-audit/rendered/bangdream_031_live_event_133_ssr.png,completed,"{""1girl"": 0.996688, ""2girls"": 0.000328, ""animal"": 0.000164, ""animal_focus"": 0.0, ""bare_shoulders"": 0.669344, ""bikini"": 0.000155, ""bird"": 0.000615, ""cleavage"": 0.770278, ""corset"": 8.1e-05, ""crop_top"": 0.400155, ""dog"": 6e-06, ""faceless"": 1e-06, ""food_focus"": 0.0, ""garter_straps"": 0.259649, ""helmet"": 5e-06, ""lingerie"": 3.4e-05, ""looking_at_viewer"": 0.832061, ""mask"": 4.4e-05, ""midriff"": 0.800666, ""multiple_girls"": 0.000392, ""navel"": 0.91643, ""no_humans"": 3e-06, ""onsen"": 0.0, ""panties"": 0.001383, ""penguin"": 8e-06, ""school_swimsuit"": 1e-06, ""solo"": 0.984963, ""swimsuit"": 0.000305, ""thighhighs"": 0.835422, ""underwear"": 0.022583}",visual_review
bangdream_031_live_event_137_sr,classified,soft_review,"[""garter_straps"", ""navel"", ""soft_review_tag""]",rendered,src/data/deskpet/bangdream-rendered-resource-audit/rendered/bangdream_031_live_event_137_sr.png,completed,"{""1girl"": 0.995169, ""2girls"": 0.000361, ""animal"": 9.2e-05, ""animal_focus"": 1e-06, ""bare_shoulders"": 0.35826, ""bikini"": 9.8e-05, ""bird"": 0.000434, ""cleavage"": 0.190534, ""corset"": 0.00204, ""crop_top"": 0.016322, ""dog"": 2.2e-05, ""faceless"": 1.3e-05, ""food_focus"": 1e-06, ""garter_straps"": 0.713046, ""helmet"": 3e-06, ""lingerie"": 5e-05, ""looking_at_viewer"": 0.73394, ""mask"": 3.2e-05, ""midriff"": 0.207876, ""multiple_girls"": 0.000439, ""navel"": 0.859902, ""no_humans"": 1.3e-05, ""onsen"": 2e-06, ""panties"": 0.001079, ""penguin"": 3.6e-05, ""school_swimsuit"": 9e-06, ""solo"": 0.927818, ""swimsuit"": 0.000237, ""thighhighs"": 0.866655, ""underwear"": 0.002494}",visual_review
bangdream_031_live_event_142_r,classified,soft_review,"[""cleavage"", ""crop_top"", ""midriff"", ""navel"", ""soft_review_tag""]",rendered,src/data/deskpet/bangdream-rendered-resource-audit/rendered/bangdream_031_live_event_142_r.png,completed,"{""1girl"": 0.998109, ""2girls"": 0.000299, ""animal"": 4.7e-05, ""animal_focus"": 0.0, ""bare_shoulders"": 0.218834, ""bikini"": 0.000275, ""bird"": 0.000174, ""cleavage"": 0.86562, ""corset"": 0.002425, ""crop_top"": 0.698029, ""dog"": 1.5e-05, ""faceless"": 0.0, ""food_focus"": 1e-06, ""garter_straps"": 0.161917, ""helmet"": 1.3e-05, ""lingerie"": 9e-06, ""looking_at_viewer"": 0.712368, ""mask"": 5.6e-05, ""midriff"": 0.942286, ""multiple_girls"": 0.000331, ""navel"": 0.865253, ""no_humans"": 4e-06, ""onsen"": 1e-06, ""panties"": 0.000315, ""penguin"": 6e-06, ""school_swimsuit"": 5e-06, ""solo"": 0.954337, ""swimsuit"": 0.000436, ""thighhighs"": 0.885165, ""underwear"": 0.000627}",visual_review
bangdream_031_live_event_151_ssr,classified,soft_review,"[""crop_top"", ""midriff"", ""navel"", ""soft_review_tag""]",rendered,src/data/deskpet/bangdream-rendered-resource-audit/rendered/bangdream_031_live_event_151_ssr.png,completed,"{""1girl"": 0.996752, ""2girls"": 0.000378, ""animal"": 3.3e-05, ""animal_focus"": 0.0, ""bare_shoulders"": 0.591647, ""bikini"": 0.000109, ""bird"": 0.000274, ""cleavage"": 0.043789, ""corset"": 0.000352, ""crop_top"": 0.720749, ""dog"": 3.2e-05, ""faceless"": 2e-06, ""food_focus"": 0.0, ""garter_straps"": 0.051258, ""helmet"": 2.9e-05, ""lingerie"": 1.1e-05, ""looking_at_viewer"": 0.819897, ""mask"": 2.6e-05, ""midriff"": 0.856053, ""multiple_girls"": 0.000486, ""navel"": 0.901511, ""no_humans"": 4e-06, ""onsen"": 1e-06, ""panties"": 0.001038, ""penguin"": 2.2e-05, ""school_swimsuit"": 8e-06, ""solo"": 0.963135, ""swimsuit"": 0.00022, ""thighhighs"": 0.917903, ""underwear"": 0.001082}",visual_review
bangdream_031_live_event_187_ssr,classified,soft_review,"[""cleavage"", ""soft_review_tag""]",rendered,src/data/deskpet/bangdream-rendered-resource-audit/rendered/bangdream_031_live_event_187_ssr.png,completed,"{""1girl"": 0.994483, ""2girls"": 0.000566, ""animal"": 0.000269, ""animal_focus"": 4e-06, ""bare_shoulders"": 0.001174, ""bikini"": 8e-05, ""bird"": 0.000339, ""cleavage"": 0.921129, ""corset"": 0.00016, ""crop_top"": 0.000309, ""dog"": 0.000117, ""faceless"": 1e-05, ""food_focus"": 0.0, ""garter_straps"": 2.2e-05, ""helmet"": 0.000181, ""lingerie"": 1.4e-05, ""looking_at_viewer"": 0.449765, ""mask"": 4.7e-05, ""midriff"": 0.000514, ""multiple_girls"": 0.000622, ""navel"": 0.002088, ""no_humans"": 2.3e-05, ""onsen"": 2e-06, ""panties"": 0.000391, ""penguin"": 2e-06, ""school_swimsuit"": 4e-06, ""solo"": 0.891697, ""swimsuit"": 0.000129, ""thighhighs"": 0.000961, ""underwear"": 0.000803}",visual_review
bangdream_031_live_event_197,classified,soft_review,"[""midriff"", ""navel"", ""soft_review_tag""]",rendered,src/data/deskpet/bangdream-rendered-resource-audit/rendered/bangdream_031_live_event_197.png,completed,"{""1girl"": 0.996272, ""2girls"": 0.000262, ""animal"": 3.1e-05, ""animal_focus"": 1e-06, ""bare_shoulders"": 0.015629, ""bikini"": 5.3e-05, ""bird"": 0.000158, ""cleavage"": 0.001642, ""corset"": 5e-06, ""crop_top"": 0.430513, ""dog"": 2.4e-05, ""faceless"": 2e-06, ""food_focus"": 1e-06, ""garter_straps"": 4.2e-05, ""helmet"": 1e-05, ""lingerie"": 3e-06, ""looking_at_viewer"": 0.805183, ""mask"": 1.7e-05, ""midriff"": 0.938205, ""multiple_girls"": 0.000512, ""navel"": 0.976154, ""no_humans"": 7e-06, ""onsen"": 0.0, ""panties"": 0.000692, ""penguin"": 1e-06, ""school_swimsuit"": 8e-06, ""solo"": 0.972631, ""swimsuit"": 8.6e-05, ""thighhighs"": 0.000634, ""underwear"": 0.00271}",visual_review
bangdream_031_live_event_199,classified,soft_review,"[""crop_top"", ""midriff"", ""navel"", ""soft_review_tag""]",rendered,src/data/deskpet/bangdream-rendered-resource-audit/rendered/bangdream_031_live_event_199.png,completed,"{""1girl"": 0.995656, ""2girls"": 0.000316, ""animal"": 2.9e-05, ""animal_focus"": 0.0, ""bare_shoulders"": 0.002318, ""bikini"": 6.8e-05, ""bird"": 0.000106, ""cleavage"": 0.003926, ""corset"": 5.8e-05, ""crop_top"": 0.898389, ""dog"": 2e-06, ""faceless"": 3e-06, ""food_focus"": 0.0, ""garter_straps"": 2.5e-05, ""helmet"": 5e-05, ""lingerie"": 7e-06, ""looking_at_viewer"": 0.766308, ""mask"": 3.1e-05, ""midriff"": 0.949591, ""multiple_girls"": 0.000499, ""navel"": 0.9598, ""no_humans"": 1.2e-05, ""onsen"": 0.0, ""panties"": 0.000244, ""penguin"": 3e-06, ""school_swimsuit"": 4e-06, ""solo"": 0.9147, ""swimsuit"": 9.6e-05, ""thighhighs"": 0.000752, ""underwear"": 0.00085}",visual_review
bangdream_031_live_event_205_sr,classified,soft_review,"[""navel"", ""soft_review_tag""]",rendered,src/data/deskpet/bangdream-rendered-resource-audit/rendered/bangdream_031_live_event_205_sr.png,completed,"{""1girl"": 0.995371, ""2girls"": 0.00035, ""animal"": 0.000426, ""animal_focus"": 4e-06, ""bare_shoulders"": 0.008457, ""bikini"": 0.000105, ""bird"": 0.000187, ""cleavage"": 0.001219, ""corset"": 0.000344, ""crop_top"": 0.12342, ""dog"": 3.3e-05, ""faceless"": 8e-06, ""food_focus"": 0.0, ""garter_straps"": 6.4e-05, ""helmet"": 1.8e-05, ""lingerie"": 2e-06, ""looking_at_viewer"": 0.656413, ""mask"": 1.7e-05, ""midriff"": 0.416663, ""multiple_girls"": 0.000611, ""navel"": 0.815323, ""no_humans"": 1.6e-05, ""onsen"": 8e-06, ""panties"": 0.000309, ""penguin"": 1e-06, ""school_swimsuit"": 5e-06, ""solo"": 0.818044, ""swimsuit"": 0.000317, ""thighhighs"": 0.000581, ""underwear"": 0.000319}",visual_review
bangdream_031_live_event_237_sr,classified,soft_review,"[""cleavage"", ""crop_top"", ""soft_review_tag""]",rendered,src/data/deskpet/bangdream-rendered-resource-audit/rendered/bangdream_031_live_event_237_sr.png,completed,"{""1girl"": 0.99671, ""2girls"": 0.000246, ""animal"": 2.4e-05, ""animal_focus"": 2e-06, ""bare_shoulders"": 0.106543, ""bikini"": 0.000536, ""bird"": 1.7e-05, ""cleavage"": 0.957953, ""corset"": 8.6e-05, ""crop_top"": 0.59509, ""dog"": 1.7e-05, ""faceless"": 1e-06, ""food_focus"": 0.0, ""garter_straps"": 5.7e-05, ""helmet"": 6.8e-05, ""lingerie"": 1.6e-05, ""looking_at_viewer"": 0.813456, ""mask"": 2e-05, ""midriff"": 0.320119, ""multiple_girls"": 0.000421, ""navel"": 0.004893, ""no_humans"": 1.4e-05, ""onsen"": 1e-06, ""panties"": 0.001742, ""penguin"": 0.0, ""school_swimsuit"": 5e-06, ""solo"": 0.946502, ""swimsuit"": 0.001342, ""thighhighs"": 0.000962, ""underwear"": 0.043366}",visual_review
bangdream_031_live_event_249_ur,classified,soft_review,"[""garter_straps"", ""soft_review_tag""]",rendered,src/data/deskpet/bangdream-rendered-resource-audit/rendered/bangdream_031_live_event_249_ur.png,completed,"{""1girl"": 0.998573, ""2girls"": 9.4e-05, ""animal"": 2e-05, ""animal_focus"": 0.0, ""bare_shoulders"": 0.00719, ""bikini"": 0.000138, ""bird"": 2.2e-05, ""cleavage"": 0.099542, ""corset"": 1.3e-05, ""crop_top"": 0.312881, ""dog"": 0.0, ""faceless"": 3e-06, ""food_focus"": 0.0, ""garter_straps"": 0.837722, ""helmet"": 9e-06, ""lingerie"": 2e-06, ""looking_at_viewer"": 0.948346, ""mask"": 1.7e-05, ""midriff"": 0.141757, ""multiple_girls"": 0.000147, ""navel"": 0.007486, ""no_humans"": 1e-06, ""onsen"": 0.0, ""panties"": 0.000467, ""penguin"": 0.0, ""school_swimsuit"": 2e-06, ""solo"": 0.989873, ""swimsuit"": 0.000158, ""thighhighs"": 0.704151, ""underwear"": 0.01414}",visual_review
bangdream_031_live_event_288_ur,classified,soft_review,"[""midriff"", ""navel"", ""soft_review_tag""]",rendered,src/data/deskpet/bangdream-rendered-resource-audit/rendered/bangdream_031_live_event_288_ur.png,completed,"{""1girl"": 0.996665, ""2girls"": 0.000284, ""animal"": 3.8e-05, ""animal_focus"": 2e-06, ""bare_shoulders"": 0.0035, ""bikini"": 8.7e-05, ""bird"": 8.7e-05, ""cleavage"": 0.186526, ""corset"": 0.000255, ""crop_top"": 0.409679, ""dog"": 1.1e-05, ""faceless"": 7e-06, ""food_focus"": 0.0, ""garter_straps"": 0.000275, ""helmet"": 2e-05, ""lingerie"": 5e-06, ""looking_at_viewer"": 0.655872, ""mask"": 5.9e-05, ""midriff"": 0.913623, ""multiple_girls"": 0.00051, ""navel"": 0.961289, ""no_humans"": 1e-05, ""onsen"": 1e-06, ""panties"": 0.001409, ""penguin"": 1e-06, ""school_swimsuit"": 9e-06, ""solo"": 0.941073, ""swimsuit"": 0.000203, ""thighhighs"": 0.001114, ""underwear"": 0.005056}",visual_review
bangdream_031_live_event_319_ur,classified,soft_review,"[""cleavage"", ""soft_review_tag""]",rendered,src/data/deskpet/bangdream-rendered-resource-audit/rendered/bangdream_031_live_event_319_ur.png,completed,"{""1girl"": 0.997426, ""2girls"": 0.000299, ""animal"": 2.8e-05, ""animal_focus"": 2e-06, ""bare_shoulders"": 0.51899, ""bikini"": 0.000108, ""bird"": 2.6e-05, ""cleavage"": 0.920242, ""corset"": 0.000217, ""crop_top"": 0.002802, ""dog"": 5e-06, ""faceless"": 4e-06, ""food_focus"": 0.0, ""garter_straps"": 0.000362, ""helmet"": 8.6e-05, ""lingerie"": 3e-06, ""looking_at_viewer"": 0.605998, ""mask"": 5.2e-05, ""midriff"": 0.001679, ""multiple_girls"": 0.000494, ""navel"": 0.002237, ""no_humans"": 9e-06, ""onsen"": 1e-06, ""panties"": 0.000521, ""penguin"": 0.0, ""school_swimsuit"": 8e-06, ""solo"": 0.954795, ""swimsuit"": 0.000243, ""thighhighs"": 0.778831, ""underwear"": 0.001042}",visual_review
bangdream_031_live_r_2021,classified,soft_review,"[""crop_top"", ""midriff"", ""navel"", ""soft_review_tag""]",rendered,src/data/deskpet/bangdream-rendered-resource-audit/rendered/bangdream_031_live_r_2021.png,completed,"{""1girl"": 0.997301, ""2girls"": 0.000172, ""animal"": 3e-05, ""animal_focus"": 2e-06, ""bare_shoulders"": 0.142139, ""bikini"": 5.4e-05, ""bird"": 8.4e-05, ""cleavage"": 0.001653, ""corset"": 0.000348, ""crop_top"": 0.887365, ""dog"": 2.9e-05, ""faceless"": 5e-06, ""food_focus"": 1e-06, ""garter_straps"": 0.000386, ""helmet"": 8.6e-05, ""lingerie"": 2e-06, ""looking_at_viewer"": 0.789745, ""mask"": 5.7e-05, ""midriff"": 0.913288, ""multiple_girls"": 0.000273, ""navel"": 0.85359, ""no_humans"": 1.6e-05, ""onsen"": 0.0, ""panties"": 0.000239, ""penguin"": 1e-06, ""school_swimsuit"": 1e-05, ""solo"": 0.942376, ""swimsuit"": 8.3e-05, ""thighhighs"": 0.002218, ""underwear"": 0.000468}",visual_review
bangdream_031_live_r_2022,classified,soft_review,"[""cleavage"", ""crop_top"", ""midriff"", ""navel"", ""soft_review_tag""]",rendered,src/data/deskpet/bangdream-rendered-resource-audit/rendered/bangdream_031_live_r_2022.png,completed,"{""1girl"": 0.998283, ""2girls"": 0.000138, ""animal"": 6e-06, ""animal_focus"": 0.0, ""bare_shoulders"": 0.093687, ""bikini"": 6.6e-05, ""bird"": 2.6e-05, ""cleavage"": 0.942677, ""corset"": 0.000255, ""crop_top"": 0.938909, ""dog"": 3e-06, ""faceless"": 3.4e-05, ""food_focus"": 1e-06, ""garter_straps"": 0.14113, ""helmet"": 3.4e-05, ""lingerie"": 2.2e-05, ""looking_at_viewer"": 0.952748, ""mask"": 4e-06, ""midriff"": 0.973922, ""multiple_girls"": 0.000132, ""navel"": 0.963119, ""no_humans"": 5e-06, ""onsen"": 0.0, ""panties"": 0.012588, ""penguin"": 0.0, ""school_swimsuit"": 2e-06, ""solo"": 0.991396, ""swimsuit"": 0.000152, ""thighhighs"": 0.876475, ""underwear"": 0.035973}",visual_review
bangdream_031_live_r_2023,classified,soft_review,"[""cleavage"", ""midriff"", ""navel"", ""soft_review_tag""]",rendered,src/data/deskpet/bangdream-rendered-resource-audit/rendered/bangdream_031_live_r_2023.png,completed,"{""1girl"": 0.99857, ""2girls"": 0.000126, ""animal"": 2.1e-05, ""animal_focus"": 0.0, ""bare_shoulders"": 0.025594, ""bikini"": 6.3e-05, ""bird"": 2e-05, ""cleavage"": 0.930924, ""corset"": 8.2e-05, ""crop_top"": 0.372345, ""dog"": 3e-06, ""faceless"": 1.5e-05, ""food_focus"": 0.0, ""garter_straps"": 0.000119, ""helmet"": 3.7e-05, ""lingerie"": 4e-06, ""looking_at_viewer"": 0.955819, ""mask"": 1.4e-05, ""midriff"": 0.858559, ""multiple_girls"": 0.000156, ""navel"": 0.836954, ""no_humans"": 5e-06, ""onsen"": 0.0, ""panties"": 0.000283, ""penguin"": 1e-06, ""school_swimsuit"": 2e-06, ""solo"": 0.985857, ""swimsuit"": 8.2e-05, ""thighhighs"": 0.000673, ""underwear"": 0.001011}",visual_review
bangdream_032_live_event_117_ssr,classified,soft_review,"[""midriff"", ""soft_review_tag""]",rendered,src/data/deskpet/bangdream-rendered-resource-audit/rendered/bangdream_032_live_event_117_ssr.png,completed,"{""1girl"": 0.992682, ""2girls"": 0.000622, ""animal"": 3.8e-05, ""animal_focus"": 1e-06, ""bare_shoulders"": 0.003495, ""bikini"": 9.2e-05, ""bird"": 0.000203, ""cleavage"": 0.001656, ""corset"": 3.6e-05, ""crop_top"": 0.218867, ""dog"": 8e-06, ""faceless"": 2.8e-05, ""food_focus"": 0.0, ""garter_straps"": 0.000453, ""helmet"": 8e-06, ""lingerie"": 1e-06, ""looking_at_viewer"": 0.88412, ""mask"": 0.000107, ""midriff"": 0.566107, ""multiple_girls"": 0.000634, ""navel"": 0.012762, ""no_humans"": 3.8e-05, ""onsen"": 1e-06, ""panties"": 0.000159, ""penguin"": 1e-06, ""school_swimsuit"": 4e-06, ""solo"": 0.941517, ""swimsuit"": 0.000139, ""thighhighs"": 0.072452, ""underwear"": 0.000241}",visual_review
bangdream_032_live_event_125_sr,classified,soft_review,"[""midriff"", ""soft_review_tag""]",rendered,src/data/deskpet/bangdream-rendered-resource-audit/rendered/bangdream_032_live_event_125_sr.png,completed,"{""1girl"": 0.997575, ""2girls"": 0.000145, ""animal"": 5e-06, ""animal_focus"": 0.0, ""bare_shoulders"": 0.001252, ""bikini"": 4.4e-05, ""bird"": 9e-06, ""cleavage"": 0.010324, ""corset"": 8e-06, ""crop_top"": 0.276548, ""dog"": 1e-06, ""faceless"": 4e-06, ""food_focus"": 0.0, ""garter_straps"": 0.006473, ""helmet"": 1.6e-05, ""lingerie"": 1.1e-05, ""looking_at_viewer"": 0.940042, ""mask"": 5e-05, ""midriff"": 0.907014, ""multiple_girls"": 0.00015, ""navel"": 0.058308, ""no_humans"": 1.4e-05, ""onsen"": 1e-06, ""panties"": 0.000163, ""penguin"": 0.0, ""school_swimsuit"": 2e-06, ""solo"": 0.989679, ""swimsuit"": 5e-05, ""thighhighs"": 0.914297, ""underwear"": 0.000427}",visual_review
bangdream_032_live_event_133_r,classified,soft_review,"[""crop_top"", ""midriff"", ""navel"", ""soft_review_tag""]",rendered,src/data/deskpet/bangdream-rendered-resource-audit/rendered/bangdream_032_live_event_133_r.png,completed,"{""1girl"": 0.997393, ""2girls"": 0.000113, ""animal"": 1.7e-05, ""animal_focus"": 0.0, ""bare_shoulders"": 0.062678, ""bikini"": 0.000196, ""bird"": 2.5e-05, ""cleavage"": 0.002936, ""corset"": 4e-06, ""crop_top"": 0.652944, ""dog"": 2e-06, ""faceless"": 3e-06, ""food_focus"": 0.0, ""garter_straps"": 8.6e-05, ""helmet"": 8e-06, ""lingerie"": 1e-05, ""looking_at_viewer"": 0.921811, ""mask"": 0.0001, ""midriff"": 0.827359, ""multiple_girls"": 0.000148, ""navel"": 0.885031, ""no_humans"": 3e-06, ""onsen"": 0.0, ""panties"": 0.000108, ""penguin"": 1e-06, ""school_swimsuit"": 1e-06, ""solo"": 0.983385, ""swimsuit"": 0.000421, ""thighhighs"": 0.001012, ""underwear"": 0.000301}",visual_review
bangdream_032_live_event_142_ssr,classified,soft_review,"[""midriff"", ""navel"", ""soft_review_tag""]",rendered,src/data/deskpet/bangdream-rendered-resource-audit/rendered/bangdream_032_live_event_142_ssr.png,completed,"{""1girl"": 0.996432, ""2girls"": 0.000217, ""animal"": 1.7e-05, ""animal_focus"": 0.0, ""bare_shoulders"": 0.401346, ""bikini"": 0.000375, ""bird"": 0.000257, ""cleavage"": 0.001301, ""corset"": 2.2e-05, ""crop_top"": 0.116426, ""dog"": 3e-06, ""faceless"": 0.0, ""food_focus"": 0.0, ""garter_straps"": 0.015983, ""helmet"": 9e-06, ""lingerie"": 3e-06, ""looking_at_viewer"": 0.86576, ""mask"": 9.2e-05, ""midriff"": 0.803535, ""multiple_girls"": 0.000319, ""navel"": 0.800003, ""no_humans"": 3e-06, ""onsen"": 1e-06, ""panties"": 0.000134, ""penguin"": 4e-06, ""school_swimsuit"": 6e-06, ""solo"": 0.963437, ""swimsuit"": 0.000883, ""thighhighs"": 0.028502, ""underwear"": 0.000239}",visual_review
bangdream_032_live_event_151_sr,classified,soft_review,"[""midriff"", ""soft_review_tag""]",rendered,src/data/deskpet/bangdream-rendered-resource-audit/rendered/bangdream_032_live_event_151_sr.png,completed,"{""1girl"": 0.996732, ""2girls"": 0.000153, ""animal"": 1.6e-05, ""animal_focus"": 1e-06, ""bare_shoulders"": 0.279624, ""bikini"": 0.000145, ""bird"": 2.9e-05, ""cleavage"": 0.000934, ""corset"": 5.1e-05, ""crop_top"": 0.043767, ""dog"": 6e-06, ""faceless"": 1e-06, ""food_focus"": 0.0, ""garter_straps"": 0.000256, ""helmet"": 2.6e-05, ""lingerie"": 5e-06, ""looking_at_viewer"": 0.875283, ""mask"": 3.9e-05, ""midriff"": 0.511025, ""multiple_girls"": 0.000139, ""navel"": 0.033623, ""no_humans"": 3e-06, ""onsen"": 1e-06, ""panties"": 0.00021, ""penguin"": 0.0, ""school_swimsuit"": 8e-06, ""solo"": 0.983519, ""swimsuit"": 0.000279, ""thighhighs"": 0.002526, ""underwear"": 0.000485}",visual_review
bangdream_032_live_event_158_sr,classified,soft_review,"[""crop_top"", ""garter_straps"", ""midriff"", ""navel"", ""soft_review_tag""]",rendered,src/data/deskpet/bangdream-rendered-resource-audit/rendered/bangdream_032_live_event_158_sr.png,completed,"{""1girl"": 0.997113, ""2girls"": 0.000166, ""animal"": 9.1e-05, ""animal_focus"": 3e-06, ""bare_shoulders"": 0.21197, ""bikini"": 0.001032, ""bird"": 0.000153, ""cleavage"": 0.007792, ""corset"": 0.011623, ""crop_top"": 0.507708, ""dog"": 1e-06, ""faceless"": 5e-06, ""food_focus"": 0.0, ""garter_straps"": 0.651192, ""helmet"": 1e-05, ""lingerie"": 0.000115, ""looking_at_viewer"": 0.684915, ""mask"": 8.4e-05, ""midriff"": 0.789529, ""multiple_girls"": 0.000266, ""navel"": 0.942712, ""no_humans"": 7e-06, ""onsen"": 1e-06, ""panties"": 0.001751, ""penguin"": 1e-06, ""school_swimsuit"": 4e-06, ""solo"": 0.964667, ""swimsuit"": 0.001633, ""thighhighs"": 0.955335, ""underwear"": 0.008432}",visual_review
bangdream_032_live_event_197_ssr,classified,soft_review,"[""crop_top"", ""midriff"", ""navel"", ""soft_review_tag""]",rendered,src/data/deskpet/bangdream-rendered-resource-audit/rendered/bangdream_032_live_event_197_ssr.png,completed,"{""1girl"": 0.997808, ""2girls"": 0.000113, ""animal"": 5.9e-05, ""animal_focus"": 1e-06, ""bare_shoulders"": 0.007492, ""bikini"": 0.000294, ""bird"": 8.5e-05, ""cleavage"": 0.002775, ""corset"": 6e-06, ""crop_top"": 0.626628, ""dog"": 1e-05, ""faceless"": 4e-06, ""food_focus"": 0.0, ""garter_straps"": 0.00359, ""helmet"": 3e-06, ""lingerie"": 1e-06, ""looking_at_viewer"": 0.880127, ""mask"": 2.8e-05, ""midriff"": 0.928601, ""multiple_girls"": 0.000152, ""navel"": 0.798341, ""no_humans"": 6e-06, ""onsen"": 0.0, ""panties"": 0.000381, ""penguin"": 0.0, ""school_swimsuit"": 3e-06, ""solo"": 0.991803, ""swimsuit"": 0.000437, ""thighhighs"": 0.014432, ""underwear"": 0.000441}",visual_review
bangdream_032_live_event_205,classified,soft_review,"[""midriff"", ""navel"", ""soft_review_tag""]",rendered,src/data/deskpet/bangdream-rendered-resource-audit/rendered/bangdream_032_live_event_205.png,completed,"{""1girl"": 0.996252, ""2girls"": 0.000168, ""animal"": 3.3e-05, ""animal_focus"": 0.0, ""bare_shoulders"": 0.001971, ""bikini"": 5e-05, ""bird"": 9e-06, ""cleavage"": 0.000779, ""corset"": 0.000103, ""crop_top"": 0.436467, ""dog"": 1e-06, ""faceless"": 4e-06, ""food_focus"": 0.0, ""garter_straps"": 0.000603, ""helmet"": 2e-06, ""lingerie"": 3e-06, ""looking_at_viewer"": 0.959169, ""mask"": 1.9e-05, ""midriff"": 0.829805, ""multiple_girls"": 0.000144, ""navel"": 0.943557, ""no_humans"": 2.7e-05, ""onsen"": 0.0, ""panties"": 0.000122, ""penguin"": 0.0, ""school_swimsuit"": 1e-06, ""solo"": 0.991957, ""swimsuit"": 6.2e-05, ""thighhighs"": 0.005618, ""underwear"": 0.000297}",visual_review
bangdream_032_live_event_237_r,classified,soft_review,"[""crop_top"", ""midriff"", ""soft_review_tag""]",rendered,src/data/deskpet/bangdream-rendered-resource-audit/rendered/bangdream_032_live_event_237_r.png,completed,"{""1girl"": 0.995609, ""2girls"": 0.000289, ""animal"": 8.2e-05, ""animal_focus"": 3e-06, ""bare_shoulders"": 0.331709, ""bikini"": 0.000301, ""bird"": 0.000114, ""cleavage"": 0.006664, ""corset"": 6.3e-05, ""crop_top"": 0.584772, ""dog"": 2e-06, ""faceless"": 1e-05, ""food_focus"": 0.0, ""garter_straps"": 0.148794, ""helmet"": 1.3e-05, ""lingerie"": 8.7e-05, ""looking_at_viewer"": 0.604718, ""mask"": 0.000114, ""midriff"": 0.591407, ""multiple_girls"": 0.000334, ""navel"": 0.02249, ""no_humans"": 3.8e-05, ""onsen"": 1e-06, ""panties"": 0.000653, ""penguin"": 0.0, ""school_swimsuit"": 1e-05, ""solo"": 0.942524, ""swimsuit"": 0.000639, ""thighhighs"": 0.76809, ""underwear"": 0.002705}",visual_review
bangdream_032_live_event_249_sr,classified,soft_review,"[""midriff"", ""soft_review_tag""]",rendered,src/data/deskpet/bangdream-rendered-resource-audit/rendered/bangdream_032_live_event_249_sr.png,completed,"{""1girl"": 0.996274, ""2girls"": 0.000322, ""animal"": 3.4e-05, ""animal_focus"": 1e-06, ""bare_shoulders"": 0.000946, ""bikini"": 0.000174, ""bird"": 6.4e-05, ""cleavage"": 0.001184, ""corset"": 3e-06, ""crop_top"": 0.450126, ""dog"": 4e-06, ""faceless"": 4.4e-05, ""food_focus"": 0.0, ""garter_straps"": 8.6e-05, ""helmet"": 4.4e-05, ""lingerie"": 3.2e-05, ""looking_at_viewer"": 0.764903, ""mask"": 3.2e-05, ""midriff"": 0.515651, ""multiple_girls"": 0.000401, ""navel"": 0.029225, ""no_humans"": 1.9e-05, ""onsen"": 2e-06, ""panties"": 0.000382, ""penguin"": 1e-06, ""school_swimsuit"": 3e-06, ""solo"": 0.965197, ""swimsuit"": 0.00023, ""thighhighs"": 0.840102, ""underwear"": 0.001091}",visual_review
bangdream_032_live_event_319_r,classified,soft_review,"[""midriff"", ""soft_review_tag""]",rendered,src/data/deskpet/bangdream-rendered-resource-audit/rendered/bangdream_032_live_event_319_r.png,completed,"{""1girl"": 0.99428, ""2girls"": 0.000283, ""animal"": 6.5e-05, ""animal_focus"": 1e-06, ""bare_shoulders"": 0.001785, ""bikini"": 4.2e-05, ""bird"": 3.8e-05, ""cleavage"": 0.001214, ""corset"": 1.8e-05, ""crop_top"": 0.292817, ""dog"": 9e-06, ""faceless"": 7e-06, ""food_focus"": 3e-06, ""garter_straps"": 0.002299, ""helmet"": 7.8e-05, ""lingerie"": 1.6e-05, ""looking_at_viewer"": 0.754958, ""mask"": 0.000272, ""midriff"": 0.675016, ""multiple_girls"": 0.000296, ""navel"": 0.163158, ""no_humans"": 1.9e-05, ""onsen"": 1e-06, ""panties"": 0.000214, ""penguin"": 4e-06, ""school_swimsuit"": 2e-06, ""solo"": 0.972908, ""swimsuit"": 4.5e-05, ""thighhighs"": 0.008796, ""underwear"": 0.001536}",visual_review
bangdream_032_live_r_2022,classified,soft_review,"[""crop_top"", ""garter_straps"", ""soft_review_tag""]",rendered,src/data/deskpet/bangdream-rendered-resource-audit/rendered/bangdream_032_live_r_2022.png,completed,"{""1girl"": 0.996619, ""2girls"": 0.000227, ""animal"": 1e-05, ""animal_focus"": 1e-06, ""bare_shoulders"": 0.003638, ""bikini"": 7.1e-05, ""bird"": 1.5e-05, ""cleavage"": 0.003887, ""corset"": 1.5e-05, ""crop_top"": 0.502572, ""dog"": 2e-06, ""faceless"": 1e-06, ""food_focus"": 0.0, ""garter_straps"": 0.944067, ""helmet"": 5e-06, ""lingerie"": 4e-06, ""looking_at_viewer"": 0.892688, ""mask"": 3.5e-05, ""midriff"": 0.32866, ""multiple_girls"": 0.000213, ""navel"": 0.004022, ""no_humans"": 1.1e-05, ""onsen"": 0.0, ""panties"": 0.00026, ""penguin"": 0.0, ""school_swimsuit"": 1e-06, ""solo"": 0.979409, ""swimsuit"": 8.7e-05, ""thighhighs"": 0.773733, ""underwear"": 0.001367}",visual_review
bangdream_033_birthday_2022,classified,soft_review,"[""cleavage"", ""soft_review_tag""]",rendered,src/data/deskpet/bangdream-rendered-resource-audit/rendered/bangdream_033_birthday_2022.png,completed,"{""1girl"": 0.996027, ""2girls"": 0.000264, ""animal"": 9.6e-05, ""animal_focus"": 1e-06, ""bare_shoulders"": 0.105392, ""bikini"": 0.000884, ""bird"": 0.0001, ""cleavage"": 0.76215, ""corset"": 0.013779, ""crop_top"": 0.00998, ""dog"": 4e-06, ""faceless"": 1e-05, ""food_focus"": 4e-06, ""garter_straps"": 0.000142, ""helmet"": 7.1e-05, ""lingerie"": 0.000111, ""looking_at_viewer"": 0.549109, ""mask"": 0.000266, ""midriff"": 0.0028, ""multiple_girls"": 0.000444, ""navel"": 0.001902, ""no_humans"": 6e-06, ""onsen"": 2e-06, ""panties"": 0.000371, ""penguin"": 2e-06, ""school_swimsuit"": 2.2e-05, ""solo"": 0.900441, ""swimsuit"": 0.001073, ""thighhighs"": 0.001587, ""underwear"": 0.001048}",visual_review
bangdream_033_casual,classified,soft_review,"[""crop_top"", ""soft_review_tag""]",rendered,src/data/deskpet/bangdream-rendered-resource-audit/rendered/bangdream_033_casual.png,completed,"{""1girl"": 0.995966, ""2girls"": 0.000577, ""animal"": 0.000175, ""animal_focus"": 1e-06, ""bare_shoulders"": 0.005227, ""bikini"": 0.000257, ""bird"": 0.000136, ""cleavage"": 0.005413, ""corset"": 2e-05, ""crop_top"": 0.665957, ""dog"": 0.000391, ""faceless"": 1e-05, ""food_focus"": 0.0, ""garter_straps"": 1.8e-05, ""helmet"": 4.4e-05, ""lingerie"": 3.6e-05, ""looking_at_viewer"": 0.588181, ""mask"": 2.7e-05, ""midriff"": 0.384631, ""multiple_girls"": 0.000485, ""navel"": 0.0068, ""no_humans"": 3.1e-05, ""onsen"": 2e-06, ""panties"": 0.000158, ""penguin"": 6e-06, ""school_swimsuit"": 5e-06, ""solo"": 0.886651, ""swimsuit"": 0.000254, ""thighhighs"": 0.000754, ""underwear"": 0.001343}",visual_review
bangdream_033_casual_summer-2023,classified,soft_review,"[""crop_top"", ""soft_review_tag""]",rendered,src/data/deskpet/bangdream-rendered-resource-audit/rendered/bangdream_033_casual_summer-2023.png,completed,"{""1girl"": 0.996482, ""2girls"": 0.000467, ""animal"": 0.000346, ""animal_focus"": 2e-06, ""bare_shoulders"": 0.21612, ""bikini"": 0.000175, ""bird"": 0.000192, ""cleavage"": 0.005613, ""corset"": 2.4e-05, ""crop_top"": 0.601056, ""dog"": 0.000263, ""faceless"": 1e-05, ""food_focus"": 1e-06, ""garter_straps"": 2.5e-05, ""helmet"": 2e-05, ""lingerie"": 4.4e-05, ""looking_at_viewer"": 0.868901, ""mask"": 9.2e-05, ""midriff"": 0.235449, ""multiple_girls"": 0.000394, ""navel"": 0.005229, ""no_humans"": 2.8e-05, ""onsen"": 1e-06, ""panties"": 0.000743, ""penguin"": 3e-06, ""school_swimsuit"": 1.1e-05, ""solo"": 0.929467, ""swimsuit"": 0.000253, ""thighhighs"": 0.001007, ""underwear"": 0.029921}",visual_review
bangdream_033_dream_festival_2,classified,soft_review,"[""crop_top"", ""soft_review_tag""]",rendered,src/data/deskpet/bangdream-rendered-resource-audit/rendered/bangdream_033_dream_festival_2.png,completed,"{""1girl"": 0.99675, ""2girls"": 0.000312, ""animal"": 0.000555, ""animal_focus"": 0.0, ""bare_shoulders"": 0.011612, ""bikini"": 0.000871, ""bird"": 0.00011, ""cleavage"": 0.096025, ""corset"": 0.00069, ""crop_top"": 0.805331, ""dog"": 1.3e-05, ""faceless"": 2e-06, ""food_focus"": 0.0, ""garter_straps"": 0.000101, ""helmet"": 1.4e-05, ""lingerie"": 5.1e-05, ""looking_at_viewer"": 0.844054, ""mask"": 0.000235, ""midriff"": 0.468106, ""multiple_girls"": 0.000457, ""navel"": 0.019785, ""no_humans"": 4e-06, ""onsen"": 1e-06, ""panties"": 0.000293, ""penguin"": 0.0, ""school_swimsuit"": 3e-06, ""solo"": 0.94943, ""swimsuit"": 0.000488, ""thighhighs"": 0.001357, ""underwear"": 0.021382}",visual_review
bangdream_033_dream_festival_3_ur,classified,soft_review,"[""cleavage"", ""soft_review_tag""]",rendered,src/data/deskpet/bangdream-rendered-resource-audit/rendered/bangdream_033_dream_festival_3_ur.png,completed,"{""1girl"": 0.996533, ""2girls"": 0.000345, ""animal"": 3.2e-05, ""animal_focus"": 1e-06, ""bare_shoulders"": 0.001761, ""bikini"": 6.9e-05, ""bird"": 2.8e-05, ""cleavage"": 0.867929, ""corset"": 0.753455, ""crop_top"": 0.000198, ""dog"": 4e-06, ""faceless"": 3e-06, ""food_focus"": 1e-06, ""garter_straps"": 2.7e-05, ""helmet"": 3.3e-05, ""lingerie"": 4.7e-05, ""looking_at_viewer"": 0.807037, ""mask"": 9.5e-05, ""midriff"": 0.000274, ""multiple_girls"": 0.000426, ""navel"": 0.00116, ""no_humans"": 3e-06, ""onsen"": 0.0, ""panties"": 0.000242, ""penguin"": 1e-06, ""school_swimsuit"": 1e-06, ""solo"": 0.951518, ""swimsuit"": 0.000102, ""thighhighs"": 0.000851, ""underwear"": 0.000534}",visual_review
bangdream_033_live_default,classified,soft_review,"[""crop_top"", ""midriff"", ""soft_review_tag""]",rendered,src/data/deskpet/bangdream-rendered-resource-audit/rendered/bangdream_033_live_default.png,completed,"{""1girl"": 0.996676, ""2girls"": 0.000261, ""animal"": 8.8e-05, ""animal_focus"": 0.0, ""bare_shoulders"": 0.007061, ""bikini"": 0.00014, ""bird"": 0.000103, ""cleavage"": 0.003416, ""corset"": 1.2e-05, ""crop_top"": 0.694526, ""dog"": 5e-06, ""faceless"": 1.4e-05, ""food_focus"": 0.0, ""garter_straps"": 3.1e-05, ""helmet"": 8e-06, ""lingerie"": 3.2e-05, ""looking_at_viewer"": 0.809914, ""mask"": 3.2e-05, ""midriff"": 0.576585, ""multiple_girls"": 0.000248, ""navel"": 0.013473, ""no_humans"": 7e-06, ""onsen"": 0.0, ""panties"": 0.000415, ""penguin"": 0.0, ""school_swimsuit"": 2e-06, ""solo"": 0.955634, ""swimsuit"": 0.000173, ""thighhighs"": 0.001782, ""underwear"": 0.020595}",visual_review
bangdream_033_live_event_117_sr,classified,soft_review,"[""navel"", ""soft_review_tag""]",rendered,src/data/deskpet/bangdream-rendered-resource-audit/rendered/bangdream_033_live_event_117_sr.png,completed,"{""1girl"": 0.993459, ""2girls"": 0.000496, ""animal"": 2.4e-05, ""animal_focus"": 0.0, ""bare_shoulders"": 0.175994, ""bikini"": 0.000247, ""bird"": 3.7e-05, ""cleavage"": 0.001532, ""corset"": 0.000138, ""crop_top"": 0.066268, ""dog"": 2e-06, ""faceless"": 1.3e-05, ""food_focus"": 0.0, ""garter_straps"": 3.1e-05, ""helmet"": 2.4e-05, ""lingerie"": 1.6e-05, ""looking_at_viewer"": 0.568959, ""mask"": 0.000292, ""midriff"": 0.485042, ""multiple_girls"": 0.000498, ""navel"": 0.777386, ""no_humans"": 1.2e-05, ""onsen"": 0.0, ""panties"": 0.000257, ""penguin"": 0.0, ""school_swimsuit"": 5e-06, ""solo"": 0.909485, ""swimsuit"": 0.000217, ""thighhighs"": 0.002491, ""underwear"": 0.001197}",visual_review
bangdream_033_live_event_125_ssr,classified,soft_review,"[""crop_top"", ""midriff"", ""navel"", ""soft_review_tag""]",rendered,src/data/deskpet/bangdream-rendered-resource-audit/rendered/bangdream_033_live_event_125_ssr.png,completed,"{""1girl"": 0.996695, ""2girls"": 0.000353, ""animal"": 2.9e-05, ""animal_focus"": 1e-06, ""bare_shoulders"": 0.547968, ""bikini"": 0.000351, ""bird"": 5.7e-05, ""cleavage"": 0.059568, ""corset"": 0.00013, ""crop_top"": 0.536622, ""dog"": 1e-06, ""faceless"": 1.2e-05, ""food_focus"": 0.0, ""garter_straps"": 0.005369, ""helmet"": 1.8e-05, ""lingerie"": 3.1e-05, ""looking_at_viewer"": 0.714442, ""mask"": 2.3e-05, ""midriff"": 0.890482, ""multiple_girls"": 0.000353, ""navel"": 0.897427, ""no_humans"": 1.4e-05, ""onsen"": 1e-06, ""panties"": 0.007709, ""penguin"": 1e-06, ""school_swimsuit"": 2e-06, ""solo"": 0.946395, ""swimsuit"": 0.000365, ""thighhighs"": 0.883332, ""underwear"": 0.035782}",visual_review
bangdream_033_live_event_133_sr,classified,soft_review,"[""midriff"", ""navel"", ""soft_review_tag""]",rendered,src/data/deskpet/bangdream-rendered-resource-audit/rendered/bangdream_033_live_event_133_sr.png,completed,"{""1girl"": 0.997517, ""2girls"": 0.000157, ""animal"": 6.3e-05, ""animal_focus"": 0.0, ""bare_shoulders"": 0.06374, ""bikini"": 0.000125, ""bird"": 0.000115, ""cleavage"": 0.087527, ""corset"": 3.6e-05, ""crop_top"": 0.487997, ""dog"": 2e-06, ""faceless"": 2e-06, ""food_focus"": 0.0, ""garter_straps"": 0.000857, ""helmet"": 4e-06, ""lingerie"": 0.000252, ""looking_at_viewer"": 0.655456, ""mask"": 0.000245, ""midriff"": 0.772547, ""multiple_girls"": 0.000199, ""navel"": 0.812316, ""no_humans"": 3e-06, ""onsen"": 0.0, ""panties"": 0.003863, ""penguin"": 1e-06, ""school_swimsuit"": 1e-06, ""solo"": 0.968116, ""swimsuit"": 0.000166, ""thighhighs"": 0.001835, ""underwear"": 0.067049}",visual_review
bangdream_033_live_event_142_ssr,classified,soft_review,"[""cleavage"", ""midriff"", ""navel"", ""soft_review_tag""]",rendered,src/data/deskpet/bangdream-rendered-resource-audit/rendered/bangdream_033_live_event_142_ssr.png,completed,"{""1girl"": 0.997963, ""2girls"": 0.000145, ""animal"": 5.4e-05, ""animal_focus"": 0.0, ""bare_shoulders"": 0.150213, ""bikini"": 0.000424, ""bird"": 5.7e-05, ""cleavage"": 0.734961, ""corset"": 0.000164, ""crop_top"": 0.268125, ""dog"": 1e-06, ""faceless"": 0.0, ""food_focus"": 0.0, ""garter_straps"": 0.000491, ""helmet"": 7e-06, ""lingerie"": 3.6e-05, ""looking_at_viewer"": 0.814208, ""mask"": 4.7e-05, ""midriff"": 0.834637, ""multiple_girls"": 0.000146, ""navel"": 0.67911, ""no_humans"": 1e-06, ""onsen"": 0.0, ""panties"": 0.00069, ""penguin"": 3e-06, ""school_swimsuit"": 1e-06, ""solo"": 0.963011, ""swimsuit"": 0.000469, ""thighhighs"": 0.00609, ""underwear"": 0.002512}",visual_review
bangdream_033_live_event_187_sr,classified,soft_review,"[""cleavage"", ""soft_review_tag""]",rendered,src/data/deskpet/bangdream-rendered-resource-audit/rendered/bangdream_033_live_event_187_sr.png,completed,"{""1girl"": 0.993065, ""2girls"": 0.00026, ""animal"": 5.7e-05, ""animal_focus"": 3e-06, ""bare_shoulders"": 0.000416, ""bikini"": 0.000134, ""bird"": 3.3e-05, ""cleavage"": 0.926449, ""corset"": 1.5e-05, ""crop_top"": 0.106894, ""dog"": 1.1e-05, ""faceless"": 2e-06, ""food_focus"": 0.0, ""garter_straps"": 4.8e-05, ""helmet"": 4.1e-05, ""lingerie"": 2e-06, ""looking_at_viewer"": 0.840871, ""mask"": 0.000175, ""midriff"": 0.116901, ""multiple_girls"": 0.000355, ""navel"": 0.005946, ""no_humans"": 5e-06, ""onsen"": 1e-06, ""panties"": 0.000199, ""penguin"": 1e-06, ""school_swimsuit"": 1e-06, ""solo"": 0.973201, ""swimsuit"": 0.000129, ""thighhighs"": 0.001782, ""underwear"": 0.000392}",visual_review
bangdream_033_live_event_197_sr,classified,soft_review,"[""crop_top"", ""soft_review_tag""]",rendered,src/data/deskpet/bangdream-rendered-resource-audit/rendered/bangdream_033_live_event_197_sr.png,completed,"{""1girl"": 0.992199, ""2girls"": 0.000311, ""animal"": 0.000524, ""animal_focus"": 2e-06, ""bare_shoulders"": 0.286978, ""bikini"": 0.000221, ""bird"": 0.000103, ""cleavage"": 0.000548, ""corset"": 3.5e-05, ""crop_top"": 0.589472, ""dog"": 1.3e-05, ""faceless"": 5e-06, ""food_focus"": 0.0, ""garter_straps"": 5.7e-05, ""helmet"": 6e-06, ""lingerie"": 3.4e-05, ""looking_at_viewer"": 0.627687, ""mask"": 4.6e-05, ""midriff"": 0.352089, ""multiple_girls"": 0.000316, ""navel"": 0.004662, ""no_humans"": 1.2e-05, ""onsen"": 1e-06, ""panties"": 0.000118, ""penguin"": 4e-06, ""school_swimsuit"": 1.1e-05, ""solo"": 0.95708, ""swimsuit"": 0.000584, ""thighhighs"": 0.000742, ""underwear"": 0.001426}",visual_review
bangdream_033_live_event_199_ssr,classified,soft_review,"[""crop_top"", ""midriff"", ""navel"", ""soft_review_tag""]",rendered,src/data/deskpet/bangdream-rendered-resource-audit/rendered/bangdream_033_live_event_199_ssr.png,completed,"{""1girl"": 0.994401, ""2girls"": 0.000258, ""animal"": 2.2e-05, ""animal_focus"": 1e-06, ""bare_shoulders"": 0.787888, ""bikini"": 0.000277, ""bird"": 4.2e-05, ""cleavage"": 0.068735, ""corset"": 3e-06, ""crop_top"": 0.850631, ""dog"": 1e-06, ""faceless"": 2e-06, ""food_focus"": 0.0, ""garter_straps"": 0.000839, ""helmet"": 3.3e-05, ""lingerie"": 2.3e-05, ""looking_at_viewer"": 0.916578, ""mask"": 5.3e-05, ""midriff"": 0.919984, ""multiple_girls"": 0.000272, ""navel"": 0.907213, ""no_humans"": 1.2e-05, ""onsen"": 0.0, ""panties"": 0.000578, ""penguin"": 1e-06, ""school_swimsuit"": 7e-06, ""solo"": 0.955949, ""swimsuit"": 0.000499, ""thighhighs"": 0.000917, ""underwear"": 0.004397}",visual_review
bangdream_033_live_event_249_r,classified,soft_review,"[""crop_top"", ""midriff"", ""navel"", ""soft_review_tag""]",rendered,src/data/deskpet/bangdream-rendered-resource-audit/rendered/bangdream_033_live_event_249_r.png,completed,"{""1girl"": 0.996577, ""2girls"": 0.000245, ""animal"": 2.6e-05, ""animal_focus"": 0.0, ""bare_shoulders"": 0.15498, ""bikini"": 0.000257, ""bird"": 1.5e-05, ""cleavage"": 0.001975, ""corset"": 2.5e-05, ""crop_top"": 0.600607, ""dog"": 2e-06, ""faceless"": 2e-06, ""food_focus"": 0.0, ""garter_straps"": 1.5e-05, ""helmet"": 6e-06, ""lingerie"": 4.5e-05, ""looking_at_viewer"": 0.741981, ""mask"": 0.000159, ""midriff"": 0.722612, ""multiple_girls"": 0.000283, ""navel"": 0.850152, ""no_humans"": 1e-06, ""onsen"": 0.0, ""panties"": 0.000625, ""penguin"": 1e-06, ""school_swimsuit"": 5e-06, ""solo"": 0.960087, ""swimsuit"": 0.000405, ""thighhighs"": 0.001225, ""underwear"": 0.003333}",visual_review
bangdream_033_live_event_256_ssr,classified,soft_review,"[""crop_top"", ""midriff"", ""navel"", ""soft_review_tag""]",rendered,src/data/deskpet/bangdream-rendered-resource-audit/rendered/bangdream_033_live_event_256_ssr.png,completed,"{""1girl"": 0.997718, ""2girls"": 0.000162, ""animal"": 8.3e-05, ""animal_focus"": 1e-06, ""bare_shoulders"": 0.140859, ""bikini"": 0.000612, ""bird"": 3.9e-05, ""cleavage"": 0.018172, ""corset"": 2e-05, ""crop_top"": 0.864491, ""dog"": 3e-06, ""faceless"": 1.1e-05, ""food_focus"": 0.0, ""garter_straps"": 1.3e-05, ""helmet"": 1.3e-05, ""lingerie"": 2.4e-05, ""looking_at_viewer"": 0.861085, ""mask"": 0.000224, ""midriff"": 0.883709, ""multiple_girls"": 0.00021, ""navel"": 0.958968, ""no_humans"": 6e-06, ""onsen"": 1e-06, ""panties"": 0.00025, ""penguin"": 1e-06, ""school_swimsuit"": 1e-06, ""solo"": 0.945792, ""swimsuit"": 0.000502, ""thighhighs"": 0.001458, ""underwear"": 0.001261}",visual_review
bangdream_033_live_event_288_ur,classified,soft_review,"[""cleavage"", ""navel"", ""soft_review_tag""]",rendered,src/data/deskpet/bangdream-rendered-resource-audit/rendered/bangdream_033_live_event_288_ur.png,completed,"{""1girl"": 0.995196, ""2girls"": 0.000294, ""animal"": 6.6e-05, ""animal_focus"": 1e-06, ""bare_shoulders"": 0.029533, ""bikini"": 0.000893, ""bird"": 7e-05, ""cleavage"": 0.792759, ""corset"": 6.1e-05, ""crop_top"": 0.105887, ""dog"": 5e-06, ""faceless"": 7e-06, ""food_focus"": 0.0, ""garter_straps"": 0.062289, ""helmet"": 7e-06, ""lingerie"": 0.000233, ""looking_at_viewer"": 0.560543, ""mask"": 0.000417, ""midriff"": 0.434827, ""multiple_girls"": 0.000433, ""navel"": 0.571536, ""no_humans"": 1.4e-05, ""onsen"": 1e-06, ""panties"": 0.000528, ""penguin"": 1e-06, ""school_swimsuit"": 7e-06, ""solo"": 0.917082, ""swimsuit"": 0.001251, ""thighhighs"": 0.118939, ""underwear"": 0.021642}",visual_review
bangdream_033_live_event_298_r,classified,soft_review,"[""crop_top"", ""midriff"", ""navel"", ""soft_review_tag""]",rendered,src/data/deskpet/bangdream-rendered-resource-audit/rendered/bangdream_033_live_event_298_r.png,completed,"{""1girl"": 0.997128, ""2girls"": 0.00016, ""animal"": 0.000167, ""animal_focus"": 1e-06, ""bare_shoulders"": 0.126762, ""bikini"": 0.000295, ""bird"": 9.8e-05, ""cleavage"": 0.004782, ""corset"": 1.4e-05, ""crop_top"": 0.765261, ""dog"": 3e-06, ""faceless"": 2e-06, ""food_focus"": 0.0, ""garter_straps"": 3e-05, ""helmet"": 7e-06, ""lingerie"": 7.3e-05, ""looking_at_viewer"": 0.831685, ""mask"": 6.6e-05, ""midriff"": 0.831199, ""multiple_girls"": 0.000218, ""navel"": 0.866526, ""no_humans"": 5e-06, ""onsen"": 1e-06, ""panties"": 0.000351, ""penguin"": 1e-06, ""school_swimsuit"": 4e-06, ""solo"": 0.958791, ""swimsuit"": 0.000469, ""thighhighs"": 0.000947, ""underwear"": 0.001408}",visual_review
bangdream_033_live_event_319_ur,classified,soft_review,"[""cleavage"", ""soft_review_tag""]",rendered,src/data/deskpet/bangdream-rendered-resource-audit/rendered/bangdream_033_live_event_319_ur.png,completed,"{""1girl"": 0.996632, ""2girls"": 0.000225, ""animal"": 1.9e-05, ""animal_focus"": 1e-06, ""bare_shoulders"": 0.02341, ""bikini"": 0.00012, ""bird"": 6.9e-05, ""cleavage"": 0.868281, ""corset"": 0.000384, ""crop_top"": 0.002035, ""dog"": 5e-06, ""faceless"": 2e-06, ""food_focus"": 0.0, ""garter_straps"": 0.003056, ""helmet"": 5.4e-05, ""lingerie"": 4.5e-05, ""looking_at_viewer"": 0.823927, ""mask"": 1.6e-05, ""midriff"": 0.007785, ""multiple_girls"": 0.000322, ""navel"": 0.007436, ""no_humans"": 4e-06, ""onsen"": 0.0, ""panties"": 0.000564, ""penguin"": 2e-06, ""school_swimsuit"": 2e-06, ""solo"": 0.976621, ""swimsuit"": 0.000259, ""thighhighs"": 0.067077, ""underwear"": 0.001753}",visual_review
bangdream_033_live_r_2022,classified,soft_review,"[""navel"", ""soft_review_tag""]",rendered,src/data/deskpet/bangdream-rendered-resource-audit/rendered/bangdream_033_live_r_2022.png,completed,"{""1girl"": 0.996808, ""2girls"": 0.000329, ""animal"": 4.1e-05, ""animal_focus"": 1e-06, ""bare_shoulders"": 0.00733, ""bikini"": 0.000219, ""bird"": 2.7e-05, ""cleavage"": 0.00796, ""corset"": 1.8e-05, ""crop_top"": 0.333423, ""dog"": 1e-06, ""faceless"": 6e-06, ""food_focus"": 0.0, ""garter_straps"": 0.001902, ""helmet"": 8e-06, ""lingerie"": 0.000137, ""looking_at_viewer"": 0.678372, ""mask"": 0.000112, ""midriff"": 0.48325, ""multiple_girls"": 0.000279, ""navel"": 0.580603, ""no_humans"": 9e-06, ""onsen"": 0.0, ""panties"": 0.000545, ""penguin"": 1e-06, ""school_swimsuit"": 3e-06, ""solo"": 0.920198, ""swimsuit"": 0.000163, ""thighhighs"": 0.019757, ""underwear"": 0.012853}",visual_review
bangdream_033_live_r_2023,classified,soft_review,"[""cleavage"", ""midriff"", ""navel"", ""soft_review_tag""]",rendered,src/data/deskpet/bangdream-rendered-resource-audit/rendered/bangdream_033_live_r_2023.png,completed,"{""1girl"": 0.996597, ""2girls"": 0.000309, ""animal"": 5.7e-05, ""animal_focus"": 1e-06, ""bare_shoulders"": 0.004779, ""bikini"": 0.000249, ""bird"": 5.5e-05, ""cleavage"": 0.640924, ""corset"": 1.8e-05, ""crop_top"": 0.49329, ""dog"": 7e-06, ""faceless"": 1.7e-05, ""food_focus"": 0.0, ""garter_straps"": 0.000326, ""helmet"": 4.8e-05, ""lingerie"": 1.6e-05, ""looking_at_viewer"": 0.789432, ""mask"": 0.00012, ""midriff"": 0.859359, ""multiple_girls"": 0.00029, ""navel"": 0.817463, ""no_humans"": 2.4e-05, ""onsen"": 0.0, ""panties"": 0.0007, ""penguin"": 0.0, ""school_swimsuit"": 2e-06, ""solo"": 0.948829, ""swimsuit"": 0.00027, ""thighhighs"": 0.004487, ""underwear"": 0.003653}",visual_review
bangdream_034_birthday_2021,classified,soft_review,"[""garter_straps"", ""soft_review_tag""]",rendered,src/data/deskpet/bangdream-rendered-resource-audit/rendered/bangdream_034_birthday_2021.png,completed,"{""1girl"": 0.997876, ""2girls"": 0.000236, ""animal"": 0.000173, ""animal_focus"": 1e-06, ""bare_shoulders"": 0.008057, ""bikini"": 0.000123, ""bird"": 0.000202, ""cleavage"": 0.006846, ""corset"": 0.002197, ""crop_top"": 0.000731, ""dog"": 3e-06, ""faceless"": 3e-06, ""food_focus"": 0.0, ""garter_straps"": 0.619334, ""helmet"": 5e-06, ""lingerie"": 5.8e-05, ""looking_at_viewer"": 0.929263, ""mask"": 0.000114, ""midriff"": 0.000807, ""multiple_girls"": 0.000323, ""navel"": 0.000938, ""no_humans"": 5e-06, ""onsen"": 1e-06, ""panties"": 0.000262, ""penguin"": 2e-06, ""school_swimsuit"": 5e-06, ""solo"": 0.975914, ""swimsuit"": 0.000216, ""thighhighs"": 0.111399, ""underwear"": 0.000551}",visual_review
bangdream_034_live_event_117_sr,classified,soft_review,"[""navel"", ""soft_review_tag""]",rendered,src/data/deskpet/bangdream-rendered-resource-audit/rendered/bangdream_034_live_event_117_sr.png,completed,"{""1girl"": 0.993788, ""2girls"": 0.000318, ""animal"": 1.3e-05, ""animal_focus"": 1e-06, ""bare_shoulders"": 0.154753, ""bikini"": 0.000271, ""bird"": 2.6e-05, ""cleavage"": 0.002692, ""corset"": 0.000311, ""crop_top"": 0.013786, ""dog"": 1e-06, ""faceless"": 1.6e-05, ""food_focus"": 0.0, ""garter_straps"": 0.000632, ""helmet"": 3e-06, ""lingerie"": 3e-06, ""looking_at_viewer"": 0.780322, ""mask"": 4.8e-05, ""midriff"": 0.353184, ""multiple_girls"": 0.000544, ""navel"": 0.585663, ""no_humans"": 4e-06, ""onsen"": 0.0, ""panties"": 0.000449, ""penguin"": 0.0, ""school_swimsuit"": 4e-06, ""solo"": 0.966524, ""swimsuit"": 0.000496, ""thighhighs"": 0.006764, ""underwear"": 0.000907}",visual_review
bangdream_034_live_event_125_ssr,classified,soft_review,"[""garter_straps"", ""midriff"", ""soft_review_tag""]",rendered,src/data/deskpet/bangdream-rendered-resource-audit/rendered/bangdream_034_live_event_125_ssr.png,completed,"{""1girl"": 0.998532, ""2girls"": 0.000111, ""animal"": 1.4e-05, ""animal_focus"": 1e-06, ""bare_shoulders"": 0.401978, ""bikini"": 8.4e-05, ""bird"": 4.1e-05, ""cleavage"": 0.030043, ""corset"": 0.000717, ""crop_top"": 0.227717, ""dog"": 2e-06, ""faceless"": 2e-06, ""food_focus"": 0.0, ""garter_straps"": 0.915178, ""helmet"": 1.3e-05, ""lingerie"": 4e-06, ""looking_at_viewer"": 0.882618, ""mask"": 0.000108, ""midriff"": 0.921189, ""multiple_girls"": 0.000309, ""navel"": 0.393356, ""no_humans"": 4e-06, ""onsen"": 0.0, ""panties"": 0.000842, ""penguin"": 0.0, ""school_swimsuit"": 1e-06, ""solo"": 0.986712, ""swimsuit"": 9.7e-05, ""thighhighs"": 0.967825, ""underwear"": 0.003505}",visual_review
bangdream_034_live_event_142_sr,classified,soft_review,"[""midriff"", ""navel"", ""soft_review_tag""]",rendered,src/data/deskpet/bangdream-rendered-resource-audit/rendered/bangdream_034_live_event_142_sr.png,completed,"{""1girl"": 0.998556, ""2girls"": 8e-05, ""animal"": 7e-06, ""animal_focus"": 0.0, ""bare_shoulders"": 0.368402, ""bikini"": 0.002834, ""bird"": 0.000127, ""cleavage"": 0.023809, ""corset"": 3.3e-05, ""crop_top"": 0.075442, ""dog"": 1e-06, ""faceless"": 0.0, ""food_focus"": 0.0, ""garter_straps"": 0.00024, ""helmet"": 7e-06, ""lingerie"": 1e-06, ""looking_at_viewer"": 0.936556, ""mask"": 9.9e-05, ""midriff"": 0.722718, ""multiple_girls"": 0.000145, ""navel"": 0.927158, ""no_humans"": 1e-06, ""onsen"": 0.0, ""panties"": 0.00016, ""penguin"": 0.0, ""school_swimsuit"": 2e-06, ""solo"": 0.989756, ""swimsuit"": 0.002338, ""thighhighs"": 0.019496, ""underwear"": 0.000348}",visual_review
bangdream_034_live_event_158_ssr,classified,soft_review,"[""midriff"", ""navel"", ""soft_review_tag""]",rendered,src/data/deskpet/bangdream-rendered-resource-audit/rendered/bangdream_034_live_event_158_ssr.png,completed,"{""1girl"": 0.997028, ""2girls"": 0.000336, ""animal"": 8.3e-05, ""animal_focus"": 2e-06, ""bare_shoulders"": 0.488484, ""bikini"": 0.000957, ""bird"": 0.000108, ""cleavage"": 0.047905, ""corset"": 0.00772, ""crop_top"": 0.144714, ""dog"": 3e-06, ""faceless"": 3e-05, ""food_focus"": 2e-06, ""garter_straps"": 0.298456, ""helmet"": 7e-06, ""lingerie"": 0.0001, ""looking_at_viewer"": 0.821773, ""mask"": 0.000111, ""midriff"": 0.663213, ""multiple_girls"": 0.000456, ""navel"": 0.9411, ""no_humans"": 9e-06, ""onsen"": 2e-06, ""panties"": 0.001863, ""penguin"": 1.9e-05, ""school_swimsuit"": 1.2e-05, ""solo"": 0.981273, ""swimsuit"": 0.001166, ""thighhighs"": 0.910481, ""underwear"": 0.003247}",visual_review
bangdream_034_live_event_180_sr,classified,soft_review,"[""garter_straps"", ""soft_review_tag""]",rendered,src/data/deskpet/bangdream-rendered-resource-audit/rendered/bangdream_034_live_event_180_sr.png,completed,"{""1girl"": 0.99522, ""2girls"": 0.000177, ""animal"": 0.000183, ""animal_focus"": 0.0, ""bare_shoulders"": 0.237976, ""bikini"": 0.000253, ""bird"": 0.002316, ""cleavage"": 0.002008, ""corset"": 0.001174, ""crop_top"": 0.000232, ""dog"": 9.4e-05, ""faceless"": 6.4e-05, ""food_focus"": 0.0, ""garter_straps"": 0.92893, ""helmet"": 5e-06, ""lingerie"": 0.000108, ""looking_at_viewer"": 0.667321, ""mask"": 4.3e-05, ""midriff"": 0.000895, ""multiple_girls"": 0.000683, ""navel"": 0.002843, ""no_humans"": 4e-05, ""onsen"": 0.0, ""panties"": 0.000438, ""penguin"": 0.000155, ""school_swimsuit"": 3e-06, ""solo"": 0.956561, ""swimsuit"": 0.000469, ""thighhighs"": 0.95239, ""underwear"": 0.00154}",visual_review
bangdream_034_live_event_197_ssr,classified,soft_review,"[""crop_top"", ""midriff"", ""soft_review_tag""]",rendered,src/data/deskpet/bangdream-rendered-resource-audit/rendered/bangdream_034_live_event_197_ssr.png,completed,"{""1girl"": 0.986742, ""2girls"": 0.000203, ""animal"": 0.000153, ""animal_focus"": 2e-06, ""bare_shoulders"": 0.310439, ""bikini"": 0.000796, ""bird"": 0.114173, ""cleavage"": 0.003959, ""corset"": 7e-06, ""crop_top"": 0.596517, ""dog"": 1.9e-05, ""faceless"": 1.2e-05, ""food_focus"": 0.0, ""garter_straps"": 0.031946, ""helmet"": 3e-06, ""lingerie"": 2.1e-05, ""looking_at_viewer"": 0.809962, ""mask"": 6e-06, ""midriff"": 0.573507, ""multiple_girls"": 0.00071, ""navel"": 0.045987, ""no_humans"": 7e-06, ""onsen"": 0.0, ""panties"": 0.000666, ""penguin"": 0.000114, ""school_swimsuit"": 8e-06, ""solo"": 0.946537, ""swimsuit"": 0.001679, ""thighhighs"": 0.152335, ""underwear"": 0.001141}",visual_review
bangdream_034_live_event_199,classified,soft_review,"[""crop_top"", ""midriff"", ""navel"", ""soft_review_tag""]",rendered,src/data/deskpet/bangdream-rendered-resource-audit/rendered/bangdream_034_live_event_199.png,completed,"{""1girl"": 0.998842, ""2girls"": 8.5e-05, ""animal"": 0.000155, ""animal_focus"": 0.0, ""bare_shoulders"": 0.745221, ""bikini"": 0.00015, ""bird"": 0.000169, ""cleavage"": 0.060042, ""corset"": 1e-06, ""crop_top"": 0.790694, ""dog"": 1e-06, ""faceless"": 0.0, ""food_focus"": 0.0, ""garter_straps"": 0.001234, ""helmet"": 1.2e-05, ""lingerie"": 2e-06, ""looking_at_viewer"": 0.875507, ""mask"": 1.3e-05, ""midriff"": 0.983451, ""multiple_girls"": 0.000149, ""navel"": 0.957055, ""no_humans"": 4e-06, ""onsen"": 0.0, ""panties"": 0.000408, ""penguin"": 1e-06, ""school_swimsuit"": 6e-06, ""solo"": 0.990988, ""swimsuit"": 0.000177, ""thighhighs"": 0.964793, ""underwear"": 0.000565}",visual_review
bangdream_034_live_event_237_ssr,classified,soft_review,"[""midriff"", ""soft_review_tag""]",rendered,src/data/deskpet/bangdream-rendered-resource-audit/rendered/bangdream_034_live_event_237_ssr.png,completed,"{""1girl"": 0.998972, ""2girls"": 9.3e-05, ""animal"": 5.3e-05, ""animal_focus"": 0.0, ""bare_shoulders"": 0.308217, ""bikini"": 0.000188, ""bird"": 2.9e-05, ""cleavage"": 0.024273, ""corset"": 1.1e-05, ""crop_top"": 0.30659, ""dog"": 3e-06, ""faceless"": 3e-06, ""food_focus"": 0.0, ""garter_straps"": 0.000858, ""helmet"": 3e-06, ""lingerie"": 1e-06, ""looking_at_viewer"": 0.948451, ""mask"": 2.5e-05, ""midriff"": 0.535644, ""multiple_girls"": 0.00012, ""navel"": 0.005959, ""no_humans"": 2e-06, ""onsen"": 0.0, ""panties"": 0.00033, ""penguin"": 0.0, ""school_swimsuit"": 1e-06, ""solo"": 0.991989, ""swimsuit"": 0.000372, ""thighhighs"": 0.003599, ""underwear"": 0.000516}",visual_review
bangdream_034_live_event_249_ur,classified,soft_review,"[""crop_top"", ""soft_review_tag""]",rendered,src/data/deskpet/bangdream-rendered-resource-audit/rendered/bangdream_034_live_event_249_ur.png,completed,"{""1girl"": 0.997213, ""2girls"": 0.000182, ""animal"": 2.5e-05, ""animal_focus"": 0.0, ""bare_shoulders"": 0.206149, ""bikini"": 0.000155, ""bird"": 5.1e-05, ""cleavage"": 0.001559, ""corset"": 2.1e-05, ""crop_top"": 0.521306, ""dog"": 1.3e-05, ""faceless"": 2e-06, ""food_focus"": 0.0, ""garter_straps"": 0.000125, ""helmet"": 6e-06, ""lingerie"": 3e-06, ""looking_at_viewer"": 0.828031, ""mask"": 8.1e-05, ""midriff"": 0.156751, ""multiple_girls"": 0.000396, ""navel"": 0.010537, ""no_humans"": 1.2e-05, ""onsen"": 1e-06, ""panties"": 0.000192, ""penguin"": 1e-06, ""school_swimsuit"": 1.5e-05, ""solo"": 0.984764, ""swimsuit"": 0.00039, ""thighhighs"": 0.006138, ""underwear"": 0.000836}",visual_review
bangdream_034_live_event_269_r,classified,soft_review,"[""garter_straps"", ""soft_review_tag""]",rendered,src/data/deskpet/bangdream-rendered-resource-audit/rendered/bangdream_034_live_event_269_r.png,completed,"{""1girl"": 0.995225, ""2girls"": 0.000323, ""animal"": 7.7e-05, ""animal_focus"": 6e-06, ""bare_shoulders"": 0.002242, ""bikini"": 0.000115, ""bird"": 5.9e-05, ""cleavage"": 0.001146, ""corset"": 0.00067, ""crop_top"": 0.000112, ""dog"": 2e-06, ""faceless"": 1.3e-05, ""food_focus"": 1e-06, ""garter_straps"": 0.693499, ""helmet"": 1.1e-05, ""lingerie"": 1.3e-05, ""looking_at_viewer"": 0.715342, ""mask"": 0.000142, ""midriff"": 0.00036, ""multiple_girls"": 0.00051, ""navel"": 0.001229, ""no_humans"": 2.1e-05, ""onsen"": 1e-06, ""panties"": 0.000169, ""penguin"": 1e-06, ""school_swimsuit"": 6e-06, ""solo"": 0.925925, ""swimsuit"": 0.000296, ""thighhighs"": 0.926562, ""underwear"": 0.000483}",visual_review
bangdream_034_live_r_2022,classified,soft_review,"[""crop_top"", ""midriff"", ""navel"", ""soft_review_tag""]",rendered,src/data/deskpet/bangdream-rendered-resource-audit/rendered/bangdream_034_live_r_2022.png,completed,"{""1girl"": 0.998515, ""2girls"": 7.7e-05, ""animal"": 1.2e-05, ""animal_focus"": 1e-06, ""bare_shoulders"": 0.025148, ""bikini"": 0.000115, ""bird"": 2.4e-05, ""cleavage"": 0.002758, ""corset"": 9e-06, ""crop_top"": 0.917392, ""dog"": 0.0, ""faceless"": 1e-05, ""food_focus"": 0.0, ""garter_straps"": 0.000424, ""helmet"": 6e-06, ""lingerie"": 1e-06, ""looking_at_viewer"": 0.922962, ""mask"": 8e-06, ""midriff"": 0.971402, ""multiple_girls"": 0.000136, ""navel"": 0.955621, ""no_humans"": 5e-06, ""onsen"": 0.0, ""panties"": 0.000173, ""penguin"": 0.0, ""school_swimsuit"": 0.0, ""solo"": 0.993137, ""swimsuit"": 0.000166, ""thighhighs"": 0.936461, ""underwear"": 0.000704}",visual_review
bangdream_034_live_r_2023,classified,soft_review,"[""midriff"", ""navel"", ""soft_review_tag""]",rendered,src/data/deskpet/bangdream-rendered-resource-audit/rendered/bangdream_034_live_r_2023.png,completed,"{""1girl"": 0.998723, ""2girls"": 0.000142, ""animal"": 3e-06, ""animal_focus"": 0.0, ""bare_shoulders"": 0.099218, ""bikini"": 0.000144, ""bird"": 6e-06, ""cleavage"": 0.000929, ""corset"": 3e-06, ""crop_top"": 0.050344, ""dog"": 1e-06, ""faceless"": 7e-06, ""food_focus"": 0.0, ""garter_straps"": 0.000387, ""helmet"": 8e-06, ""lingerie"": 1e-06, ""looking_at_viewer"": 0.944415, ""mask"": 0.000107, ""midriff"": 0.769242, ""multiple_girls"": 0.000178, ""navel"": 0.751137, ""no_humans"": 1e-06, ""onsen"": 0.0, ""panties"": 0.000203, ""penguin"": 0.0, ""school_swimsuit"": 1.3e-05, ""solo"": 0.99105, ""swimsuit"": 0.000213, ""thighhighs"": 0.003808, ""underwear"": 0.000453}",visual_review
bangdream_035_2021af,classified,soft_review,"[""helmet"", ""qualification_review""]",rendered,src/data/deskpet/bangdream-rendered-resource-audit/rendered/bangdream_035_2021af.png,completed,"{""1girl"": 0.994042, ""2girls"": 0.000321, ""animal"": 0.000293, ""animal_focus"": 2e-06, ""bare_shoulders"": 0.00188, ""bikini"": 3.5e-05, ""bird"": 0.000195, ""cleavage"": 0.000496, ""corset"": 0.00027, ""crop_top"": 3.2e-05, ""dog"": 1.2e-05, ""faceless"": 9e-06, ""food_focus"": 0.0, ""garter_straps"": 9e-06, ""helmet"": 0.98613, ""lingerie"": 4e-06, ""looking_at_viewer"": 0.643292, ""mask"": 0.00011, ""midriff"": 0.000478, ""multiple_girls"": 0.000581, ""navel"": 0.000491, ""no_humans"": 2.1e-05, ""onsen"": 0.0, ""panties"": 0.000101, ""penguin"": 4e-06, ""school_swimsuit"": 1e-06, ""solo"": 0.825028, ""swimsuit"": 6.6e-05, ""thighhighs"": 0.002167, ""underwear"": 0.000225}",visual_review
bangdream_035_birthday_2021,classified,soft_review,"[""garter_straps"", ""soft_review_tag""]",rendered,src/data/deskpet/bangdream-rendered-resource-audit/rendered/bangdream_035_birthday_2021.png,completed,"{""1girl"": 0.997336, ""2girls"": 0.000221, ""animal"": 0.000201, ""animal_focus"": 1e-06, ""bare_shoulders"": 0.547657, ""bikini"": 0.000134, ""bird"": 9.2e-05, ""cleavage"": 0.00328, ""corset"": 0.000263, ""crop_top"": 0.000419, ""dog"": 1e-06, ""faceless"": 3e-06, ""food_focus"": 0.0, ""garter_straps"": 0.933755, ""helmet"": 1.9e-05, ""lingerie"": 2e-05, ""looking_at_viewer"": 0.848591, ""mask"": 4.7e-05, ""midriff"": 0.000336, ""multiple_girls"": 0.000372, ""navel"": 0.001259, ""no_humans"": 8e-06, ""onsen"": 3e-06, ""panties"": 0.000285, ""penguin"": 1e-06, ""school_swimsuit"": 3e-06, ""solo"": 0.968066, ""swimsuit"": 0.000229, ""thighhighs"": 0.818186, ""underwear"": 0.00036}",visual_review
bangdream_035_dream_festival_2,classified,soft_review,"[""navel"", ""soft_review_tag""]",rendered,src/data/deskpet/bangdream-rendered-resource-audit/rendered/bangdream_035_dream_festival_2.png,completed,"{""1girl"": 0.99695, ""2girls"": 0.000197, ""animal"": 1.4e-05, ""animal_focus"": 1e-06, ""bare_shoulders"": 0.125874, ""bikini"": 0.000119, ""bird"": 6.5e-05, ""cleavage"": 0.077599, ""corset"": 0.001749, ""crop_top"": 0.143293, ""dog"": 2e-06, ""faceless"": 1e-06, ""food_focus"": 0.0, ""garter_straps"": 0.002402, ""helmet"": 0.000155, ""lingerie"": 2.1e-05, ""looking_at_viewer"": 0.631591, ""mask"": 0.000367, ""midriff"": 0.404257, ""multiple_girls"": 0.000362, ""navel"": 0.833932, ""no_humans"": 1.1e-05, ""onsen"": 0.0, ""panties"": 6.2e-05, ""penguin"": 1e-06, ""school_swimsuit"": 2e-06, ""solo"": 0.978578, ""swimsuit"": 0.000227, ""thighhighs"": 0.018276, ""underwear"": 0.000177}",visual_review
bangdream_035_dream_festival_3_ur,classified,soft_review,"[""crop_top"", ""soft_review_tag""]",rendered,src/data/deskpet/bangdream-rendered-resource-audit/rendered/bangdream_035_dream_festival_3_ur.png,completed,"{""1girl"": 0.99347, ""2girls"": 0.000289, ""animal"": 2.7e-05, ""animal_focus"": 0.0, ""bare_shoulders"": 0.23653, ""bikini"": 0.000137, ""bird"": 1.5e-05, ""cleavage"": 0.000578, ""corset"": 7e-06, ""crop_top"": 0.623941, ""dog"": 4.4e-05, ""faceless"": 2e-06, ""food_focus"": 0.0, ""garter_straps"": 0.033284, ""helmet"": 5.1e-05, ""lingerie"": 3e-06, ""looking_at_viewer"": 0.872535, ""mask"": 4e-05, ""midriff"": 0.312252, ""multiple_girls"": 0.000559, ""navel"": 0.003124, ""no_humans"": 1.9e-05, ""onsen"": 0.0, ""panties"": 0.00021, ""penguin"": 0.0, ""school_swimsuit"": 5e-06, ""solo"": 0.976986, ""swimsuit"": 0.000181, ""thighhighs"": 0.012517, ""underwear"": 0.001028}",visual_review
bangdream_035_live_event_117_ssr,classified,soft_review,"[""crop_top"", ""midriff"", ""navel"", ""soft_review_tag""]",rendered,src/data/deskpet/bangdream-rendered-resource-audit/rendered/bangdream_035_live_event_117_ssr.png,completed,"{""1girl"": 0.991986, ""2girls"": 0.000244, ""animal"": 7e-06, ""animal_focus"": 0.0, ""bare_shoulders"": 0.036854, ""bikini"": 0.000176, ""bird"": 6.3e-05, ""cleavage"": 0.071085, ""corset"": 6.6e-05, ""crop_top"": 0.525655, ""dog"": 8e-06, ""faceless"": 2e-06, ""food_focus"": 1e-06, ""garter_straps"": 3.9e-05, ""helmet"": 0.000215, ""lingerie"": 7e-06, ""looking_at_viewer"": 0.71369, ""mask"": 8.7e-05, ""midriff"": 0.628837, ""multiple_girls"": 0.000518, ""navel"": 0.881223, ""no_humans"": 3.2e-05, ""onsen"": 0.0, ""panties"": 0.000189, ""penguin"": 0.0, ""school_swimsuit"": 3e-06, ""solo"": 0.945819, ""swimsuit"": 0.000206, ""thighhighs"": 0.005138, ""underwear"": 0.000232}",visual_review
bangdream_035_live_event_125_sr,classified,soft_review,"[""crop_top"", ""midriff"", ""navel"", ""soft_review_tag""]",rendered,src/data/deskpet/bangdream-rendered-resource-audit/rendered/bangdream_035_live_event_125_sr.png,completed,"{""1girl"": 0.997721, ""2girls"": 0.000159, ""animal"": 6e-06, ""animal_focus"": 0.0, ""bare_shoulders"": 0.098431, ""bikini"": 0.000107, ""bird"": 1.8e-05, ""cleavage"": 0.408852, ""corset"": 2.3e-05, ""crop_top"": 0.761162, ""dog"": 0.0, ""faceless"": 1e-06, ""food_focus"": 0.0, ""garter_straps"": 0.109307, ""helmet"": 2.1e-05, ""lingerie"": 1e-05, ""looking_at_viewer"": 0.673441, ""mask"": 0.000113, ""midriff"": 0.937033, ""multiple_girls"": 0.000328, ""navel"": 0.727373, ""no_humans"": 5e-06, ""onsen"": 0.0, ""panties"": 0.000293, ""penguin"": 0.0, ""school_swimsuit"": 1e-06, ""solo"": 0.981112, ""swimsuit"": 0.000125, ""thighhighs"": 0.946449, ""underwear"": 0.000843}",visual_review
bangdream_035_live_event_133_ssr,classified,soft_review,"[""crop_top"", ""midriff"", ""navel"", ""soft_review_tag""]",rendered,src/data/deskpet/bangdream-rendered-resource-audit/rendered/bangdream_035_live_event_133_ssr.png,completed,"{""1girl"": 0.997802, ""2girls"": 9.2e-05, ""animal"": 1.9e-05, ""animal_focus"": 0.0, ""bare_shoulders"": 0.019874, ""bikini"": 0.000397, ""bird"": 3.7e-05, ""cleavage"": 0.006514, ""corset"": 0.000139, ""crop_top"": 0.825779, ""dog"": 4e-06, ""faceless"": 0.0, ""food_focus"": 0.0, ""garter_straps"": 0.00014, ""helmet"": 5.4e-05, ""lingerie"": 4.1e-05, ""looking_at_viewer"": 0.813495, ""mask"": 0.000194, ""midriff"": 0.912127, ""multiple_girls"": 0.000204, ""navel"": 0.927531, ""no_humans"": 3e-06, ""onsen"": 0.0, ""panties"": 0.000525, ""penguin"": 1e-06, ""school_swimsuit"": 1e-06, ""solo"": 0.991429, ""swimsuit"": 0.000255, ""thighhighs"": 0.201041, ""underwear"": 0.00425}",visual_review
bangdream_035_live_event_142_sr,classified,soft_review,"[""midriff"", ""navel"", ""soft_review_tag""]",rendered,src/data/deskpet/bangdream-rendered-resource-audit/rendered/bangdream_035_live_event_142_sr.png,completed,"{""1girl"": 0.996495, ""2girls"": 9.4e-05, ""animal"": 1.2e-05, ""animal_focus"": 0.0, ""bare_shoulders"": 0.009447, ""bikini"": 0.000251, ""bird"": 7.7e-05, ""cleavage"": 0.002161, ""corset"": 2.2e-05, ""crop_top"": 0.319422, ""dog"": 5e-06, ""faceless"": 0.0, ""food_focus"": 0.0, ""garter_straps"": 0.00031, ""helmet"": 9e-06, ""lingerie"": 5e-06, ""looking_at_viewer"": 0.763137, ""mask"": 4e-05, ""midriff"": 0.851417, ""multiple_girls"": 0.000204, ""navel"": 0.932365, ""no_humans"": 2e-06, ""onsen"": 0.0, ""panties"": 0.000249, ""penguin"": 3e-06, ""school_swimsuit"": 2e-06, ""solo"": 0.989827, ""swimsuit"": 0.000255, ""thighhighs"": 0.298188, ""underwear"": 0.000602}",visual_review
bangdream_035_live_event_150_r,classified,soft_review,"[""midriff"", ""soft_review_tag""]",rendered,src/data/deskpet/bangdream-rendered-resource-audit/rendered/bangdream_035_live_event_150_r.png,completed,"{""1girl"": 0.998002, ""2girls"": 0.000131, ""animal"": 3.2e-05, ""animal_focus"": 1e-06, ""bare_shoulders"": 0.128236, ""bikini"": 0.000155, ""bird"": 0.000129, ""cleavage"": 0.000731, ""corset"": 0.000372, ""crop_top"": 0.406637, ""dog"": 3e-06, ""faceless"": 4e-06, ""food_focus"": 0.0, ""garter_straps"": 7.1e-05, ""helmet"": 9e-06, ""lingerie"": 2e-06, ""looking_at_viewer"": 0.91945, ""mask"": 4.5e-05, ""midriff"": 0.673771, ""multiple_girls"": 0.000226, ""navel"": 0.028199, ""no_humans"": 7e-06, ""onsen"": 0.0, ""panties"": 0.000195, ""penguin"": 5e-06, ""school_swimsuit"": 2e-06, ""solo"": 0.989711, ""swimsuit"": 0.00017, ""thighhighs"": 0.005388, ""underwear"": 0.000406}",visual_review
bangdream_035_live_event_151_sr,classified,soft_review,"[""midriff"", ""navel"", ""soft_review_tag""]",rendered,src/data/deskpet/bangdream-rendered-resource-audit/rendered/bangdream_035_live_event_151_sr.png,completed,"{""1girl"": 0.996267, ""2girls"": 0.000193, ""animal"": 7.4e-05, ""animal_focus"": 1e-06, ""bare_shoulders"": 0.006686, ""bikini"": 0.000104, ""bird"": 6.8e-05, ""cleavage"": 0.001121, ""corset"": 0.000872, ""crop_top"": 0.140769, ""dog"": 1.4e-05, ""faceless"": 1e-06, ""food_focus"": 0.0, ""garter_straps"": 0.014937, ""helmet"": 3.3e-05, ""lingerie"": 1e-05, ""looking_at_viewer"": 0.837945, ""mask"": 0.0002, ""midriff"": 0.518709, ""multiple_girls"": 0.000297, ""navel"": 0.961863, ""no_humans"": 7e-06, ""onsen"": 1e-06, ""panties"": 0.000534, ""penguin"": 0.0, ""school_swimsuit"": 8e-06, ""solo"": 0.980834, ""swimsuit"": 0.000216, ""thighhighs"": 0.005595, ""underwear"": 0.00064}",visual_review
bangdream_035_live_event_181_sr,classified,soft_review,"[""crop_top"", ""soft_review_tag""]",rendered,src/data/deskpet/bangdream-rendered-resource-audit/rendered/bangdream_035_live_event_181_sr.png,completed,"{""1girl"": 0.996403, ""2girls"": 0.000102, ""animal"": 9e-06, ""animal_focus"": 1e-06, ""bare_shoulders"": 0.024881, ""bikini"": 5.9e-05, ""bird"": 4e-05, ""cleavage"": 0.001094, ""corset"": 0.000116, ""crop_top"": 0.631346, ""dog"": 3e-06, ""faceless"": 3e-06, ""food_focus"": 0.0, ""garter_straps"": 0.001498, ""helmet"": 3.8e-05, ""lingerie"": 5e-06, ""looking_at_viewer"": 0.766898, ""mask"": 5.7e-05, ""midriff"": 0.24229, ""multiple_girls"": 0.000308, ""navel"": 0.007386, ""no_humans"": 1.6e-05, ""onsen"": 0.0, ""panties"": 0.000317, ""penguin"": 0.0, ""school_swimsuit"": 2.5e-05, ""solo"": 0.98698, ""swimsuit"": 8.6e-05, ""thighhighs"": 0.077307, ""underwear"": 0.002067}",visual_review
bangdream_035_live_event_249_ssr,classified,soft_review,"[""crop_top"", ""soft_review_tag""]",rendered,src/data/deskpet/bangdream-rendered-resource-audit/rendered/bangdream_035_live_event_249_ssr.png,completed,"{""1girl"": 0.996085, ""2girls"": 0.000304, ""animal"": 1.8e-05, ""animal_focus"": 1e-06, ""bare_shoulders"": 0.001886, ""bikini"": 0.000104, ""bird"": 4e-05, ""cleavage"": 0.00075, ""corset"": 0.000179, ""crop_top"": 0.604253, ""dog"": 3e-06, ""faceless"": 4e-06, ""food_focus"": 0.0, ""garter_straps"": 0.000105, ""helmet"": 3.2e-05, ""lingerie"": 5e-06, ""looking_at_viewer"": 0.725299, ""mask"": 0.000207, ""midriff"": 0.378702, ""multiple_girls"": 0.000692, ""navel"": 0.005448, ""no_humans"": 1.6e-05, ""onsen"": 1e-06, ""panties"": 0.000401, ""penguin"": 4e-06, ""school_swimsuit"": 5e-06, ""solo"": 0.962251, ""swimsuit"": 0.000213, ""thighhighs"": 0.011955, ""underwear"": 0.000644}",visual_review
bangdream_035_live_event_256_ur,classified,soft_review,"[""crop_top"", ""midriff"", ""soft_review_tag""]",rendered,src/data/deskpet/bangdream-rendered-resource-audit/rendered/bangdream_035_live_event_256_ur.png,completed,"{""1girl"": 0.997685, ""2girls"": 0.000169, ""animal"": 3.2e-05, ""animal_focus"": 1e-06, ""bare_shoulders"": 0.018363, ""bikini"": 0.000832, ""bird"": 4.2e-05, ""cleavage"": 0.003283, ""corset"": 8e-06, ""crop_top"": 0.912139, ""dog"": 1e-06, ""faceless"": 3e-06, ""food_focus"": 0.0, ""garter_straps"": 0.003237, ""helmet"": 1.5e-05, ""lingerie"": 1.5e-05, ""looking_at_viewer"": 0.876056, ""mask"": 6e-05, ""midriff"": 0.924749, ""multiple_girls"": 0.000388, ""navel"": 0.018331, ""no_humans"": 8e-06, ""onsen"": 0.0, ""panties"": 0.000104, ""penguin"": 0.0, ""school_swimsuit"": 4e-06, ""solo"": 0.988463, ""swimsuit"": 0.000556, ""thighhighs"": 0.959635, ""underwear"": 0.001474}",visual_review
bangdream_035_live_event_280_ssr,classified,soft_review,"[""garter_straps"", ""soft_review_tag""]",rendered,src/data/deskpet/bangdream-rendered-resource-audit/rendered/bangdream_035_live_event_280_ssr.png,completed,"{""1girl"": 0.996766, ""2girls"": 0.000364, ""animal"": 7.9e-05, ""animal_focus"": 1e-06, ""bare_shoulders"": 0.021205, ""bikini"": 8e-05, ""bird"": 5.6e-05, ""cleavage"": 0.001657, ""corset"": 0.284753, ""crop_top"": 0.001211, ""dog"": 7e-06, ""faceless"": 6e-06, ""food_focus"": 0.0, ""garter_straps"": 0.870532, ""helmet"": 5.1e-05, ""lingerie"": 7e-06, ""looking_at_viewer"": 0.804685, ""mask"": 0.000189, ""midriff"": 0.000633, ""multiple_girls"": 0.000478, ""navel"": 0.001038, ""no_humans"": 8e-06, ""onsen"": 3e-06, ""panties"": 0.000132, ""penguin"": 2e-06, ""school_swimsuit"": 1.2e-05, ""solo"": 0.989449, ""swimsuit"": 0.000226, ""thighhighs"": 0.912087, ""underwear"": 0.00025}",visual_review
bangdream_035_live_event_288_r,classified,soft_review,"[""crop_top"", ""garter_straps"", ""midriff"", ""navel"", ""soft_review_tag""]",rendered,src/data/deskpet/bangdream-rendered-resource-audit/rendered/bangdream_035_live_event_288_r.png,completed,"{""1girl"": 0.997117, ""2girls"": 0.000247, ""animal"": 1.9e-05, ""animal_focus"": 0.0, ""bare_shoulders"": 0.357333, ""bikini"": 0.000139, ""bird"": 2.3e-05, ""cleavage"": 0.000997, ""corset"": 0.0006, ""crop_top"": 0.905918, ""dog"": 8e-06, ""faceless"": 0.0, ""food_focus"": 0.0, ""garter_straps"": 0.508457, ""helmet"": 0.000174, ""lingerie"": 1.1e-05, ""looking_at_viewer"": 0.837261, ""mask"": 5.4e-05, ""midriff"": 0.941935, ""multiple_girls"": 0.000465, ""navel"": 0.95132, ""no_humans"": 1.2e-05, ""onsen"": 0.0, ""panties"": 0.000225, ""penguin"": 0.0, ""school_swimsuit"": 9e-06, ""solo"": 0.991012, ""swimsuit"": 0.000162, ""thighhighs"": 0.974015, ""underwear"": 0.000624}",visual_review
bangdream_035_live_event_298_ur,classified,soft_review,"[""midriff"", ""soft_review_tag""]",rendered,src/data/deskpet/bangdream-rendered-resource-audit/rendered/bangdream_035_live_event_298_ur.png,completed,"{""1girl"": 0.992717, ""2girls"": 0.00019, ""animal"": 0.000125, ""animal_focus"": 1e-06, ""bare_shoulders"": 0.372669, ""bikini"": 0.000118, ""bird"": 7.2e-05, ""cleavage"": 0.001842, ""corset"": 6.1e-05, ""crop_top"": 0.200462, ""dog"": 6e-06, ""faceless"": 4e-06, ""food_focus"": 0.0, ""garter_straps"": 0.000481, ""helmet"": 2.9e-05, ""lingerie"": 1.2e-05, ""looking_at_viewer"": 0.828669, ""mask"": 3.5e-05, ""midriff"": 0.558178, ""multiple_girls"": 0.000565, ""navel"": 0.38984, ""no_humans"": 5e-06, ""onsen"": 0.0, ""panties"": 0.001174, ""penguin"": 0.0, ""school_swimsuit"": 6e-06, ""solo"": 0.96997, ""swimsuit"": 0.000109, ""thighhighs"": 0.950361, ""underwear"": 0.006215}",visual_review
bangdream_035_live_event_319_ssr,classified,soft_review,"[""garter_straps"", ""soft_review_tag""]",rendered,src/data/deskpet/bangdream-rendered-resource-audit/rendered/bangdream_035_live_event_319_ssr.png,completed,"{""1girl"": 0.990105, ""2girls"": 0.000812, ""animal"": 0.000145, ""animal_focus"": 4e-06, ""bare_shoulders"": 0.002189, ""bikini"": 0.024493, ""bird"": 0.000115, ""cleavage"": 0.001338, ""corset"": 0.00013, ""crop_top"": 0.015057, ""dog"": 2.5e-05, ""faceless"": 1e-05, ""food_focus"": 1e-06, ""garter_straps"": 0.558775, ""helmet"": 4.3e-05, ""lingerie"": 5.3e-05, ""looking_at_viewer"": 0.624786, ""mask"": 0.000138, ""midriff"": 0.004558, ""multiple_girls"": 0.000946, ""navel"": 0.005858, ""no_humans"": 8.9e-05, ""onsen"": 0.0, ""panties"": 0.001215, ""penguin"": 1e-06, ""school_swimsuit"": 0.000125, ""solo"": 0.956323, ""swimsuit"": 0.035496, ""thighhighs"": 0.765454, ""underwear"": 0.004109}",visual_review
bangdream_035_live_event_329_ur,classified,soft_review,"[""garter_straps"", ""soft_review_tag""]",rendered,src/data/deskpet/bangdream-rendered-resource-audit/rendered/bangdream_035_live_event_329_ur.png,completed,"{""1girl"": 0.99766, ""2girls"": 0.000152, ""animal"": 3e-05, ""animal_focus"": 0.0, ""bare_shoulders"": 0.001555, ""bikini"": 4.8e-05, ""bird"": 8.4e-05, ""cleavage"": 0.000306, ""corset"": 0.246752, ""crop_top"": 3.1e-05, ""dog"": 1.1e-05, ""faceless"": 5e-06, ""food_focus"": 0.0, ""garter_straps"": 0.907964, ""helmet"": 2e-05, ""lingerie"": 4.1e-05, ""looking_at_viewer"": 0.845861, ""mask"": 4.1e-05, ""midriff"": 8.6e-05, ""multiple_girls"": 0.000235, ""navel"": 0.000317, ""no_humans"": 6e-06, ""onsen"": 0.0, ""panties"": 0.000129, ""penguin"": 1e-06, ""school_swimsuit"": 8e-06, ""solo"": 0.98613, ""swimsuit"": 0.000247, ""thighhighs"": 0.911352, ""underwear"": 0.000256}",visual_review
bangdream_035_live_r_2022,classified,soft_review,"[""crop_top"", ""midriff"", ""soft_review_tag""]",rendered,src/data/deskpet/bangdream-rendered-resource-audit/rendered/bangdream_035_live_r_2022.png,completed,"{""1girl"": 0.995676, ""2girls"": 0.000212, ""animal"": 1.5e-05, ""animal_focus"": 0.0, ""bare_shoulders"": 0.040948, ""bikini"": 5.5e-05, ""bird"": 3.2e-05, ""cleavage"": 0.000213, ""corset"": 1.5e-05, ""crop_top"": 0.621415, ""dog"": 1.3e-05, ""faceless"": 3e-06, ""food_focus"": 0.0, ""garter_straps"": 0.000112, ""helmet"": 6.1e-05, ""lingerie"": 2e-06, ""looking_at_viewer"": 0.728907, ""mask"": 3.2e-05, ""midriff"": 0.61174, ""multiple_girls"": 0.000321, ""navel"": 0.061081, ""no_humans"": 3.1e-05, ""onsen"": 0.0, ""panties"": 9.5e-05, ""penguin"": 0.0, ""school_swimsuit"": 1e-06, ""solo"": 0.976148, ""swimsuit"": 7.9e-05, ""thighhighs"": 0.002974, ""underwear"": 0.000195}",visual_review
bangdream_035_live_r_2023,classified,soft_review,"[""midriff"", ""soft_review_tag""]",rendered,src/data/deskpet/bangdream-rendered-resource-audit/rendered/bangdream_035_live_r_2023.png,completed,"{""1girl"": 0.998478, ""2girls"": 0.000165, ""animal"": 2.6e-05, ""animal_focus"": 0.0, ""bare_shoulders"": 0.065695, ""bikini"": 0.000167, ""bird"": 6.4e-05, ""cleavage"": 0.000821, ""corset"": 7.7e-05, ""crop_top"": 0.4412, ""dog"": 8e-06, ""faceless"": 3e-06, ""food_focus"": 0.0, ""garter_straps"": 9.7e-05, ""helmet"": 1.6e-05, ""lingerie"": 5e-06, ""looking_at_viewer"": 0.876482, ""mask"": 4.5e-05, ""midriff"": 0.713254, ""multiple_girls"": 0.00022, ""navel"": 0.008896, ""no_humans"": 9e-06, ""onsen"": 0.0, ""panties"": 0.000118, ""penguin"": 1e-06, ""school_swimsuit"": 3e-06, ""solo"": 0.983064, ""swimsuit"": 0.000185, ""thighhighs"": 0.001574, ""underwear"": 0.000718}",visual_review
bangdream_036_collabo_d_3_ur,classified,soft_review,"[""crop_top"", ""navel"", ""soft_review_tag""]",rendered,src/data/deskpet/bangdream-rendered-resource-audit/rendered/bangdream_036_collabo_d_3_ur.png,completed,"{""1girl"": 0.99613, ""2girls"": 0.000277, ""animal"": 9e-06, ""animal_focus"": 1e-06, ""bare_shoulders"": 0.086593, ""bikini"": 0.000333, ""bird"": 5e-05, ""cleavage"": 0.290974, ""corset"": 3e-05, ""crop_top"": 0.823398, ""dog"": 2e-06, ""faceless"": 4e-06, ""food_focus"": 0.0, ""garter_straps"": 0.033264, ""helmet"": 1.1e-05, ""lingerie"": 6e-06, ""looking_at_viewer"": 0.681479, ""mask"": 5.3e-05, ""midriff"": 0.300371, ""multiple_girls"": 0.000383, ""navel"": 0.720378, ""no_humans"": 1.3e-05, ""onsen"": 2e-06, ""panties"": 0.00042, ""penguin"": 2e-06, ""school_swimsuit"": 5e-06, ""solo"": 0.973137, ""swimsuit"": 0.000402, ""thighhighs"": 0.021756, ""underwear"": 0.000801}",visual_review
bangdream_037_dream_festival_3_ur,classified,soft_review,"[""midriff"", ""soft_review_tag""]",rendered,src/data/deskpet/bangdream-rendered-resource-audit/rendered/bangdream_037_dream_festival_3_ur.png,completed,"{""1girl"": 0.997229, ""2girls"": 0.000111, ""animal"": 1.1e-05, ""animal_focus"": 3e-06, ""bare_shoulders"": 0.000524, ""bikini"": 2.5e-05, ""bird"": 0.000123, ""cleavage"": 0.00057, ""corset"": 6.8e-05, ""crop_top"": 0.431501, ""dog"": 3e-06, ""faceless"": 1e-06, ""food_focus"": 0.0, ""garter_straps"": 9e-05, ""helmet"": 2.2e-05, ""lingerie"": 1.3e-05, ""looking_at_viewer"": 0.819994, ""mask"": 3.3e-05, ""midriff"": 0.603015, ""multiple_girls"": 0.000181, ""navel"": 0.016014, ""no_humans"": 2.8e-05, ""onsen"": 0.0, ""panties"": 0.000222, ""penguin"": 9e-06, ""school_swimsuit"": 1e-06, ""solo"": 0.992118, ""swimsuit"": 8e-05, ""thighhighs"": 0.001615, ""underwear"": 0.000912}",visual_review
bangdream_037_live_default,classified,soft_review,"[""midriff"", ""soft_review_tag""]",rendered,src/data/deskpet/bangdream-rendered-resource-audit/rendered/bangdream_037_live_default.png,completed,"{""1girl"": 0.998135, ""2girls"": 9.2e-05, ""animal"": 1e-05, ""animal_focus"": 1e-06, ""bare_shoulders"": 0.000611, ""bikini"": 4.9e-05, ""bird"": 7.4e-05, ""cleavage"": 0.00121, ""corset"": 5.7e-05, ""crop_top"": 0.039354, ""dog"": 1.2e-05, ""faceless"": 5e-06, ""food_focus"": 0.0, ""garter_straps"": 4.2e-05, ""helmet"": 1.4e-05, ""lingerie"": 7e-06, ""looking_at_viewer"": 0.875641, ""mask"": 2.2e-05, ""midriff"": 0.692777, ""multiple_girls"": 0.00017, ""navel"": 0.119876, ""no_humans"": 3e-05, ""onsen"": 0.0, ""panties"": 0.00016, ""penguin"": 2e-06, ""school_swimsuit"": 3e-06, ""solo"": 0.993393, ""swimsuit"": 0.000155, ""thighhighs"": 0.001727, ""underwear"": 0.000426}",visual_review
bangdream_037_live_event_240_sr,classified,soft_review,"[""midriff"", ""soft_review_tag""]",rendered,src/data/deskpet/bangdream-rendered-resource-audit/rendered/bangdream_037_live_event_240_sr.png,completed,"{""1girl"": 0.998202, ""2girls"": 9.5e-05, ""animal"": 1.5e-05, ""animal_focus"": 2e-06, ""bare_shoulders"": 0.000594, ""bikini"": 3.1e-05, ""bird"": 4.8e-05, ""cleavage"": 0.001096, ""corset"": 3.2e-05, ""crop_top"": 0.106059, ""dog"": 2e-06, ""faceless"": 1e-05, ""food_focus"": 0.0, ""garter_straps"": 0.000245, ""helmet"": 2e-05, ""lingerie"": 4e-06, ""looking_at_viewer"": 0.841181, ""mask"": 4e-05, ""midriff"": 0.717018, ""multiple_girls"": 0.000133, ""navel"": 0.141064, ""no_humans"": 1.9e-05, ""onsen"": 0.0, ""panties"": 0.000203, ""penguin"": 3e-06, ""school_swimsuit"": 1e-06, ""solo"": 0.992425, ""swimsuit"": 4.4e-05, ""thighhighs"": 0.977121, ""underwear"": 0.000535}",visual_review
bangdream_037_live_event_297_sr,classified,soft_review,"[""garter_straps"", ""soft_review_tag""]",rendered,src/data/deskpet/bangdream-rendered-resource-audit/rendered/bangdream_037_live_event_297_sr.png,completed,"{""1girl"": 0.997895, ""2girls"": 0.000201, ""animal"": 7e-06, ""animal_focus"": 1e-06, ""bare_shoulders"": 0.110566, ""bikini"": 5e-05, ""bird"": 7.9e-05, ""cleavage"": 0.001105, ""corset"": 0.862526, ""crop_top"": 2.1e-05, ""dog"": 2e-06, ""faceless"": 4e-06, ""food_focus"": 0.0, ""garter_straps"": 0.921454, ""helmet"": 3.3e-05, ""lingerie"": 3.5e-05, ""looking_at_viewer"": 0.782133, ""mask"": 0.000151, ""midriff"": 0.000148, ""multiple_girls"": 0.000196, ""navel"": 0.000283, ""no_humans"": 1.9e-05, ""onsen"": 0.0, ""panties"": 0.000106, ""penguin"": 2e-06, ""school_swimsuit"": 3e-06, ""solo"": 0.993117, ""swimsuit"": 0.000123, ""thighhighs"": 0.953943, ""underwear"": 0.000429}",visual_review
bangdream_037_live_event_313_ur,classified,soft_review,"[""crop_top"", ""midriff"", ""soft_review_tag""]",rendered,src/data/deskpet/bangdream-rendered-resource-audit/rendered/bangdream_037_live_event_313_ur.png,completed,"{""1girl"": 0.997892, ""2girls"": 0.000114, ""animal"": 1.5e-05, ""animal_focus"": 1e-06, ""bare_shoulders"": 0.591804, ""bikini"": 0.000118, ""bird"": 3.9e-05, ""cleavage"": 0.002512, ""corset"": 0.000552, ""crop_top"": 0.661246, ""dog"": 0.0, ""faceless"": 4e-06, ""food_focus"": 0.0, ""garter_straps"": 0.007194, ""helmet"": 1.8e-05, ""lingerie"": 7e-06, ""looking_at_viewer"": 0.756526, ""mask"": 0.000205, ""midriff"": 0.635731, ""multiple_girls"": 0.00014, ""navel"": 0.01189, ""no_humans"": 2.3e-05, ""onsen"": 0.0, ""panties"": 0.000242, ""penguin"": 1e-06, ""school_swimsuit"": 1e-06, ""solo"": 0.985231, ""swimsuit"": 0.000124, ""thighhighs"": 0.005618, ""underwear"": 0.000503}",visual_review
bangdream_038_live_event_240_ur,classified,soft_review,"[""crop_top"", ""midriff"", ""navel"", ""soft_review_tag""]",rendered,src/data/deskpet/bangdream-rendered-resource-audit/rendered/bangdream_038_live_event_240_ur.png,completed,"{""1girl"": 0.997283, ""2girls"": 0.000121, ""animal"": 1e-05, ""animal_focus"": 4e-06, ""bare_shoulders"": 0.117464, ""bikini"": 4.7e-05, ""bird"": 4e-05, ""cleavage"": 0.001877, ""corset"": 1.5e-05, ""crop_top"": 0.565163, ""dog"": 3e-06, ""faceless"": 3e-06, ""food_focus"": 0.0, ""garter_straps"": 0.001647, ""helmet"": 1.6e-05, ""lingerie"": 2.5e-05, ""looking_at_viewer"": 0.867082, ""mask"": 6e-05, ""midriff"": 0.936994, ""multiple_girls"": 0.000151, ""navel"": 0.782584, ""no_humans"": 5.7e-05, ""onsen"": 0.0, ""panties"": 0.000481, ""penguin"": 1e-06, ""school_swimsuit"": 9e-06, ""solo"": 0.990474, ""swimsuit"": 0.000109, ""thighhighs"": 0.130662, ""underwear"": 0.001104}",visual_review
bangdream_038_live_event_286_ur,classified,soft_review,"[""midriff"", ""soft_review_tag""]",rendered,src/data/deskpet/bangdream-rendered-resource-audit/rendered/bangdream_038_live_event_286_ur.png,completed,"{""1girl"": 0.995673, ""2girls"": 0.000151, ""animal"": 2e-05, ""animal_focus"": 2e-06, ""bare_shoulders"": 0.073955, ""bikini"": 6.6e-05, ""bird"": 0.000162, ""cleavage"": 0.001357, ""corset"": 6.5e-05, ""crop_top"": 0.376065, ""dog"": 1.7e-05, ""faceless"": 1e-05, ""food_focus"": 0.0, ""garter_straps"": 0.004401, ""helmet"": 1e-05, ""lingerie"": 2.1e-05, ""looking_at_viewer"": 0.85538, ""mask"": 3.2e-05, ""midriff"": 0.542509, ""multiple_girls"": 0.000158, ""navel"": 0.004601, ""no_humans"": 2e-05, ""onsen"": 0.0, ""panties"": 0.001172, ""penguin"": 4e-06, ""school_swimsuit"": 1.2e-05, ""solo"": 0.986215, ""swimsuit"": 0.00015, ""thighhighs"": 0.004237, ""underwear"": 0.005029}",visual_review
bangdream_038_live_event_297_sr,classified,soft_review,"[""garter_straps"", ""soft_review_tag""]",rendered,src/data/deskpet/bangdream-rendered-resource-audit/rendered/bangdream_038_live_event_297_sr.png,completed,"{""1girl"": 0.997616, ""2girls"": 0.000122, ""animal"": 1.3e-05, ""animal_focus"": 2e-06, ""bare_shoulders"": 0.000352, ""bikini"": 1.7e-05, ""bird"": 3.1e-05, ""cleavage"": 0.00078, ""corset"": 0.005366, ""crop_top"": 4.8e-05, ""dog"": 0.0, ""faceless"": 3e-06, ""food_focus"": 0.0, ""garter_straps"": 0.985344, ""helmet"": 7e-06, ""lingerie"": 7e-06, ""looking_at_viewer"": 0.890004, ""mask"": 0.000135, ""midriff"": 0.000169, ""multiple_girls"": 0.000117, ""navel"": 0.000251, ""no_humans"": 1.4e-05, ""onsen"": 0.0, ""panties"": 9.3e-05, ""penguin"": 0.0, ""school_swimsuit"": 3e-06, ""solo"": 0.993846, ""swimsuit"": 4.1e-05, ""thighhighs"": 0.924284, ""underwear"": 0.000204}",visual_review
bangdream_038_live_event_307_ur,classified,soft_review,"[""crop_top"", ""soft_review_tag""]",rendered,src/data/deskpet/bangdream-rendered-resource-audit/rendered/bangdream_038_live_event_307_ur.png,completed,"{""1girl"": 0.994268, ""2girls"": 0.000243, ""animal"": 9e-06, ""animal_focus"": 2e-06, ""bare_shoulders"": 0.095098, ""bikini"": 6.8e-05, ""bird"": 4.5e-05, ""cleavage"": 0.001974, ""corset"": 2.2e-05, ""crop_top"": 0.787586, ""dog"": 2e-06, ""faceless"": 2e-06, ""food_focus"": 0.0, ""garter_straps"": 0.000351, ""helmet"": 2.9e-05, ""lingerie"": 4.6e-05, ""looking_at_viewer"": 0.747583, ""mask"": 3.8e-05, ""midriff"": 0.185076, ""multiple_girls"": 0.000245, ""navel"": 0.001374, ""no_humans"": 2.3e-05, ""onsen"": 0.0, ""panties"": 0.000991, ""penguin"": 1e-06, ""school_swimsuit"": 4e-06, ""solo"": 0.980209, ""swimsuit"": 0.000128, ""thighhighs"": 0.003977, ""underwear"": 0.002976}",visual_review
bangdream_039_live_event_240_r,classified,soft_review,"[""cleavage"", ""midriff"", ""soft_review_tag""]",rendered,src/data/deskpet/bangdream-rendered-resource-audit/rendered/bangdream_039_live_event_240_r.png,completed,"{""1girl"": 0.998433, ""2girls"": 0.000103, ""animal"": 7e-06, ""animal_focus"": 1e-06, ""bare_shoulders"": 0.112903, ""bikini"": 0.0001, ""bird"": 1.3e-05, ""cleavage"": 0.938722, ""corset"": 0.000193, ""crop_top"": 0.477603, ""dog"": 2e-06, ""faceless"": 6e-06, ""food_focus"": 0.0, ""garter_straps"": 0.000295, ""helmet"": 6.3e-05, ""lingerie"": 1.5e-05, ""looking_at_viewer"": 0.839932, ""mask"": 4.5e-05, ""midriff"": 0.693563, ""multiple_girls"": 0.000136, ""navel"": 0.005643, ""no_humans"": 2.8e-05, ""onsen"": 0.0, ""panties"": 0.000312, ""penguin"": 1e-06, ""school_swimsuit"": 8e-06, ""solo"": 0.98517, ""swimsuit"": 0.000227, ""thighhighs"": 0.001531, ""underwear"": 0.001181}",visual_review
bangdream_039_live_event_286_ssr,classified,soft_review,"[""cleavage"", ""soft_review_tag""]",rendered,src/data/deskpet/bangdream-rendered-resource-audit/rendered/bangdream_039_live_event_286_ssr.png,completed,"{""1girl"": 0.997991, ""2girls"": 0.000169, ""animal"": 1e-05, ""animal_focus"": 0.0, ""bare_shoulders"": 0.000686, ""bikini"": 3.5e-05, ""bird"": 5.6e-05, ""cleavage"": 0.714078, ""corset"": 0.000192, ""crop_top"": 0.001707, ""dog"": 1e-06, ""faceless"": 1e-05, ""food_focus"": 0.0, ""garter_straps"": 0.009179, ""helmet"": 3e-05, ""lingerie"": 1e-05, ""looking_at_viewer"": 0.888367, ""mask"": 3.1e-05, ""midriff"": 0.001627, ""multiple_girls"": 0.00022, ""navel"": 0.000688, ""no_humans"": 1.2e-05, ""onsen"": 0.0, ""panties"": 0.000191, ""penguin"": 2e-06, ""school_swimsuit"": 6e-06, ""solo"": 0.984895, ""swimsuit"": 8.4e-05, ""thighhighs"": 0.002576, ""underwear"": 0.000585}",visual_review
bangdream_039_live_event_289_ur,classified,soft_review,"[""midriff"", ""soft_review_tag""]",rendered,src/data/deskpet/bangdream-rendered-resource-audit/rendered/bangdream_039_live_event_289_ur.png,completed,"{""1girl"": 0.996252, ""2girls"": 0.000249, ""animal"": 0.000152, ""animal_focus"": 1e-06, ""bare_shoulders"": 0.001464, ""bikini"": 5.2e-05, ""bird"": 3.8e-05, ""cleavage"": 0.000905, ""corset"": 8e-06, ""crop_top"": 0.293428, ""dog"": 3e-06, ""faceless"": 2.3e-05, ""food_focus"": 0.0, ""garter_straps"": 8.2e-05, ""helmet"": 4.5e-05, ""lingerie"": 2e-06, ""looking_at_viewer"": 0.820902, ""mask"": 3.1e-05, ""midriff"": 0.705579, ""multiple_girls"": 0.00039, ""navel"": 0.002437, ""no_humans"": 1.3e-05, ""onsen"": 1e-06, ""panties"": 0.000385, ""penguin"": 1e-06, ""school_swimsuit"": 5e-06, ""solo"": 0.984247, ""swimsuit"": 0.000132, ""thighhighs"": 0.002584, ""underwear"": 0.000509}",visual_review
bangdream_040_dream_festival_3_ur,classified,soft_review,"[""cleavage"", ""soft_review_tag""]",rendered,src/data/deskpet/bangdream-rendered-resource-audit/rendered/bangdream_040_dream_festival_3_ur.png,completed,"{""1girl"": 0.997823, ""2girls"": 0.000125, ""animal"": 2e-06, ""animal_focus"": 0.0, ""bare_shoulders"": 0.008979, ""bikini"": 7.2e-05, ""bird"": 1.8e-05, ""cleavage"": 0.970122, ""corset"": 0.017811, ""crop_top"": 0.001451, ""dog"": 1e-06, ""faceless"": 1e-06, ""food_focus"": 0.0, ""garter_straps"": 0.000671, ""helmet"": 1.3e-05, ""lingerie"": 4e-06, ""looking_at_viewer"": 0.870814, ""mask"": 5.3e-05, ""midriff"": 0.003068, ""multiple_girls"": 0.00015, ""navel"": 0.00113, ""no_humans"": 8e-06, ""onsen"": 0.0, ""panties"": 0.000173, ""penguin"": 1e-06, ""school_swimsuit"": 1e-06, ""solo"": 0.992254, ""swimsuit"": 0.000144, ""thighhighs"": 0.001452, ""underwear"": 0.000612}",visual_review
bangdream_040_live_event_240_ur,classified,soft_review,"[""midriff"", ""soft_review_tag""]",rendered,src/data/deskpet/bangdream-rendered-resource-audit/rendered/bangdream_040_live_event_240_ur.png,completed,"{""1girl"": 0.998726, ""2girls"": 6.3e-05, ""animal"": 2e-06, ""animal_focus"": 0.0, ""bare_shoulders"": 0.014657, ""bikini"": 4.5e-05, ""bird"": 0.000125, ""cleavage"": 0.007232, ""corset"": 3e-06, ""crop_top"": 0.157932, ""dog"": 0.0, ""faceless"": 2e-06, ""food_focus"": 0.0, ""garter_straps"": 0.018377, ""helmet"": 8e-06, ""lingerie"": 2e-06, ""looking_at_viewer"": 0.890047, ""mask"": 4.1e-05, ""midriff"": 0.799197, ""multiple_girls"": 0.000116, ""navel"": 0.015838, ""no_humans"": 4e-06, ""onsen"": 0.0, ""panties"": 0.000143, ""penguin"": 2e-06, ""school_swimsuit"": 2e-06, ""solo"": 0.991446, ""swimsuit"": 0.000125, ""thighhighs"": 0.002136, ""underwear"": 0.000752}",visual_review
bangdream_040_live_event_277_ur,classified,soft_review,"[""cleavage"", ""garter_straps"", ""soft_review_tag""]",rendered,src/data/deskpet/bangdream-rendered-resource-audit/rendered/bangdream_040_live_event_277_ur.png,completed,"{""1girl"": 0.999031, ""2girls"": 0.000103, ""animal"": 1.8e-05, ""animal_focus"": 0.0, ""bare_shoulders"": 0.062365, ""bikini"": 0.000139, ""bird"": 7.2e-05, ""cleavage"": 0.955341, ""corset"": 0.000945, ""crop_top"": 0.000681, ""dog"": 4e-06, ""faceless"": 6e-06, ""food_focus"": 0.0, ""garter_straps"": 0.9762, ""helmet"": 9e-06, ""lingerie"": 2.2e-05, ""looking_at_viewer"": 0.828897, ""mask"": 0.000111, ""midriff"": 0.000887, ""multiple_girls"": 0.000155, ""navel"": 0.001282, ""no_humans"": 1e-06, ""onsen"": 0.0, ""panties"": 0.000134, ""penguin"": 2e-06, ""school_swimsuit"": 3e-06, ""solo"": 0.991321, ""swimsuit"": 0.000211, ""thighhighs"": 0.871844, ""underwear"": 0.000303}",visual_review
bangdream_040_live_event_286_r,classified,soft_review,"[""cleavage"", ""midriff"", ""soft_review_tag""]",rendered,src/data/deskpet/bangdream-rendered-resource-audit/rendered/bangdream_040_live_event_286_r.png,completed,"{""1girl"": 0.998403, ""2girls"": 0.000128, ""animal"": 7e-06, ""animal_focus"": 0.0, ""bare_shoulders"": 0.012854, ""bikini"": 0.000141, ""bird"": 4.6e-05, ""cleavage"": 0.95505, ""corset"": 5.5e-05, ""crop_top"": 0.4023, ""dog"": 2e-06, ""faceless"": 5e-06, ""food_focus"": 0.0, ""garter_straps"": 0.000855, ""helmet"": 8e-06, ""lingerie"": 4e-06, ""looking_at_viewer"": 0.876307, ""mask"": 8.2e-05, ""midriff"": 0.771526, ""multiple_girls"": 0.000161, ""navel"": 0.025113, ""no_humans"": 2.3e-05, ""onsen"": 0.0, ""panties"": 0.000179, ""penguin"": 4e-06, ""school_swimsuit"": 5e-06, ""solo"": 0.992212, ""swimsuit"": 0.000279, ""thighhighs"": 0.034775, ""underwear"": 0.000631}",visual_review
bangdream_040_live_event_325_sr,classified,soft_review,"[""cleavage"", ""soft_review_tag""]",rendered,src/data/deskpet/bangdream-rendered-resource-audit/rendered/bangdream_040_live_event_325_sr.png,completed,"{""1girl"": 0.998822, ""2girls"": 0.000101, ""animal"": 2.3e-05, ""animal_focus"": 0.0, ""bare_shoulders"": 0.000722, ""bikini"": 0.000119, ""bird"": 5.8e-05, ""cleavage"": 0.881513, ""corset"": 0.000666, ""crop_top"": 8.1e-05, ""dog"": 6e-06, ""faceless"": 2e-06, ""food_focus"": 0.0, ""garter_straps"": 0.000276, ""helmet"": 8e-06, ""lingerie"": 6.5e-05, ""looking_at_viewer"": 0.894967, ""mask"": 4.5e-05, ""midriff"": 0.000232, ""multiple_girls"": 0.000146, ""navel"": 0.000617, ""no_humans"": 5e-06, ""onsen"": 0.0, ""panties"": 0.000434, ""penguin"": 6e-06, ""school_swimsuit"": 1e-06, ""solo"": 0.994417, ""swimsuit"": 0.000135, ""thighhighs"": 0.085768, ""underwear"": 0.001404}",visual_review
bangdream_upstream_201_casual,out_of_scope,pending,,,,,,pipeline_pending
bangdream_upstream_201_casual-2023,out_of_scope,pending,,,,,,pipeline_pending
bangdream_upstream_201_event_289_story_01,out_of_scope,pending,,,,,,pipeline_pending
bangdream_upstream_201_marina_other-41,out_of_scope,pending,,,,,,pipeline_pending
bangdream_upstream_201_special_5th,out_of_scope,pending,,,,,,pipeline_pending
bangdream_upstream_209_casual,out_of_scope,pending,,,,,,pipeline_pending
bangdream_upstream_209_event_110_story_01,out_of_scope,pending,,,,,,pipeline_pending
bangdream_upstream_209_story_01,out_of_scope,pending,,,,,,pipeline_pending
bangdream_upstream_210_casual,out_of_scope,pending,,,,,,pipeline_pending
bangdream_upstream_211_default,out_of_scope,pending,,,,,,pipeline_pending
bangdream_upstream_212_casual,out_of_scope,pending,,,,,,pipeline_pending
bangdream_upstream_213_casual,out_of_scope,pending,,,,,,pipeline_pending
bangdream_upstream_214_casual,out_of_scope,pending,,,,,,pipeline_pending
bangdream_upstream_214_casual-2023,out_of_scope,pending,,,,,,pipeline_pending
bangdream_upstream_214_event_102_story_01,out_of_scope,pending,,,,,,pipeline_pending
bangdream_upstream_214_event_113_story_01,out_of_scope,pending,,,,,,pipeline_pending
bangdream_upstream_214_event_119_story_01,out_of_scope,pending,,,,,,pipeline_pending
bangdream_upstream_214_event_128_story_01,out_of_scope,pending,,,,,,pipeline_pending
bangdream_upstream_214_event_147_story_01,out_of_scope,pending,,,,,,pipeline_pending
bangdream_upstream_214_event_216_story_01,out_of_scope,pending,,,,,,pipeline_pending
bangdream_upstream_214_school_summer,out_of_scope,pending,,,,,,pipeline_pending
bangdream_upstream_214_school_winter-2023,out_of_scope,pending,,,,,,pipeline_pending
bangdream_upstream_214_school_winter_s2,out_of_scope,pending,,,,,,pipeline_pending
bangdream_upstream_215_casual,out_of_scope,pending,,,,,,pipeline_pending
bangdream_upstream_216_school,out_of_scope,pending,,,,,,pipeline_pending
bangdream_upstream_217_event_40,out_of_scope,pending,,,,,,pipeline_pending
bangdream_upstream_218_live_default,out_of_scope,pending,,,,,,pipeline_pending
bangdream_upstream_218_story_01,out_of_scope,pending,,,,,,pipeline_pending
bangdream_upstream_219_live_default,out_of_scope,pending,,,,,,pipeline_pending
bangdream_upstream_219_story_01,out_of_scope,pending,,,,,,pipeline_pending
bangdream_upstream_220_live_default,out_of_scope,pending,,,,,,pipeline_pending
bangdream_upstream_220_story_01,out_of_scope,pending,,,,,,pipeline_pending
bangdream_upstream_221_story_01,out_of_scope,pending,,,,,,pipeline_pending
bangdream_upstream_222_story_01,out_of_scope,pending,,,,,,pipeline_pending
bangdream_upstream_222_story_01-2023,out_of_scope,pending,,,,,,pipeline_pending
bangdream_upstream_225_casual,out_of_scope,pending,,,,,,pipeline_pending
bangdream_upstream_225_event_289_story_01,out_of_scope,pending,,,,,,pipeline_pending
bangdream_upstream_226_casual,out_of_scope,pending,,,,,,pipeline_pending
bangdream_upstream_227_chairperson_casual,out_of_scope,pending,,,,,,pipeline_pending
bangdream_upstream_228_casual-2023,out_of_scope,pending,,,,,,pipeline_pending
bangdream_upstream_228_school_summer-2023,out_of_scope,pending,,,,,,pipeline_pending
bangdream_upstream_228_school_winter-2023,out_of_scope,pending,,,,,,pipeline_pending
bangdream_upstream_229_sumimi,out_of_scope,pending,,,,,,pipeline_pending
bangdream_upstream_302_anime_live,out_of_scope,pending,,,,,,pipeline_pending
bangdream_upstream_302_casual,out_of_scope,pending,,,,,,pipeline_pending
bangdream_upstream_302_event_04,out_of_scope,pending,,,,,,pipeline_pending
bangdream_upstream_302_school_winter,out_of_scope,pending,,,,,,pipeline_pending
bangdream_upstream_303_casual,out_of_scope,pending,,,,,,pipeline_pending
bangdream_upstream_304_casual,out_of_scope,pending,,,,,,pipeline_pending
bangdream_upstream_304_chispa,out_of_scope,pending,,,,,,pipeline_pending
bangdream_upstream_304_school,out_of_scope,pending,,,,,,pipeline_pending
bangdream_upstream_304_school_summer,out_of_scope,pending,,,,,,pipeline_pending
bangdream_upstream_305_casual,out_of_scope,pending,,,,,,pipeline_pending
bangdream_upstream_307_event_47_story_01,out_of_scope,pending,,,,,,pipeline_pending
bangdream_upstream_308_event_47_story_01,out_of_scope,pending,,,,,,pipeline_pending
bangdream_upstream_309_event_52_yukina-rinko_story01,out_of_scope,pending,,,,,,pipeline_pending
bangdream_upstream_309_event_52_yukina-rinko_story02,out_of_scope,pending,,,,,,pipeline_pending
bangdream_upstream_310_event_218_story_01,out_of_scope,pending,,,,,,pipeline_pending
bangdream_upstream_310_event_62_story_01,out_of_scope,pending,,,,,,pipeline_pending
bangdream_upstream_311_event_62_story_01,out_of_scope,pending,,,,,,pipeline_pending
bangdream_upstream_312_event_62_story_01,out_of_scope,pending,,,,,,pipeline_pending
bangdream_upstream_313_event_294_story_01,out_of_scope,pending,,,,,,pipeline_pending
bangdream_upstream_313_event_62_story_01,out_of_scope,pending,,,,,,pipeline_pending
bangdream_upstream_314_event_62_story_01,out_of_scope,pending,,,,,,pipeline_pending
bangdream_upstream_315_event_70_story_01,out_of_scope,pending,,,,,,pipeline_pending
bangdream_upstream_316_event_77_story_01,out_of_scope,pending,,,,,,pipeline_pending
bangdream_upstream_317_school_winter,out_of_scope,pending,,,,,,pipeline_pending
bangdream_upstream_318_event_81_story_01,out_of_scope,pending,,,,,,pipeline_pending
bangdream_upstream_319_event_81_story_01,out_of_scope,pending,,,,,,pipeline_pending
bangdream_upstream_320_event_100_story_01,out_of_scope,pending,,,,,,pipeline_pending
bangdream_upstream_321_event_100_story_01,out_of_scope,pending,,,,,,pipeline_pending
bangdream_upstream_322_school_winter,out_of_scope,pending,,,,,,pipeline_pending
bangdream_upstream_323_school_winter,out_of_scope,pending,,,,,,pipeline_pending
bangdream_upstream_326_event_134_story_01,out_of_scope,pending,,,,,,pipeline_pending
bangdream_upstream_327_event_134_story_01,out_of_scope,pending,,,,,,pipeline_pending
bangdream_upstream_328_casual,out_of_scope,pending,,,,,,pipeline_pending
bangdream_upstream_329_event_140_story_01,out_of_scope,pending,,,,,,pipeline_pending
bangdream_upstream_330_event_166_story_01,out_of_scope,pending,,,,,,pipeline_pending
bangdream_upstream_331_event_166_story_01,out_of_scope,pending,,,,,,pipeline_pending
bangdream_upstream_332_event_166_story_01,out_of_scope,pending,,,,,,pipeline_pending
bangdream_upstream_333_event_172_story_01,out_of_scope,pending,,,,,,pipeline_pending
bangdream_upstream_334_event_190_story_01,out_of_scope,pending,,,,,,pipeline_pending
bangdream_upstream_335_event_203_story_01,out_of_scope,pending,,,,,,pipeline_pending
bangdream_upstream_336_event_203_story_01,out_of_scope,pending,,,,,,pipeline_pending
bangdream_045_casual-2023,classified,soft_review,"[""cleavage"", ""crop_top"", ""soft_review_tag""]",rendered,src/data/deskpet/bangdream-rendered-resource-audit/rendered/bangdream_045_casual-2023.png,completed,"{""1girl"": 0.998693, ""2girls"": 0.000108, ""animal"": 4e-06, ""animal_focus"": 0.0, ""bare_shoulders"": 0.000701, ""bikini"": 3.3e-05, ""bird"": 4e-06, ""cleavage"": 0.982198, ""corset"": 2.7e-05, ""crop_top"": 0.542831, ""dog"": 0.0, ""faceless"": 0.0, ""food_focus"": 0.0, ""garter_straps"": 2.6e-05, ""helmet"": 2.2e-05, ""lingerie"": 6e-06, ""looking_at_viewer"": 0.902429, ""mask"": 2.5e-05, ""midriff"": 0.486506, ""multiple_girls"": 0.000101, ""navel"": 0.001877, ""no_humans"": 1.3e-05, ""onsen"": 0.0, ""panties"": 0.000203, ""penguin"": 0.0, ""school_swimsuit"": 1e-06, ""solo"": 0.983434, ""swimsuit"": 4.9e-05, ""thighhighs"": 0.000644, ""underwear"": 0.001029}",visual_review
bangdream_044_event_297_story_01,classified,soft_review,"[""garter_straps"", ""soft_review_tag""]",rendered,src/data/deskpet/bangdream-rendered-resource-audit/rendered/bangdream_044_event_297_story_01.png,completed,"{""1girl"": 0.997402, ""2girls"": 0.000138, ""animal"": 5e-06, ""animal_focus"": 0.0, ""bare_shoulders"": 0.000195, ""bikini"": 3e-05, ""bird"": 1.4e-05, ""cleavage"": 0.002103, ""corset"": 0.954692, ""crop_top"": 0.000115, ""dog"": 3e-06, ""faceless"": 3e-06, ""food_focus"": 0.0, ""garter_straps"": 0.992067, ""helmet"": 1e-05, ""lingerie"": 2.4e-05, ""looking_at_viewer"": 0.809311, ""mask"": 0.002686, ""midriff"": 0.000169, ""multiple_girls"": 0.000209, ""navel"": 0.000475, ""no_humans"": 1.5e-05, ""onsen"": 0.0, ""panties"": 0.000131, ""penguin"": 1e-06, ""school_swimsuit"": 2e-06, ""solo"": 0.992929, ""swimsuit"": 5.4e-05, ""thighhighs"": 0.96003, ""underwear"": 0.00037}",visual_review
bangdream_upstream_342_event_236_story_01,out_of_scope,pending,,,,,,pipeline_pending
bangdream_upstream_343_event_286_story_01,out_of_scope,pending,,,,,,pipeline_pending
bangdream_upstream_344_casual-2023,out_of_scope,pending,,,,,,pipeline_pending
bangdream_upstream_345_casual-2023,out_of_scope,pending,,,,,,pipeline_pending
bangdream_upstream_346_event_312_story_01,out_of_scope,pending,,,,,,pipeline_pending
bangdream_upstream_347_event_312_story_01,out_of_scope,pending,,,,,,pipeline_pending
bangdream_upstream_348_event_312_story_01,out_of_scope,pending,,,,,,pipeline_pending
bangdream_upstream_349_event_312_story_01,out_of_scope,pending,,,,,,pipeline_pending
bangdream_upstream_350_event_312_story_01,out_of_scope,pending,,,,,,pipeline_pending
bangdream_upstream_351_event_313_story_01,out_of_scope,pending,,,,,,pipeline_pending
bangdream_upstream_352_event_313_story_01,out_of_scope,pending,,,,,,pipeline_pending
bangdream_upstream_353_event_313_story_01,out_of_scope,pending,,,,,,pipeline_pending
bangdream_upstream_354_event_313_story_01,out_of_scope,pending,,,,,,pipeline_pending
bangdream_upstream_355_event_313_story_01,out_of_scope,pending,,,,,,pipeline_pending
bangdream_upstream_501_story_1,out_of_scope,pending,,,,,,pipeline_pending
bangdream_upstream_502_story_1,out_of_scope,pending,,,,,,pipeline_pending
bangdream_upstream_601_live_default,out_of_scope,pending,,,,,,pipeline_pending
bangdream_upstream_601_live_r_2023,out_of_scope,pending,,,,,,pipeline_pending
bangdream_upstream_bili_001_collabo_r,out_of_scope,pending,,,,,,pipeline_pending
bangdream_upstream_bili_016_collabo_ssr,out_of_scope,pending,,,,,,pipeline_pending
bangdream_upstream_bili_021_collabo_ur,out_of_scope,pending,,,,,,pipeline_pending
bangdream_upstream_bili_026_collabo_ur,out_of_scope,pending,,,,,,pipeline_pending
bangdream_upstream_l2dres00001_,out_of_scope,pending,,,,,,pipeline_pending
